[
    {
        "country": "Польша"
    },
    {
        "country_description": "Польша расположилась в Центральной Европе, в окружении таких стран, как Россия, Беларусь, Германия, Украина, Литва, Чехия и Словакия. На севере к Польше подступает Балтийское море, а на юге ее территории упираются в рельефные хребты Карпат и Судет. Богатейшее прошлое, напоминанием о котором служат шедевры средневекового зодчества, роскошная природа и масса возможностей для разнообразных видов отдыха от пляжного ничегонеделания до экскурсионных марафонов – все эти «тревел-опции» доступны любому гостю, ступившему на польские земли. Кроме того, поездку сюда можно рассматривать как бюджетный аналог путешествий по более «дорогим» европейским странам. И хотя польские замки и костелы слегка уступают в великолепии архитектурным достопримечательностям Германии и Чехии, в плане атмосферности и культурной ценности они легко дадут им фору."
    },
    {
        "img_url_0": "https://wikiway.com/upload/resize_cache/uf/173/1024_300_1/sopot_090.jpg",
        "img_url_1": "https://wikiway.com/upload/resize_cache/uf/3f6/1024_300_1/sopot_089.jpg",
        "img_url_2": "https://wikiway.com/upload/resize_cache/uf/f02/1024_300_1/sopot_088.jpg",
        "img_url_3": "https://wikiway.com/upload/resize_cache/uf/5bf/1024_300_1/sopot_087.jpg",
        "img_url_4": "https://wikiway.com/upload/resize_cache/uf/21a/1024_300_1/sopot_086.jpg",
        "img_url_5": "https://wikiway.com/upload/resize_cache/uf/f15/1024_300_1/sopot_085.jpg",
        "img_url_6": "https://wikiway.com/upload/resize_cache/uf/b26/1024_300_1/sopot_084.jpg",
        "img_url_7": "https://wikiway.com/upload/resize_cache/uf/743/1024_300_1/sopot_083.jpg",
        "img_url_8": "https://wikiway.com/upload/resize_cache/uf/742/1024_300_1/sopot_082.jpg",
        "img_url_9": "https://wikiway.com/upload/resize_cache/uf/f57/1024_300_1/sopot_081.jpg"
    },
    {
        "city_name_1": "Варшава",
        "city_name_2": "Торунь",
        "city_name_3": "Краков",
        "city_name_4": "Катовице",
        "city_name_5": "Гданьск",
        "city_name_6": "Лодзь",
        "city_name_7": "Люблин",
        "city_name_8": "Познань",
        "city_name_9": "Вроцлав",
        "city_name_10": "Сопот",
        "city_name_11": "Величка",
        "city_name_12": "Закопане"
    }
]