[{"city":"Coopers Town","state":"Abaco","country":"Bahamas The"},{"city":"Marsh Harbour","state":"Abaco","country":"Bahamas The"},{"city":"Andros Town","state":"Andros","country":"Bahamas The"},{"city":"Nicholls Town","state":"Andros","country":"Bahamas The"},{"city":"Alice Town","state":"Biminis","country":"Bahamas The"},{"city":"Freetown","state":"Eleuthera","country":"Bahamas The"},{"city":"Rock Sound","state":"Eleuthera","country":"Bahamas The"},{"city":"Pirates Well","state":"Mayaguana","country":"Bahamas The"}]