[{"city":"Guayaramerin","state":"Beni","country":"Bolivia"},{"city":"Magdalena","state":"Beni","country":"Bolivia"},{"city":"Reyes","state":"Beni","country":"Bolivia"},{"city":"Riberalta","state":"Beni","country":"Bolivia"},{"city":"Rurrenabaque","state":"Beni","country":"Bolivia"},{"city":"San Borja","state":"Beni","country":"Bolivia"},{"city":"San Ignacio","state":"Beni","country":"Bolivia"},{"city":"San Ramon","state":"Beni","country":"Bolivia"},{"city":"Santa Ana","state":"Beni","country":"Bolivia"},{"city":"Santa Rosa","state":"Beni","country":"Bolivia"},{"city":"Trinidad","state":"Beni","country":"Bolivia"},{"city":"Camargo","state":"Chuquisaca","country":"Bolivia"},{"city":"Monteagudo","state":"Chuquisaca","country":"Bolivia"},{"city":"Muyupampa","state":"Chuquisaca","country":"Bolivia"},{"city":"Padilla","state":"Chuquisaca","country":"Bolivia"},{"city":"Sucre","state":"Chuquisaca","country":"Bolivia"},{"city":"Tarabuco","state":"Chuquisaca","country":"Bolivia"},{"city":"Villa Serano","state":"Chuquisaca","country":"Bolivia"},{"city":"Aiquile","state":"Cochabamba","country":"Bolivia"},{"city":"Arani","state":"Cochabamba","country":"Bolivia"},{"city":"Capinota","state":"Cochabamba","country":"Bolivia"},{"city":"Chimore","state":"Cochabamba","country":"Bolivia"},{"city":"Cliza","state":"Cochabamba","country":"Bolivia"},{"city":"Cochabamba","state":"Cochabamba","country":"Bolivia"},{"city":"Colomi","state":"Cochabamba","country":"Bolivia"},{"city":"Entre Rios","state":"Cochabamba","country":"Bolivia"},{"city":"Irpa Irpa","state":"Cochabamba","country":"Bolivia"},{"city":"Ivirgarzama","state":"Cochabamba","country":"Bolivia"},{"city":"Mizque","state":"Cochabamba","country":"Bolivia"},{"city":"Punata","state":"Cochabamba","country":"Bolivia"},{"city":"Shinahota","state":"Cochabamba","country":"Bolivia"},{"city":"Sipe Sipe","state":"Cochabamba","country":"Bolivia"},{"city":"Tarata","state":"Cochabamba","country":"Bolivia"},{"city":"Ucurena","state":"Cochabamba","country":"Bolivia"},{"city":"Caracollo","state":"Oruro","country":"Bolivia"},{"city":"Challapata","state":"Oruro","country":"Bolivia"},{"city":"Eucaliptus","state":"Oruro","country":"Bolivia"},{"city":"Huanuni","state":"Oruro","country":"Bolivia"},{"city":"Machacamarca","state":"Oruro","country":"Bolivia"},{"city":"Oruro","state":"Oruro","country":"Bolivia"},{"city":"Poopo","state":"Oruro","country":"Bolivia"},{"city":"Santiago de Huari","state":"Oruro","country":"Bolivia"},{"city":"Totoral","state":"Oruro","country":"Bolivia"},{"city":"Cobija","state":"Pando","country":"Bolivia"},{"city":"Atocha","state":"Potosi","country":"Bolivia"},{"city":"Betanzos","state":"Potosi","country":"Bolivia"},{"city":"Colquechaca","state":"Potosi","country":"Bolivia"},{"city":"Llallagua","state":"Potosi","country":"Bolivia"},{"city":"Potosi","state":"Potosi","country":"Bolivia"},{"city":"Santa Barbara","state":"Potosi","country":"Bolivia"},{"city":"Tupiza","state":"Potosi","country":"Bolivia"},{"city":"Uncia","state":"Potosi","country":"Bolivia"},{"city":"Uyuni","state":"Potosi","country":"Bolivia"},{"city":"Villazon","state":"Potosi","country":"Bolivia"},{"city":"Bermejo","state":"Tarija","country":"Bolivia"},{"city":"Entre Rios","state":"Tarija","country":"Bolivia"},{"city":"San Lorenzo","state":"Tarija","country":"Bolivia"},{"city":"Tarija","state":"Tarija","country":"Bolivia"},{"city":"Villamontes","state":"Tarija","country":"Bolivia"},{"city":"Yacuiba","state":"Tarija","country":"Bolivia"}]