[{"city":"Loudima","state":"Bouenza","country":"Congo"},{"city":"Madingou","state":"Bouenza","country":"Congo"},{"city":"Nkayi","state":"Bouenza","country":"Congo"},{"city":"Brazzaville","state":"Brazzaville","country":"Congo"},{"city":"Ewo","state":"Cuvette","country":"Congo"},{"city":"Kelle","state":"Cuvette","country":"Congo"},{"city":"Makoua","state":"Cuvette","country":"Congo"},{"city":"Mossaka","state":"Cuvette","country":"Congo"},{"city":"Owando","state":"Cuvette","country":"Congo"},{"city":"Loandjili","state":"Kouilou","country":"Congo"},{"city":"Ngamaba-Mfilou","state":"Kouilou","country":"Congo"},{"city":"Pointe Noire","state":"Kouilou","country":"Congo"},{"city":"Sibiti","state":"Lekoumou","country":"Congo"},{"city":"Zanaga","state":"Lekoumou","country":"Congo"},{"city":"Dongou","state":"Likouala","country":"Congo"},{"city":"Epena","state":"Likouala","country":"Congo"},{"city":"Impfondo","state":"Likouala","country":"Congo"},{"city":"Kibangou","state":"Niari","country":"Congo"},{"city":"Loubomo","state":"Niari","country":"Congo"},{"city":"Matsanga","state":"Niari","country":"Congo"},{"city":"Mossendjo","state":"Niari","country":"Congo"},{"city":"Djambala","state":"Plateaux","country":"Congo"},{"city":"Gamboma","state":"Plateaux","country":"Congo"},{"city":"Boko","state":"Pool","country":"Congo"},{"city":"Kinkala","state":"Pool","country":"Congo"},{"city":"Mindouli","state":"Pool","country":"Congo"},{"city":"Ikelemba","state":"Sangha","country":"Congo"},{"city":"Ouesso","state":"Sangha","country":"Congo"},{"city":"Sembe","state":"Sangha","country":"Congo"},{"city":"Souanke","state":"Sangha","country":"Congo"},{"city":"Bandundu","state":"Bandundu","country":"Congo The Democratic Republic Of The"},{"city":"Bolobo","state":"Bandundu","country":"Congo The Democratic Republic Of The"},{"city":"Bulungu","state":"Bandundu","country":"Congo The Democratic Republic Of The"},{"city":"Gungu","state":"Bandundu","country":"Congo The Democratic Republic Of The"},{"city":"Idiofa","state":"Bandundu","country":"Congo The Democratic Republic Of The"},{"city":"Inongo","state":"Bandundu","country":"Congo The Democratic Republic Of The"},{"city":"Kahemba","state":"Bandundu","country":"Congo The Democratic Republic Of The"},{"city":"Kasongo-Lunda","state":"Bandundu","country":"Congo The Democratic Republic Of The"},{"city":"Kenge","state":"Bandundu","country":"Congo The Democratic Republic Of The"},{"city":"Kikwit","state":"Bandundu","country":"Congo The Democratic Republic Of The"},{"city":"Kiri","state":"Bandundu","country":"Congo The Democratic Republic Of The"},{"city":"Kutu","state":"Bandundu","country":"Congo The Democratic Republic Of The"},{"city":"Lusanga","state":"Bandundu","country":"Congo The Democratic Republic Of The"},{"city":"Mangai","state":"Bandundu","country":"Congo The Democratic Republic Of The"},{"city":"Mushie","state":"Bandundu","country":"Congo The Democratic Republic Of The"},{"city":"Nioki","state":"Bandundu","country":"Congo The Democratic Republic Of The"},{"city":"Boma","state":"Bas-Congo","country":"Congo The Democratic Republic Of The"},{"city":"Kasangulu","state":"Bas-Congo","country":"Congo The Democratic Republic Of The"},{"city":"Kimpese","state":"Bas-Congo","country":"Congo The Democratic Republic Of The"},{"city":"Madimba","state":"Bas-Congo","country":"Congo The Democratic Republic Of The"},{"city":"Matadi","state":"Bas-Congo","country":"Congo The Democratic Republic Of The"},{"city":"Mbanza-Ngungu","state":"Bas-Congo","country":"Congo The Democratic Republic Of The"},{"city":"Muanda","state":"Bas-Congo","country":"Congo The Democratic Republic Of The"},{"city":"Tshela","state":"Bas-Congo","country":"Congo The Democratic Republic Of The"},{"city":"Basankusu","state":"Equateur","country":"Congo The Democratic Republic Of The"},{"city":"Binga","state":"Equateur","country":"Congo The Democratic Republic Of The"},{"city":"Bodalangi","state":"Equateur","country":"Congo The Democratic Republic Of The"},{"city":"Boende","state":"Equateur","country":"Congo The Democratic Republic Of The"},{"city":"Bongandanga","state":"Equateur","country":"Congo The Democratic Republic Of The"},{"city":"Bosobolo","state":"Equateur","country":"Congo The Democratic Republic Of The"},{"city":"Bumba","state":"Equateur","country":"Congo The Democratic Republic Of The"},{"city":"Businga","state":"Equateur","country":"Congo The Democratic Republic Of The"},{"city":"Gbadolite","state":"Equateur","country":"Congo The Democratic Republic Of The"},{"city":"Gemena","state":"Equateur","country":"Congo The Democratic Republic Of The"},{"city":"Ikela","state":"Equateur","country":"Congo The Democratic Republic Of The"},{"city":"Libenge","state":"Equateur","country":"Congo The Democratic Republic Of The"},{"city":"Lisala","state":"Equateur","country":"Congo The Democratic Republic Of The"},{"city":"Makanza","state":"Equateur","country":"Congo The Democratic Republic Of The"},{"city":"Mbandaka","state":"Equateur","country":"Congo The Democratic Republic Of The"},{"city":"Mobayi-Mbongo","state":"Equateur","country":"Congo The Democratic Republic Of The"},{"city":"Yakoma","state":"Equateur","country":"Congo The Democratic Republic Of The"},{"city":"Yandongi","state":"Equateur","country":"Congo The Democratic Republic Of The"},{"city":"Yumbi","state":"Equateur","country":"Congo The Democratic Republic Of The"},{"city":"Zongo","state":"Equateur","country":"Congo The Democratic Republic Of The"},{"city":"Aba","state":"Haut-Congo","country":"Congo The Democratic Republic Of The"},{"city":"Aketi","state":"Haut-Congo","country":"Congo The Democratic Republic Of The"},{"city":"Bafwasende","state":"Haut-Congo","country":"Congo The Democratic Republic Of The"},{"city":"Banalia","state":"Haut-Congo","country":"Congo The Democratic Republic Of The"},{"city":"Basoko","state":"Haut-Congo","country":"Congo The Democratic Republic Of The"},{"city":"Bondo","state":"Haut-Congo","country":"Congo The Democratic Republic Of The"},{"city":"Bunia","state":"Haut-Congo","country":"Congo The Democratic Republic Of The"},{"city":"Buta","state":"Haut-Congo","country":"Congo The Democratic Republic Of The"},{"city":"Djugu","state":"Haut-Congo","country":"Congo The Democratic Republic Of The"},{"city":"Faradje","state":"Haut-Congo","country":"Congo The Democratic Republic Of The"},{"city":"Gwane","state":"Haut-Congo","country":"Congo The Democratic Republic Of The"},{"city":"Isiro","state":"Haut-Congo","country":"Congo The Democratic Republic Of The"},{"city":"Itoko","state":"Haut-Congo","country":"Congo The Democratic Republic Of The"},{"city":"Kisangani","state":"Haut-Congo","country":"Congo The Democratic Republic Of The"},{"city":"Mambasa","state":"Haut-Congo","country":"Congo The Democratic Republic Of The"},{"city":"Mongbwalu","state":"Haut-Congo","country":"Congo The Democratic Republic Of The"},{"city":"Niangara","state":"Haut-Congo","country":"Congo The Democratic Republic Of The"},{"city":"Poko","state":"Haut-Congo","country":"Congo The Democratic Republic Of The"},{"city":"Simba","state":"Haut-Congo","country":"Congo The Democratic Republic Of The"},{"city":"Titule","state":"Haut-Congo","country":"Congo The Democratic Republic Of The"},{"city":"Ubundu","state":"Haut-Congo","country":"Congo The Democratic Republic Of The"},{"city":"Wamba","state":"Haut-Congo","country":"Congo The Democratic Republic Of The"},{"city":"Watsa","state":"Haut-Congo","country":"Congo The Democratic Republic Of The"},{"city":"Yangambi","state":"Haut-Congo","country":"Congo The Democratic Republic Of The"},{"city":"Demba","state":"Kasai-Occidental","country":"Congo The Democratic Republic Of The"},{"city":"Dibaya","state":"Kasai-Occidental","country":"Congo The Democratic Republic Of The"},{"city":"Ilebo","state":"Kasai-Occidental","country":"Congo The Democratic Republic Of The"},{"city":"Kananga","state":"Kasai-Occidental","country":"Congo The Democratic Republic Of The"},{"city":"Kazumba","state":"Kasai-Occidental","country":"Congo The Democratic Republic Of The"},{"city":"Luebo","state":"Kasai-Occidental","country":"Congo The Democratic Republic Of The"},{"city":"Mweka","state":"Kasai-Occidental","country":"Congo The Democratic Republic Of The"},{"city":"Tshikapa","state":"Kasai-Occidental","country":"Congo The Democratic Republic Of The"},{"city":"Gandajika","state":"Kasai-Oriental","country":"Congo The Democratic Republic Of The"},{"city":"Kabinda","state":"Kasai-Oriental","country":"Congo The Democratic Republic Of The"},{"city":"Katako-Kombe","state":"Kasai-Oriental","country":"Congo The Democratic Republic Of The"},{"city":"Kole","state":"Kasai-Oriental","country":"Congo The Democratic Republic Of The"},{"city":"Lodja","state":"Kasai-Oriental","country":"Congo The Democratic Republic Of The"},{"city":"Lubao","state":"Kasai-Oriental","country":"Congo The Democratic Republic Of The"},{"city":"Lubefu","state":"Kasai-Oriental","country":"Congo The Democratic Republic Of The"},{"city":"Lusambo","state":"Kasai-Oriental","country":"Congo The Democratic Republic Of The"},{"city":"Mbuji-Mayi","state":"Kasai-Oriental","country":"Congo The Democratic Republic Of The"},{"city":"Mwene-Ditu","state":"Kasai-Oriental","country":"Congo The Democratic Republic Of The"},{"city":"Tshilenge","state":"Kasai-Oriental","country":"Congo The Democratic Republic Of The"},{"city":"Tshofa","state":"Kasai-Oriental","country":"Congo The Democratic Republic Of The"},{"city":"Bukama","state":"Katanga","country":"Congo The Democratic Republic Of The"},{"city":"Dilolo","state":"Katanga","country":"Congo The Democratic Republic Of The"},{"city":"Kabalo","state":"Katanga","country":"Congo The Democratic Republic Of The"},{"city":"Kalemie","state":"Katanga","country":"Congo The Democratic Republic Of The"},{"city":"Kambove","state":"Katanga","country":"Congo The Democratic Republic Of The"},{"city":"Kamina","state":"Katanga","country":"Congo The Democratic Republic Of The"},{"city":"Kaniama","state":"Katanga","country":"Congo The Democratic Republic Of The"},{"city":"Kikondjo","state":"Katanga","country":"Congo The Democratic Republic Of The"},{"city":"Kipushi","state":"Katanga","country":"Congo The Democratic Republic Of The"},{"city":"Kolwezi","state":"Katanga","country":"Congo The Democratic Republic Of The"},{"city":"Kongolo","state":"Katanga","country":"Congo The Democratic Republic Of The"},{"city":"Le Marinel","state":"Katanga","country":"Congo The Democratic Republic Of The"},{"city":"Likasi","state":"Katanga","country":"Congo The Democratic Republic Of The"},{"city":"Lubudi","state":"Katanga","country":"Congo The Democratic Republic Of The"},{"city":"Lubumbashi","state":"Katanga","country":"Congo The Democratic Republic Of The"},{"city":"Malemba-Nkulu","state":"Katanga","country":"Congo The Democratic Republic Of The"},{"city":"Manono","state":"Katanga","country":"Congo The Democratic Republic Of The"},{"city":"Moba","state":"Katanga","country":"Congo The Democratic Republic Of The"},{"city":"Mulongo","state":"Katanga","country":"Congo The Democratic Republic Of The"},{"city":"Mwanza","state":"Katanga","country":"Congo The Democratic Republic Of The"},{"city":"Nyunzu","state":"Katanga","country":"Congo The Democratic Republic Of The"},{"city":"Sakania","state":"Katanga","country":"Congo The Democratic Republic Of The"},{"city":"Shinkolobwe","state":"Katanga","country":"Congo The Democratic Republic Of The"},{"city":"Kinshasa","state":"Kinshasa","country":"Congo The Democratic Republic Of The"},{"city":"Kalima","state":"Maniema","country":"Congo The Democratic Republic Of The"},{"city":"Kasongo","state":"Maniema","country":"Congo The Democratic Republic Of The"},{"city":"Kindu","state":"Maniema","country":"Congo The Democratic Republic Of The"},{"city":"Beni","state":"Nord-Kivu","country":"Congo The Democratic Republic Of The"},{"city":"Butembo","state":"Nord-Kivu","country":"Congo The Democratic Republic Of The"},{"city":"Goma","state":"Nord-Kivu","country":"Congo The Democratic Republic Of The"},{"city":"Bukavu","state":"Sud-Kivu","country":"Congo The Democratic Republic Of The"},{"city":"Kabare","state":"Sud-Kivu","country":"Congo The Democratic Republic Of The"},{"city":"Kama","state":"Sud-Kivu","country":"Congo The Democratic Republic Of The"},{"city":"Kampene","state":"Sud-Kivu","country":"Congo The Democratic Republic Of The"},{"city":"Kibombo","state":"Sud-Kivu","country":"Congo The Democratic Republic Of The"},{"city":"Uvira","state":"Sud-Kivu","country":"Congo The Democratic Republic Of The"}]