[{"city":"Alajuela","state":"Alajuela","country":"Costa Rica"},{"city":"Atenas","state":"Alajuela","country":"Costa Rica"},{"city":"Bijagua","state":"Alajuela","country":"Costa Rica"},{"city":"Buenos Aires","state":"Alajuela","country":"Costa Rica"},{"city":"Carrillos","state":"Alajuela","country":"Costa Rica"},{"city":"Desemparados","state":"Alajuela","country":"Costa Rica"},{"city":"Dos Rios","state":"Alajuela","country":"Costa Rica"},{"city":"Esquipulas","state":"Alajuela","country":"Costa Rica"},{"city":"Florencia","state":"Alajuela","country":"Costa Rica"},{"city":"Fortuna","state":"Alajuela","country":"Costa Rica"},{"city":"Grecia","state":"Alajuela","country":"Costa Rica"},{"city":"Guacimo","state":"Alajuela","country":"Costa Rica"},{"city":"Laguna","state":"Alajuela","country":"Costa Rica"},{"city":"Los Chiles","state":"Alajuela","country":"Costa Rica"},{"city":"Mastate","state":"Alajuela","country":"Costa Rica"},{"city":"Naranjo","state":"Alajuela","country":"Costa Rica"},{"city":"Orotina","state":"Alajuela","country":"Costa Rica"},{"city":"Palmares","state":"Alajuela","country":"Costa Rica"},{"city":"Piedades Norte","state":"Alajuela","country":"Costa Rica"},{"city":"Pital","state":"Alajuela","country":"Costa Rica"},{"city":"Pocosol","state":"Alajuela","country":"Costa Rica"},{"city":"Quesada","state":"Alajuela","country":"Costa Rica"},{"city":"Rio Segundo","state":"Alajuela","country":"Costa Rica"},{"city":"Sabanilla","state":"Alajuela","country":"Costa Rica"},{"city":"San Antonio","state":"Alajuela","country":"Costa Rica"},{"city":"San Jose","state":"Alajuela","country":"Costa Rica"},{"city":"San Juan","state":"Alajuela","country":"Costa Rica"},{"city":"San Mateo","state":"Alajuela","country":"Costa Rica"},{"city":"San Pedro","state":"Alajuela","country":"Costa Rica"},{"city":"San Rafael","state":"Alajuela","country":"Costa Rica"},{"city":"San Ramon","state":"Alajuela","country":"Costa Rica"},{"city":"San Roque","state":"Alajuela","country":"Costa Rica"},{"city":"Santiago","state":"Alajuela","country":"Costa Rica"},{"city":"Sarchi Norte","state":"Alajuela","country":"Costa Rica"},{"city":"Sarchi Sur","state":"Alajuela","country":"Costa Rica"},{"city":"Tigra","state":"Alajuela","country":"Costa Rica"},{"city":"Turricares","state":"Alajuela","country":"Costa Rica"},{"city":"Upala","state":"Alajuela","country":"Costa Rica"},{"city":"Venado","state":"Alajuela","country":"Costa Rica"},{"city":"Zarcero","state":"Alajuela","country":"Costa Rica"},{"city":"Aguacaliente","state":"Cartago","country":"Costa Rica"},{"city":"Capellades","state":"Cartago","country":"Costa Rica"},{"city":"Carmen","state":"Cartago","country":"Costa Rica"},{"city":"Cartago","state":"Cartago","country":"Costa Rica"},{"city":"Concepcion","state":"Cartago","country":"Costa Rica"},{"city":"Cot","state":"Cartago","country":"Costa Rica"},{"city":"Dulce Nombre","state":"Cartago","country":"Costa Rica"},{"city":"El Tejar","state":"Cartago","country":"Costa Rica"},{"city":"Guadalupe","state":"Cartago","country":"Costa Rica"},{"city":"Juan Vinas","state":"Cartago","country":"Costa Rica"},{"city":"La Suiza","state":"Cartago","country":"Costa Rica"},{"city":"Orosi","state":"Cartago","country":"Costa Rica"},{"city":"Pacayas","state":"Cartago","country":"Costa Rica"},{"city":"Paraiso","state":"Cartago","country":"Costa Rica"},{"city":"Pejibaye","state":"Cartago","country":"Costa Rica"},{"city":"San Diego","state":"Cartago","country":"Costa Rica"},{"city":"San Isidro","state":"Cartago","country":"Costa Rica"},{"city":"San Juan","state":"Cartago","country":"Costa Rica"},{"city":"San Nicolas","state":"Cartago","country":"Costa Rica"},{"city":"San Rafael","state":"Cartago","country":"Costa Rica"},{"city":"San Ramon","state":"Cartago","country":"Costa Rica"},{"city":"Tierra Blanca","state":"Cartago","country":"Costa Rica"},{"city":"Tobosi","state":"Cartago","country":"Costa Rica"},{"city":"Tres Rios","state":"Cartago","country":"Costa Rica"},{"city":"Tucurrique","state":"Cartago","country":"Costa Rica"},{"city":"Turrialba","state":"Cartago","country":"Costa Rica"},{"city":"Bagaces","state":"Guanacaste","country":"Costa Rica"},{"city":"Belen","state":"Guanacaste","country":"Costa Rica"},{"city":"Canas","state":"Guanacaste","country":"Costa Rica"},{"city":"Filadeldia","state":"Guanacaste","country":"Costa Rica"},{"city":"Fortuna","state":"Guanacaste","country":"Costa Rica"},{"city":"Hojancha","state":"Guanacaste","country":"Costa Rica"},{"city":"Juntas","state":"Guanacaste","country":"Costa Rica"},{"city":"La Cruz","state":"Guanacaste","country":"Costa Rica"},{"city":"Liberia","state":"Guanacaste","country":"Costa Rica"},{"city":"Mogote","state":"Guanacaste","country":"Costa Rica"},{"city":"Nandayure","state":"Guanacaste","country":"Costa Rica"},{"city":"Nicoya","state":"Guanacaste","country":"Costa Rica"},{"city":"Samara","state":"Guanacaste","country":"Costa Rica"},{"city":"Santa Cruz","state":"Guanacaste","country":"Costa Rica"},{"city":"Sardinal","state":"Guanacaste","country":"Costa Rica"},{"city":"Tilaran","state":"Guanacaste","country":"Costa Rica"},{"city":"Angeles","state":"Heredia","country":"Costa Rica"},{"city":"Asuncion","state":"Heredia","country":"Costa Rica"},{"city":"Barrantes","state":"Heredia","country":"Costa Rica"},{"city":"Barva","state":"Heredia","country":"Costa Rica"},{"city":"Heredia","state":"Heredia","country":"Costa Rica"},{"city":"Horquetas","state":"Heredia","country":"Costa Rica"},{"city":"Llorente","state":"Heredia","country":"Costa Rica"},{"city":"Mercedes","state":"Heredia","country":"Costa Rica"},{"city":"Puerto Viejo","state":"Heredia","country":"Costa Rica"},{"city":"Rivera","state":"Heredia","country":"Costa Rica"},{"city":"San Antonio","state":"Heredia","country":"Costa Rica"},{"city":"San Francisco","state":"Heredia","country":"Costa Rica"},{"city":"San Isidro","state":"Heredia","country":"Costa Rica"},{"city":"San Joaquin","state":"Heredia","country":"Costa Rica"},{"city":"San Jose","state":"Heredia","country":"Costa Rica"},{"city":"San Josecito","state":"Heredia","country":"Costa Rica"},{"city":"San Juan","state":"Heredia","country":"Costa Rica"},{"city":"San Miguel","state":"Heredia","country":"Costa Rica"},{"city":"San Pablo","state":"Heredia","country":"Costa Rica"},{"city":"San Pedro","state":"Heredia","country":"Costa Rica"},{"city":"San Rafael","state":"Heredia","country":"Costa Rica"},{"city":"San Roque","state":"Heredia","country":"Costa Rica"},{"city":"San Vicente","state":"Heredia","country":"Costa Rica"},{"city":"Santa Barbara","state":"Heredia","country":"Costa Rica"},{"city":"Santa Lucia","state":"Heredia","country":"Costa Rica"},{"city":"Santa Rosa","state":"Heredia","country":"Costa Rica"},{"city":"Santiago","state":"Heredia","country":"Costa Rica"},{"city":"Santo Domingo","state":"Heredia","country":"Costa Rica"},{"city":"Santo Tomas","state":"Heredia","country":"Costa Rica"},{"city":"Ulloa","state":"Heredia","country":"Costa Rica"},{"city":"Batan","state":"Limon","country":"Costa Rica"},{"city":"Cahuita","state":"Limon","country":"Costa Rica"},{"city":"Cariari","state":"Limon","country":"Costa Rica"},{"city":"Guacimo","state":"Limon","country":"Costa Rica"},{"city":"Guapiles","state":"Limon","country":"Costa Rica"},{"city":"Jimenez","state":"Limon","country":"Costa Rica"},{"city":"Limon","state":"Limon","country":"Costa Rica"},{"city":"Matina","state":"Limon","country":"Costa Rica"},{"city":"Pocora","state":"Limon","country":"Costa Rica"},{"city":"Rita","state":"Limon","country":"Costa Rica"},{"city":"Roxana","state":"Limon","country":"Costa Rica"},{"city":"Siquirres","state":"Limon","country":"Costa Rica"},{"city":"Sixaola","state":"Limon","country":"Costa Rica"},{"city":"Valle la Estrella","state":"Limon","country":"Costa Rica"},{"city":"Buenos Aires","state":"Puntarenas","country":"Costa Rica"},{"city":"Canoas","state":"Puntarenas","country":"Costa Rica"},{"city":"Chacarita","state":"Puntarenas","country":"Costa Rica"},{"city":"Corredor","state":"Puntarenas","country":"Costa Rica"},{"city":"Esparta","state":"Puntarenas","country":"Costa Rica"},{"city":"Espiritu Santo","state":"Puntarenas","country":"Costa Rica"},{"city":"Golfito","state":"Puntarenas","country":"Costa Rica"},{"city":"Guaycara","state":"Puntarenas","country":"Costa Rica"},{"city":"Jaco","state":"Puntarenas","country":"Costa Rica"},{"city":"La Cuesta","state":"Puntarenas","country":"Costa Rica"},{"city":"Macacona","state":"Puntarenas","country":"Costa Rica"},{"city":"Manzanillo","state":"Puntarenas","country":"Costa Rica"},{"city":"Miramar","state":"Puntarenas","country":"Costa Rica"},{"city":"Palmar","state":"Puntarenas","country":"Costa Rica"},{"city":"Paquera","state":"Puntarenas","country":"Costa Rica"},{"city":"Parrita","state":"Puntarenas","country":"Costa Rica"},{"city":"Puerto Cortes","state":"Puntarenas","country":"Costa Rica"},{"city":"Puerto Jimenez","state":"Puntarenas","country":"Costa Rica"},{"city":"Puntarenas","state":"Puntarenas","country":"Costa Rica"},{"city":"Quepos","state":"Puntarenas","country":"Costa Rica"},{"city":"San Vito","state":"Puntarenas","country":"Costa Rica"}]