[{"city":"Cuenca","state":"Azuay","country":"Ecuador"},{"city":"Gualaceo","state":"Azuay","country":"Ecuador"},{"city":"Guaranda","state":"Bolivar","country":"Ecuador"},{"city":"San Miguel","state":"Bolivar","country":"Ecuador"},{"city":"Azogues","state":"Canar","country":"Ecuador"},{"city":"Canar","state":"Canar","country":"Ecuador"},{"city":"La Troncal","state":"Canar","country":"Ecuador"},{"city":"El Angel","state":"Carchi","country":"Ecuador"},{"city":"San Gabriel","state":"Carchi","country":"Ecuador"},{"city":"Tulcan","state":"Carchi","country":"Ecuador"},{"city":"Alausi","state":"Chimborazo","country":"Ecuador"},{"city":"Guano","state":"Chimborazo","country":"Ecuador"},{"city":"Riobamba","state":"Chimborazo","country":"Ecuador"},{"city":"La Mana","state":"Cotopaxi","country":"Ecuador"},{"city":"Latacunga","state":"Cotopaxi","country":"Ecuador"},{"city":"Pujili","state":"Cotopaxi","country":"Ecuador"},{"city":"San Miguel","state":"Cotopaxi","country":"Ecuador"},{"city":"Saquisili","state":"Cotopaxi","country":"Ecuador"},{"city":"Esmeraldas","state":"Esmeraldas","country":"Ecuador"},{"city":"Muisne","state":"Esmeraldas","country":"Ecuador"},{"city":"Rosa Zarate","state":"Esmeraldas","country":"Ecuador"},{"city":"San Lorenzo","state":"Esmeraldas","country":"Ecuador"},{"city":"Valdez","state":"Esmeraldas","country":"Ecuador"},{"city":"Puerto Ayora","state":"Galapagos","country":"Ecuador"},{"city":"Puerto Baquerizo Moreno","state":"Galapagos","country":"Ecuador"},{"city":"San Cristobal","state":"Galapagos","country":"Ecuador"},{"city":"Alfredo Baquerizo Moreno","state":"Guayas","country":"Ecuador"},{"city":"Balao","state":"Guayas","country":"Ecuador"},{"city":"Balzar","state":"Guayas","country":"Ecuador"},{"city":"Colimes","state":"Guayas","country":"Ecuador"},{"city":"Coronel Mariduena","state":"Guayas","country":"Ecuador"},{"city":"Daule","state":"Guayas","country":"Ecuador"},{"city":"El Salitre","state":"Guayas","country":"Ecuador"},{"city":"El Triunfo","state":"Guayas","country":"Ecuador"},{"city":"Eloy Alfaro","state":"Guayas","country":"Ecuador"},{"city":"Guayaquil","state":"Guayas","country":"Ecuador"},{"city":"La Libertad","state":"Guayas","country":"Ecuador"},{"city":"Lomas de Sargentillo","state":"Guayas","country":"Ecuador"},{"city":"Mapasingue","state":"Guayas","country":"Ecuador"},{"city":"Milagro","state":"Guayas","country":"Ecuador"},{"city":"Naranjal","state":"Guayas","country":"Ecuador"},{"city":"Naranjito","state":"Guayas","country":"Ecuador"},{"city":"Palestina","state":"Guayas","country":"Ecuador"},{"city":"Pedro Carbo","state":"Guayas","country":"Ecuador"},{"city":"Playas","state":"Guayas","country":"Ecuador"},{"city":"Salinas","state":"Guayas","country":"Ecuador"},{"city":"Samborondon","state":"Guayas","country":"Ecuador"},{"city":"Santa Elena","state":"Guayas","country":"Ecuador"},{"city":"Santa Lucia","state":"Guayas","country":"Ecuador"},{"city":"Velasco Ibarra","state":"Guayas","country":"Ecuador"},{"city":"Yaguachi","state":"Guayas","country":"Ecuador"},{"city":"Atuntaqui","state":"Imbabura","country":"Ecuador"},{"city":"Cotacachi","state":"Imbabura","country":"Ecuador"},{"city":"Ibarra","state":"Imbabura","country":"Ecuador"},{"city":"Otavalo","state":"Imbabura","country":"Ecuador"},{"city":"Pimampiro","state":"Imbabura","country":"Ecuador"},{"city":"Alamor","state":"Loja","country":"Ecuador"},{"city":"Cariamanga","state":"Loja","country":"Ecuador"},{"city":"Catacocha","state":"Loja","country":"Ecuador"},{"city":"Catamayo","state":"Loja","country":"Ecuador"},{"city":"Celica","state":"Loja","country":"Ecuador"},{"city":"Loja","state":"Loja","country":"Ecuador"},{"city":"Macara","state":"Loja","country":"Ecuador"},{"city":"Bahia de Caraquez","state":"Manabi","country":"Ecuador"},{"city":"Calceta","state":"Manabi","country":"Ecuador"},{"city":"Chone","state":"Manabi","country":"Ecuador"},{"city":"El Carmen","state":"Manabi","country":"Ecuador"},{"city":"Jipijapa","state":"Manabi","country":"Ecuador"},{"city":"Junin","state":"Manabi","country":"Ecuador"},{"city":"Manta","state":"Manabi","country":"Ecuador"},{"city":"Montecristi","state":"Manabi","country":"Ecuador"},{"city":"Pajan","state":"Manabi","country":"Ecuador"},{"city":"Pedernales","state":"Manabi","country":"Ecuador"},{"city":"Portoviejo","state":"Manabi","country":"Ecuador"},{"city":"Rocafuerte","state":"Manabi","country":"Ecuador"},{"city":"Santa Ana","state":"Manabi","country":"Ecuador"},{"city":"Sucre","state":"Manabi","country":"Ecuador"},{"city":"Tosagua","state":"Manabi","country":"Ecuador"},{"city":"Archidona","state":"Napo","country":"Ecuador"},{"city":"Tena","state":"Napo","country":"Ecuador"},{"city":"Orellana","state":"Orellana","country":"Ecuador"},{"city":"Puyo","state":"Pastaza","country":"Ecuador"},{"city":"Cayambe","state":"Pichincha","country":"Ecuador"},{"city":"Machachi","state":"Pichincha","country":"Ecuador"},{"city":"Quito","state":"Pichincha","country":"Ecuador"},{"city":"Sangolqui","state":"Pichincha","country":"Ecuador"},{"city":"Santo Domingo","state":"Pichincha","country":"Ecuador"},{"city":"Nueva Loja","state":"Sucumbios","country":"Ecuador"},{"city":"Shushufindi","state":"Sucumbios","country":"Ecuador"},{"city":"Ambato","state":"Tungurahua","country":"Ecuador"},{"city":"Banos","state":"Tungurahua","country":"Ecuador"},{"city":"Pelileo","state":"Tungurahua","country":"Ecuador"},{"city":"Pillaro","state":"Tungurahua","country":"Ecuador"}]