[{"city":"Chimaltenango","state":"Chimaltenango","country":"Guatemala"},{"city":"Comalapa","state":"Chimaltenango","country":"Guatemala"},{"city":"Itzapa","state":"Chimaltenango","country":"Guatemala"},{"city":"Patzun","state":"Chimaltenango","country":"Guatemala"},{"city":"Chiquimula","state":"Chiquimula","country":"Guatemala"},{"city":"Esquipulas","state":"Chiquimula","country":"Guatemala"},{"city":"Cotzumalguapa","state":"Escuintla","country":"Guatemala"},{"city":"Escuintla","state":"Escuintla","country":"Guatemala"},{"city":"Palin","state":"Escuintla","country":"Guatemala"},{"city":"San Jose","state":"Escuintla","country":"Guatemala"},{"city":"Tiquisate","state":"Escuintla","country":"Guatemala"},{"city":"Amatitlan","state":"Guatemala","country":"Guatemala"},{"city":"Chinautla","state":"Guatemala","country":"Guatemala"},{"city":"Guatemala","state":"Guatemala","country":"Guatemala"},{"city":"Mixco","state":"Guatemala","country":"Guatemala"},{"city":"Petapa","state":"Guatemala","country":"Guatemala"},{"city":"Villa Nueva","state":"Guatemala","country":"Guatemala"},{"city":"Huehuetenango","state":"Huehuetenango","country":"Guatemala"},{"city":"Puerto Barrios","state":"Izabal","country":"Guatemala"},{"city":"Jalapa","state":"Jalapa","country":"Guatemala"},{"city":"Asuncion Mita","state":"Jutiapa","country":"Guatemala"},{"city":"Jutiapa","state":"Jutiapa","country":"Guatemala"},{"city":"Flores","state":"Peten","country":"Guatemala"},{"city":"San Benito","state":"Peten","country":"Guatemala"},{"city":"Quezaltenango","state":"Quezaltenango","country":"Guatemala"},{"city":"Quiche","state":"Quiche","country":"Guatemala"},{"city":"Retalhuleu","state":"Retalhuleu","country":"Guatemala"},{"city":"Antigua","state":"Sacatepequez","country":"Guatemala"},{"city":"Ciudad Vieja","state":"Sacatepequez","country":"Guatemala"},{"city":"Jocotenango","state":"Sacatepequez","country":"Guatemala"},{"city":"Santa Maria de Jesus","state":"Sacatepequez","country":"Guatemala"},{"city":"Sumpango","state":"Sacatepequez","country":"Guatemala"},{"city":"Atitlan","state":"Solola","country":"Guatemala"},{"city":"Solola","state":"Solola","country":"Guatemala"},{"city":"Mazatenango","state":"Suchitepequez","country":"Guatemala"},{"city":"Totonicapan","state":"Totonicapan","country":"Guatemala"},{"city":"Zacapa","state":"Zacapa","country":"Guatemala"}]