[{"city":"Mabaruma","state":"Barima-Waini","country":"Guyana"},{"city":"Morawhanna","state":"Barima-Waini","country":"Guyana"},{"city":"Bartica","state":"Cuyuni-Mazaruni","country":"Guyana"},{"city":"Issano","state":"Cuyuni-Mazaruni","country":"Guyana"},{"city":"Kamarang","state":"Cuyuni-Mazaruni","country":"Guyana"},{"city":"Georgetown","state":"Demerara-Mahaica","country":"Guyana"},{"city":"Mahaica","state":"Demerara-Mahaica","country":"Guyana"},{"city":"Paradise","state":"Demerara-Mahaica","country":"Guyana"},{"city":"Queenstown","state":"Demerara-Mahaica","country":"Guyana"},{"city":"Fort Wellington","state":"Mahaica-Berbice","country":"Guyana"},{"city":"Mahaicony","state":"Mahaica-Berbice","country":"Guyana"},{"city":"Rosignol","state":"Mahaica-Berbice","country":"Guyana"},{"city":"Anna Regina","state":"Pomeroon-Supenaam","country":"Guyana"},{"city":"Charity","state":"Pomeroon-Supenaam","country":"Guyana"},{"city":"Suddie","state":"Pomeroon-Supenaam","country":"Guyana"},{"city":"Mahdia","state":"Potaro-Siparuni","country":"Guyana"},{"city":"Tumatumari","state":"Potaro-Siparuni","country":"Guyana"}]