[{"city":"Bel Air","state":"Flacq","country":"Mauritius"},{"city":"Bon Accueil","state":"Flacq","country":"Mauritius"},{"city":"Brisee Verdiere","state":"Flacq","country":"Mauritius"},{"city":"Camp Ithier","state":"Flacq","country":"Mauritius"},{"city":"Camp de Masque","state":"Flacq","country":"Mauritius"},{"city":"Camp de Masque Pave","state":"Flacq","country":"Mauritius"},{"city":"Central Flacq","state":"Flacq","country":"Mauritius"},{"city":"Clemencia","state":"Flacq","country":"Mauritius"},{"city":"Ecroignard","state":"Flacq","country":"Mauritius"},{"city":"Grand River South East","state":"Flacq","country":"Mauritius"},{"city":"Lalmatie","state":"Flacq","country":"Mauritius"},{"city":"Laventure","state":"Flacq","country":"Mauritius"},{"city":"Mare La Chaux","state":"Flacq","country":"Mauritius"},{"city":"Medine-Camp de Masque","state":"Flacq","country":"Mauritius"},{"city":"Olivia","state":"Flacq","country":"Mauritius"},{"city":"Poste de Flacq","state":"Flacq","country":"Mauritius"},{"city":"Quatre Cocos","state":"Flacq","country":"Mauritius"},{"city":"Quatre Soeurs","state":"Flacq","country":"Mauritius"},{"city":"Queen Victoria","state":"Flacq","country":"Mauritius"},{"city":"Saint Julien","state":"Flacq","country":"Mauritius"},{"city":"Saint Julien d'Hotman","state":"Flacq","country":"Mauritius"},{"city":"Sebastopol","state":"Flacq","country":"Mauritius"},{"city":"Trou d'Eau Douce","state":"Flacq","country":"Mauritius"},{"city":"Floreal","state":"Floreal","country":"Mauritius"},{"city":"Camp Thorel","state":"Moka","country":"Mauritius"},{"city":"Dagotiere","state":"Moka","country":"Mauritius"},{"city":"Dubreuil","state":"Moka","country":"Mauritius"},{"city":"Esperance","state":"Moka","country":"Mauritius"},{"city":"L'Avenir","state":"Moka","country":"Mauritius"},{"city":"La Laura-Malenga","state":"Moka","country":"Mauritius"},{"city":"Melrose","state":"Moka","country":"Mauritius"},{"city":"Moka","state":"Moka","country":"Mauritius"},{"city":"Montagne Blanche","state":"Moka","country":"Mauritius"},{"city":"Pailles","state":"Moka","country":"Mauritius"},{"city":"Providence","state":"Moka","country":"Mauritius"},{"city":"Quartier Militaire","state":"Moka","country":"Mauritius"},{"city":"Ripailles","state":"Moka","country":"Mauritius"},{"city":"Saint Pierre","state":"Moka","country":"Mauritius"},{"city":"Verdun","state":"Moka","country":"Mauritius"},{"city":"Arsenal","state":"Pamplempousses","country":"Mauritius"},{"city":"Baie du Tombeau","state":"Pamplempousses","country":"Mauritius"},{"city":"Calebasses","state":"Pamplempousses","country":"Mauritius"},{"city":"Congomah","state":"Pamplempousses","country":"Mauritius"},{"city":"Creve Coeur","state":"Pamplempousses","country":"Mauritius"},{"city":"D'Epinay","state":"Pamplempousses","country":"Mauritius"},{"city":"Fond du Sac","state":"Pamplempousses","country":"Mauritius"},{"city":"La Tour Koenig","state":"Pamplempousses","country":"Mauritius"},{"city":"Le Hochet","state":"Pamplempousses","country":"Mauritius"},{"city":"Long Mountain","state":"Pamplempousses","country":"Mauritius"},{"city":"Morcellement Saint Andre","state":"Pamplempousses","country":"Mauritius"},{"city":"Notre Dame","state":"Pamplempousses","country":"Mauritius"},{"city":"Pamplemousse","state":"Pamplempousses","country":"Mauritius"},{"city":"Plaines des Papayes","state":"Pamplempousses","country":"Mauritius"},{"city":"Pointe aux Piments","state":"Pamplempousses","country":"Mauritius"},{"city":"Terre Rouge","state":"Pamplempousses","country":"Mauritius"},{"city":"Triolet","state":"Pamplempousses","country":"Mauritius"},{"city":"Villebague","state":"Pamplempousses","country":"Mauritius"},{"city":"Baie Malgache","state":"Rodrigues","country":"Mauritius"},{"city":"Coromandel-Graviers","state":"Rodrigues","country":"Mauritius"},{"city":"Grand Baie-Montagne Goyaves","state":"Rodrigues","country":"Mauritius"},{"city":"La Ferme","state":"Rodrigues","country":"Mauritius"},{"city":"Lataniers-Mont Lubin","state":"Rodrigues","country":"Mauritius"},{"city":"Mangues-Quatre Vents","state":"Rodrigues","country":"Mauritius"},{"city":"Oyster Bay","state":"Rodrigues","country":"Mauritius"},{"city":"Petit Gabriel","state":"Rodrigues","country":"Mauritius"},{"city":"Piments-Baie Topaze","state":"Rodrigues","country":"Mauritius"},{"city":"Plaine Corail-La Fouche Corail","state":"Rodrigues","country":"Mauritius"},{"city":"Port Mathurin","state":"Rodrigues","country":"Mauritius"},{"city":"Port Sud-Est","state":"Rodrigues","country":"Mauritius"},{"city":"Riviere Cocos","state":"Rodrigues","country":"Mauritius"},{"city":"Roche Bon Dieu-Trefles","state":"Rodrigues","country":"Mauritius"},{"city":"Baie du Cap","state":"Savanne","country":"Mauritius"},{"city":"Bel Ombre","state":"Savanne","country":"Mauritius"},{"city":"Benares","state":"Savanne","country":"Mauritius"},{"city":"Bois Cheri","state":"Savanne","country":"Mauritius"},{"city":"Britannia","state":"Savanne","country":"Mauritius"},{"city":"Camp Diable","state":"Savanne","country":"Mauritius"},{"city":"Chamouny","state":"Savanne","country":"Mauritius"},{"city":"Chemin Grenier","state":"Savanne","country":"Mauritius"},{"city":"Grand Bois","state":"Savanne","country":"Mauritius"},{"city":"Riviere des Anguilles","state":"Savanne","country":"Mauritius"},{"city":"Saint Aubin","state":"Savanne","country":"Mauritius"},{"city":"Souillac","state":"Savanne","country":"Mauritius"},{"city":"Surinam","state":"Savanne","country":"Mauritius"}]