[{"city":"Boaco","state":"Boaco","country":"Nicaragua"},{"city":"Camoapa","state":"Boaco","country":"Nicaragua"},{"city":"San Lorenzo","state":"Boaco","country":"Nicaragua"},{"city":"Diriamba","state":"Carazo","country":"Nicaragua"},{"city":"Dolores","state":"Carazo","country":"Nicaragua"},{"city":"Jinotepe","state":"Carazo","country":"Nicaragua"},{"city":"Masatepe","state":"Carazo","country":"Nicaragua"},{"city":"San Marcos","state":"Carazo","country":"Nicaragua"},{"city":"Santa Teresa","state":"Carazo","country":"Nicaragua"},{"city":"Chichigalpa","state":"Chinandega","country":"Nicaragua"},{"city":"Chinandega","state":"Chinandega","country":"Nicaragua"},{"city":"Corinto","state":"Chinandega","country":"Nicaragua"},{"city":"El Viejo","state":"Chinandega","country":"Nicaragua"},{"city":"Puerto Morazan","state":"Chinandega","country":"Nicaragua"},{"city":"Somotillo","state":"Chinandega","country":"Nicaragua"},{"city":"Acoyapa","state":"Chontales","country":"Nicaragua"},{"city":"Juigalpa","state":"Chontales","country":"Nicaragua"},{"city":"Santo Domingo","state":"Chontales","country":"Nicaragua"},{"city":"Santo Tomas","state":"Chontales","country":"Nicaragua"},{"city":"Villa Sandino","state":"Chontales","country":"Nicaragua"},{"city":"Condega","state":"Esteli","country":"Nicaragua"},{"city":"Esteli","state":"Esteli","country":"Nicaragua"},{"city":"La Trinidad","state":"Esteli","country":"Nicaragua"},{"city":"Diriomo","state":"Granada","country":"Nicaragua"},{"city":"Granada","state":"Granada","country":"Nicaragua"},{"city":"Nandaime","state":"Granada","country":"Nicaragua"},{"city":"Jinotega","state":"Jinotega","country":"Nicaragua"},{"city":"Wiwili","state":"Jinotega","country":"Nicaragua"},{"city":"El Sauce","state":"Leon","country":"Nicaragua"},{"city":"La Paz Centro","state":"Leon","country":"Nicaragua"},{"city":"Larreynaga","state":"Leon","country":"Nicaragua"},{"city":"Leon","state":"Leon","country":"Nicaragua"},{"city":"Nagarote","state":"Leon","country":"Nicaragua"},{"city":"Telica","state":"Leon","country":"Nicaragua"},{"city":"Somoto","state":"Madriz","country":"Nicaragua"},{"city":"Managua","state":"Managua","country":"Nicaragua"},{"city":"Mateare","state":"Managua","country":"Nicaragua"},{"city":"San Rafael del Sur","state":"Managua","country":"Nicaragua"},{"city":"Ticuantepe","state":"Managua","country":"Nicaragua"},{"city":"Tipitapa","state":"Managua","country":"Nicaragua"},{"city":"La Concepcion","state":"Masaya","country":"Nicaragua"},{"city":"Masaya","state":"Masaya","country":"Nicaragua"},{"city":"Nandasmo","state":"Masaya","country":"Nicaragua"},{"city":"Nindiri","state":"Masaya","country":"Nicaragua"},{"city":"Niquinohomo","state":"Masaya","country":"Nicaragua"},{"city":"Ciudad Dario","state":"Matagalpa","country":"Nicaragua"},{"city":"Esquipulas","state":"Matagalpa","country":"Nicaragua"},{"city":"Matagalpa","state":"Matagalpa","country":"Nicaragua"},{"city":"Matiguas","state":"Matagalpa","country":"Nicaragua"},{"city":"Rio Blanco","state":"Matagalpa","country":"Nicaragua"},{"city":"San Isidro","state":"Matagalpa","country":"Nicaragua"},{"city":"Sebaco","state":"Matagalpa","country":"Nicaragua"},{"city":"Belen","state":"Rivas","country":"Nicaragua"},{"city":"Rivas","state":"Rivas","country":"Nicaragua"},{"city":"San Jorge","state":"Rivas","country":"Nicaragua"},{"city":"San Juan del Sur","state":"Rivas","country":"Nicaragua"}]