[{"city":"Bagua Grande","state":"Amazonas","country":"Peru"},{"city":"Cajaruro","state":"Amazonas","country":"Peru"},{"city":"Chachapoyas","state":"Amazonas","country":"Peru"},{"city":"Jazan","state":"Amazonas","country":"Peru"},{"city":"La Peca","state":"Amazonas","country":"Peru"},{"city":"Ancash","state":"Ancash","country":"Peru"},{"city":"Caraz","state":"Ancash","country":"Peru"},{"city":"Carhuaz","state":"Ancash","country":"Peru"},{"city":"Casma","state":"Ancash","country":"Peru"},{"city":"Chimbote","state":"Ancash","country":"Peru"},{"city":"Choishco","state":"Ancash","country":"Peru"},{"city":"Huallanca","state":"Ancash","country":"Peru"},{"city":"Huaraz","state":"Ancash","country":"Peru"},{"city":"Huari","state":"Ancash","country":"Peru"},{"city":"Huarmey","state":"Ancash","country":"Peru"},{"city":"Pomabamba","state":"Ancash","country":"Peru"},{"city":"Santa","state":"Ancash","country":"Peru"},{"city":"Yungay","state":"Ancash","country":"Peru"},{"city":"Abancay","state":"Apurimac","country":"Peru"},{"city":"Andahuaylas","state":"Apurimac","country":"Peru"},{"city":"San Jeronimo","state":"Apurimac","country":"Peru"},{"city":"Talavera","state":"Apurimac","country":"Peru"},{"city":"Acari","state":"Arequipa","country":"Peru"},{"city":"Arequipa","state":"Arequipa","country":"Peru"},{"city":"Camana","state":"Arequipa","country":"Peru"},{"city":"Chivay","state":"Arequipa","country":"Peru"},{"city":"Cocachacra","state":"Arequipa","country":"Peru"},{"city":"Dean Valdivia","state":"Arequipa","country":"Peru"},{"city":"Lluta","state":"Arequipa","country":"Peru"},{"city":"Mollendo","state":"Arequipa","country":"Peru"},{"city":"Nicolas de Pierola","state":"Arequipa","country":"Peru"},{"city":"Orcopampa","state":"Arequipa","country":"Peru"},{"city":"Punta de Bombon","state":"Arequipa","country":"Peru"},{"city":"Rio Grande","state":"Arequipa","country":"Peru"},{"city":"Yura","state":"Arequipa","country":"Peru"},{"city":"Ayacucho","state":"Ayacucho","country":"Peru"},{"city":"Ayna","state":"Ayacucho","country":"Peru"},{"city":"Coracora","state":"Ayacucho","country":"Peru"},{"city":"Huanta","state":"Ayacucho","country":"Peru"},{"city":"Puquio","state":"Ayacucho","country":"Peru"},{"city":"San Miguel","state":"Ayacucho","country":"Peru"},{"city":"Santa Rosa","state":"Ayacucho","country":"Peru"},{"city":"Silvia","state":"Ayacucho","country":"Peru"},{"city":"Tambo","state":"Ayacucho","country":"Peru"},{"city":"Bambamarca","state":"Cajamarca","country":"Peru"},{"city":"Bellavista","state":"Cajamarca","country":"Peru"},{"city":"Cajabamba","state":"Cajamarca","country":"Peru"},{"city":"Cajamarca","state":"Cajamarca","country":"Peru"},{"city":"Celendin","state":"Cajamarca","country":"Peru"},{"city":"Chota","state":"Cajamarca","country":"Peru"},{"city":"Cutervo","state":"Cajamarca","country":"Peru"},{"city":"Jaen","state":"Cajamarca","country":"Peru"},{"city":"Pedro Galvez","state":"Cajamarca","country":"Peru"},{"city":"Pucara","state":"Cajamarca","country":"Peru"},{"city":"San Ignacio","state":"Cajamarca","country":"Peru"},{"city":"Santa Cruz","state":"Cajamarca","country":"Peru"},{"city":"Yonan","state":"Cajamarca","country":"Peru"},{"city":"Anta","state":"Cusco","country":"Peru"},{"city":"Calca","state":"Cusco","country":"Peru"},{"city":"Cusco","state":"Cusco","country":"Peru"},{"city":"Espinar","state":"Cusco","country":"Peru"},{"city":"Oropesa","state":"Cusco","country":"Peru"},{"city":"Quillabamba","state":"Cusco","country":"Peru"},{"city":"Santa Ana","state":"Cusco","country":"Peru"},{"city":"Santo Tomas","state":"Cusco","country":"Peru"},{"city":"Sicuani","state":"Cusco","country":"Peru"},{"city":"Urcos","state":"Cusco","country":"Peru"},{"city":"Urubamba","state":"Cusco","country":"Peru"},{"city":"Huancavelica","state":"Huancavelica","country":"Peru"},{"city":"Lircay","state":"Huancavelica","country":"Peru"},{"city":"Pampas","state":"Huancavelica","country":"Peru"},{"city":"Ambos","state":"Huanuco","country":"Peru"},{"city":"Huanuco","state":"Huanuco","country":"Peru"},{"city":"Jose Crespo y Castillo","state":"Huanuco","country":"Peru"},{"city":"La Union","state":"Huanuco","country":"Peru"},{"city":"Llata","state":"Huanuco","country":"Peru"},{"city":"Rupa-Rupa","state":"Huanuco","country":"Peru"},{"city":"San Miguel de Cauri","state":"Huanuco","country":"Peru"},{"city":"Tingo Maria","state":"Huanuco","country":"Peru"},{"city":"Chincha Alta","state":"Ica","country":"Peru"},{"city":"Ica","state":"Ica","country":"Peru"},{"city":"Los Aquijes","state":"Ica","country":"Peru"},{"city":"Marcona","state":"Ica","country":"Peru"},{"city":"Nazca","state":"Ica","country":"Peru"},{"city":"Pachacutec","state":"Ica","country":"Peru"},{"city":"Palpa","state":"Ica","country":"Peru"},{"city":"Pisco","state":"Ica","country":"Peru"},{"city":"Salas","state":"Ica","country":"Peru"},{"city":"San Andres","state":"Ica","country":"Peru"},{"city":"San Clemente","state":"Ica","country":"Peru"},{"city":"San Juan Bautista","state":"Ica","country":"Peru"},{"city":"Santiago","state":"Ica","country":"Peru"},{"city":"Subtanjalla","state":"Ica","country":"Peru"},{"city":"Tupac Amaru Inca","state":"Ica","country":"Peru"},{"city":"Vista Alegre","state":"Ica","country":"Peru"},{"city":"Acobamba","state":"Junin","country":"Peru"},{"city":"Acolla","state":"Junin","country":"Peru"},{"city":"Carhuamayo","state":"Junin","country":"Peru"},{"city":"Chanchamayo","state":"Junin","country":"Peru"},{"city":"Chupaca","state":"Junin","country":"Peru"},{"city":"Concepcion","state":"Junin","country":"Peru"},{"city":"Huancayo","state":"Junin","country":"Peru"},{"city":"Huasahuasi","state":"Junin","country":"Peru"},{"city":"Huayucachi","state":"Junin","country":"Peru"},{"city":"Jauja","state":"Junin","country":"Peru"},{"city":"Junin","state":"Junin","country":"Peru"},{"city":"La Oroya","state":"Junin","country":"Peru"},{"city":"Mazamari","state":"Junin","country":"Peru"},{"city":"Morococha","state":"Junin","country":"Peru"},{"city":"Orcotuna","state":"Junin","country":"Peru"},{"city":"Pangoa","state":"Junin","country":"Peru"},{"city":"Perene","state":"Junin","country":"Peru"},{"city":"Pichanaqui","state":"Junin","country":"Peru"},{"city":"Pilcomayo","state":"Junin","country":"Peru"},{"city":"San Agustin","state":"Junin","country":"Peru"},{"city":"San Jeronimo de Tunan","state":"Junin","country":"Peru"},{"city":"San Pedro de Cajas","state":"Junin","country":"Peru"},{"city":"San Ramon","state":"Junin","country":"Peru"},{"city":"Santa Rosa de Saco","state":"Junin","country":"Peru"},{"city":"Satipo","state":"Junin","country":"Peru"},{"city":"Sicaya","state":"Junin","country":"Peru"},{"city":"Tarma","state":"Junin","country":"Peru"},{"city":"Yauli","state":"Junin","country":"Peru"},{"city":"Yauya","state":"Junin","country":"Peru"},{"city":"Chiclayo","state":"Lambayeque","country":"Peru"},{"city":"Chongoyape","state":"Lambayeque","country":"Peru"},{"city":"Eten","state":"Lambayeque","country":"Peru"},{"city":"Ferrenafe","state":"Lambayeque","country":"Peru"},{"city":"Illimo","state":"Lambayeque","country":"Peru"},{"city":"Jayanca","state":"Lambayeque","country":"Peru"},{"city":"Lagunas","state":"Lambayeque","country":"Peru"},{"city":"Lambayeque","state":"Lambayeque","country":"Peru"},{"city":"Manuel Mesones Muro","state":"Lambayeque","country":"Peru"},{"city":"Mochumi","state":"Lambayeque","country":"Peru"},{"city":"Monsefu","state":"Lambayeque","country":"Peru"},{"city":"Morrope","state":"Lambayeque","country":"Peru"},{"city":"Motupe","state":"Lambayeque","country":"Peru"},{"city":"Olmos","state":"Lambayeque","country":"Peru"},{"city":"Oyotun","state":"Lambayeque","country":"Peru"},{"city":"Picsi","state":"Lambayeque","country":"Peru"},{"city":"Pimentel","state":"Lambayeque","country":"Peru"},{"city":"Pueblo Nuevo","state":"Lambayeque","country":"Peru"},{"city":"Reque","state":"Lambayeque","country":"Peru"},{"city":"San Jose","state":"Lambayeque","country":"Peru"},{"city":"Sana","state":"Lambayeque","country":"Peru"},{"city":"Santa Rosa","state":"Lambayeque","country":"Peru"},{"city":"Tucume","state":"Lambayeque","country":"Peru"},{"city":"Barranca","state":"Loreto","country":"Peru"},{"city":"Contamana","state":"Loreto","country":"Peru"},{"city":"Fernando Lores","state":"Loreto","country":"Peru"},{"city":"Iquitos","state":"Loreto","country":"Peru"},{"city":"Lagunas","state":"Loreto","country":"Peru"},{"city":"Nauta","state":"Loreto","country":"Peru"},{"city":"Paucarpata","state":"Loreto","country":"Peru"},{"city":"Ramon Castilla","state":"Loreto","country":"Peru"},{"city":"Requena","state":"Loreto","country":"Peru"},{"city":"Saquena","state":"Loreto","country":"Peru"},{"city":"Vargas Guerra","state":"Loreto","country":"Peru"},{"city":"Yurimaguas","state":"Loreto","country":"Peru"},{"city":"Ilo","state":"Moquegua","country":"Peru"},{"city":"Moquegua","state":"Moquegua","country":"Peru"},{"city":"Pacocha","state":"Moquegua","country":"Peru"},{"city":"Torata","state":"Moquegua","country":"Peru"},{"city":"Cerro de Pasco","state":"Pasco","country":"Peru"},{"city":"Chaupimarca","state":"Pasco","country":"Peru"},{"city":"Oxapampa","state":"Pasco","country":"Peru"},{"city":"Paucartambo","state":"Pasco","country":"Peru"},{"city":"Simon Bolivar","state":"Pasco","country":"Peru"},{"city":"Tinyahuarco","state":"Pasco","country":"Peru"},{"city":"Villa Rica","state":"Pasco","country":"Peru"},{"city":"Yanacancha","state":"Pasco","country":"Peru"},{"city":"Yanahuanca","state":"Pasco","country":"Peru"},{"city":"Ayabaca","state":"Piura","country":"Peru"},{"city":"Bernal","state":"Piura","country":"Peru"},{"city":"Buenos Aires","state":"Piura","country":"Peru"},{"city":"Catacaos","state":"Piura","country":"Peru"},{"city":"Chulucanas","state":"Piura","country":"Peru"},{"city":"Colan","state":"Piura","country":"Peru"},{"city":"Cura Mori","state":"Piura","country":"Peru"},{"city":"El Alto","state":"Piura","country":"Peru"},{"city":"Huancabamba","state":"Piura","country":"Peru"},{"city":"Ignacio Escudero","state":"Piura","country":"Peru"},{"city":"La Arena","state":"Piura","country":"Peru"},{"city":"La Brea","state":"Piura","country":"Peru"},{"city":"La Huaca","state":"Piura","country":"Peru"},{"city":"La Matanza","state":"Piura","country":"Peru"},{"city":"La Union","state":"Piura","country":"Peru"},{"city":"Las Lomas","state":"Piura","country":"Peru"},{"city":"Los Organos","state":"Piura","country":"Peru"},{"city":"Mancora","state":"Piura","country":"Peru"},{"city":"Marcavelica","state":"Piura","country":"Peru"},{"city":"Morropon","state":"Piura","country":"Peru"},{"city":"Paita","state":"Piura","country":"Peru"},{"city":"Piura","state":"Piura","country":"Peru"},{"city":"Querecotillo","state":"Piura","country":"Peru"},{"city":"Salitral","state":"Piura","country":"Peru"},{"city":"San Juan de Bigote","state":"Piura","country":"Peru"},{"city":"Sechura","state":"Piura","country":"Peru"},{"city":"Sullana","state":"Piura","country":"Peru"},{"city":"Talara","state":"Piura","country":"Peru"},{"city":"Tamarindo","state":"Piura","country":"Peru"},{"city":"Tambo Grande","state":"Piura","country":"Peru"},{"city":"Vice","state":"Piura","country":"Peru"},{"city":"Vichayal","state":"Piura","country":"Peru"},{"city":"Ayaviri","state":"Puno","country":"Peru"},{"city":"Azangaro","state":"Puno","country":"Peru"},{"city":"Desaguadero","state":"Puno","country":"Peru"},{"city":"Huancane","state":"Puno","country":"Peru"},{"city":"Ilave","state":"Puno","country":"Peru"},{"city":"Juli","state":"Puno","country":"Peru"},{"city":"Juliaca","state":"Puno","country":"Peru"},{"city":"Lampa","state":"Puno","country":"Peru"},{"city":"Macusani","state":"Puno","country":"Peru"},{"city":"Nunoa","state":"Puno","country":"Peru"},{"city":"Puno","state":"Puno","country":"Peru"},{"city":"Putina","state":"Puno","country":"Peru"},{"city":"Santa Lucia","state":"Puno","country":"Peru"},{"city":"Yanahuara","state":"Puno","country":"Peru"},{"city":"Yunguyo","state":"Puno","country":"Peru"},{"city":"Ilabaya","state":"Tacna","country":"Peru"},{"city":"Tacna","state":"Tacna","country":"Peru"},{"city":"Tarata","state":"Tacna","country":"Peru"},{"city":"Aguas Verdes","state":"Tumbes","country":"Peru"},{"city":"Corrales","state":"Tumbes","country":"Peru"},{"city":"La Cruz","state":"Tumbes","country":"Peru"},{"city":"Papayal","state":"Tumbes","country":"Peru"},{"city":"San Jacinto","state":"Tumbes","country":"Peru"},{"city":"Tumbes","state":"Tumbes","country":"Peru"},{"city":"Zarumilla","state":"Tumbes","country":"Peru"},{"city":"Zorritos","state":"Tumbes","country":"Peru"},{"city":"Campoverde","state":"Ucayali","country":"Peru"},{"city":"Padre Abad","state":"Ucayali","country":"Peru"},{"city":"Pucallpa","state":"Ucayali","country":"Peru"},{"city":"Raymondi","state":"Ucayali","country":"Peru"}]