[{"city":"Fabryczna","state":"Dobroszyce","country":"Poland"},{"city":"Bielawa","state":"Dolnoslaskie","country":"Poland"},{"city":"Bogatynia","state":"Dolnoslaskie","country":"Poland"},{"city":"Boguszow-Gorce","state":"Dolnoslaskie","country":"Poland"},{"city":"Boleslawiec","state":"Dolnoslaskie","country":"Poland"},{"city":"Brzeg Dolny","state":"Dolnoslaskie","country":"Poland"},{"city":"Bystrzyca Klodzka","state":"Dolnoslaskie","country":"Poland"},{"city":"Chojnow","state":"Dolnoslaskie","country":"Poland"},{"city":"Dzierzoniow","state":"Dolnoslaskie","country":"Poland"},{"city":"Glogow","state":"Dolnoslaskie","country":"Poland"},{"city":"Gora","state":"Dolnoslaskie","country":"Poland"},{"city":"Jawor","state":"Dolnoslaskie","country":"Poland"},{"city":"Jelcz-Laskowice","state":"Dolnoslaskie","country":"Poland"},{"city":"Jelenia Gora","state":"Dolnoslaskie","country":"Poland"},{"city":"Kamienna Gora","state":"Dolnoslaskie","country":"Poland"},{"city":"Klodzko","state":"Dolnoslaskie","country":"Poland"},{"city":"Kowary","state":"Dolnoslaskie","country":"Poland"},{"city":"Kudowa-Zdroj","state":"Dolnoslaskie","country":"Poland"},{"city":"Legnica","state":"Dolnoslaskie","country":"Poland"},{"city":"Luban","state":"Dolnoslaskie","country":"Poland"},{"city":"Lubin","state":"Dolnoslaskie","country":"Poland"},{"city":"Lwowek Slaski","state":"Dolnoslaskie","country":"Poland"},{"city":"Milicz","state":"Dolnoslaskie","country":"Poland"},{"city":"Nowa Ruda","state":"Dolnoslaskie","country":"Poland"},{"city":"Olawa","state":"Dolnoslaskie","country":"Poland"},{"city":"Olesnica","state":"Dolnoslaskie","country":"Poland"},{"city":"Piechowice","state":"Dolnoslaskie","country":"Poland"},{"city":"Pieszyce","state":"Dolnoslaskie","country":"Poland"},{"city":"Polkowice","state":"Dolnoslaskie","country":"Poland"},{"city":"Strzegom","state":"Dolnoslaskie","country":"Poland"},{"city":"Strzelin","state":"Dolnoslaskie","country":"Poland"},{"city":"Swidnica","state":"Dolnoslaskie","country":"Poland"},{"city":"Swiebodzice","state":"Dolnoslaskie","country":"Poland"},{"city":"Sycow","state":"Dolnoslaskie","country":"Poland"},{"city":"Trzebnica","state":"Dolnoslaskie","country":"Poland"},{"city":"Walbrzych","state":"Dolnoslaskie","country":"Poland"},{"city":"Wolow","state":"Dolnoslaskie","country":"Poland"},{"city":"Wroclaw","state":"Dolnoslaskie","country":"Poland"},{"city":"Zabkowice Slaskie","state":"Dolnoslaskie","country":"Poland"},{"city":"Zgorzelec","state":"Dolnoslaskie","country":"Poland"},{"city":"Ziebice","state":"Dolnoslaskie","country":"Poland"},{"city":"Zlotoryja","state":"Dolnoslaskie","country":"Poland"},{"city":"Hopowo","state":"Hopowo","country":"Poland"},{"city":"Chwaszczyno","state":"Kartuzy","country":"Poland"},{"city":"Smigiel","state":"Koscian","country":"Poland"},{"city":"Jerzmanowice","state":"Krakow","country":"Poland"},{"city":"Zabierzow","state":"Krakow","country":"Poland"},{"city":"Aleksandrow Kujawski","state":"Kujawsko-Pomorskie","country":"Poland"},{"city":"Brodnica","state":"Kujawsko-Pomorskie","country":"Poland"},{"city":"Bydgoszcz","state":"Kujawsko-Pomorskie","country":"Poland"},{"city":"Chelmno","state":"Kujawsko-Pomorskie","country":"Poland"},{"city":"Chelmza","state":"Kujawsko-Pomorskie","country":"Poland"},{"city":"Ciechocinek","state":"Kujawsko-Pomorskie","country":"Poland"},{"city":"Golub-Dobrzyn","state":"Kujawsko-Pomorskie","country":"Poland"},{"city":"Grudziadz","state":"Kujawsko-Pomorskie","country":"Poland"},{"city":"Inowroclaw","state":"Kujawsko-Pomorskie","country":"Poland"},{"city":"Janikowo","state":"Kujawsko-Pomorskie","country":"Poland"},{"city":"Koronowo","state":"Kujawsko-Pomorskie","country":"Poland"},{"city":"Kruszwica","state":"Kujawsko-Pomorskie","country":"Poland"},{"city":"Lipno","state":"Kujawsko-Pomorskie","country":"Poland"},{"city":"Mogilno","state":"Kujawsko-Pomorskie","country":"Poland"},{"city":"Naklo nad Notecia","state":"Kujawsko-Pomorskie","country":"Poland"},{"city":"Radziejow","state":"Kujawsko-Pomorskie","country":"Poland"},{"city":"Rypin","state":"Kujawsko-Pomorskie","country":"Poland"},{"city":"Sepolno Krajenskie","state":"Kujawsko-Pomorskie","country":"Poland"},{"city":"Solec Kujawski","state":"Kujawsko-Pomorskie","country":"Poland"},{"city":"Swiecie","state":"Kujawsko-Pomorskie","country":"Poland"},{"city":"Szubin","state":"Kujawsko-Pomorskie","country":"Poland"},{"city":"Torun","state":"Kujawsko-Pomorskie","country":"Poland"},{"city":"Tuchola","state":"Kujawsko-Pomorskie","country":"Poland"},{"city":"Wabrzezno","state":"Kujawsko-Pomorskie","country":"Poland"},{"city":"Wloclawek","state":"Kujawsko-Pomorskie","country":"Poland"},{"city":"Znin","state":"Kujawsko-Pomorskie","country":"Poland"},{"city":"Aleksandrow Lodzki","state":"Lodzkie","country":"Poland"},{"city":"Belchatow","state":"Lodzkie","country":"Poland"},{"city":"Bratoszewice","state":"Lodzkie","country":"Poland"},{"city":"Brzeziny","state":"Lodzkie","country":"Poland"},{"city":"Glowno","state":"Lodzkie","country":"Poland"},{"city":"Koluszki","state":"Lodzkie","country":"Poland"},{"city":"Konstantynow Lodzki","state":"Lodzkie","country":"Poland"},{"city":"Kutno","state":"Lodzkie","country":"Poland"},{"city":"Lask","state":"Lodzkie","country":"Poland"},{"city":"Leczyca","state":"Lodzkie","country":"Poland"},{"city":"Lodz","state":"Lodzkie","country":"Poland"},{"city":"Lowicz","state":"Lodzkie","country":"Poland"},{"city":"Opoczno","state":"Lodzkie","country":"Poland"},{"city":"Ozorkow","state":"Lodzkie","country":"Poland"},{"city":"Pabianice","state":"Lodzkie","country":"Poland"},{"city":"Piotrkow Trybunalski","state":"Lodzkie","country":"Poland"},{"city":"Radomsko","state":"Lodzkie","country":"Poland"},{"city":"Rawa Mazowiecka","state":"Lodzkie","country":"Poland"},{"city":"Sieradz","state":"Lodzkie","country":"Poland"},{"city":"Skierniewice","state":"Lodzkie","country":"Poland"},{"city":"Tomaszow Mazowiecki","state":"Lodzkie","country":"Poland"},{"city":"Tuszyn","state":"Lodzkie","country":"Poland"},{"city":"Wielun","state":"Lodzkie","country":"Poland"},{"city":"Zdunska Wola","state":"Lodzkie","country":"Poland"},{"city":"Zgierz","state":"Lodzkie","country":"Poland"},{"city":"Zychlin","state":"Lodzkie","country":"Poland"},{"city":"Biala Podlaska","state":"Lubelskie","country":"Poland"},{"city":"Bilgoraj","state":"Lubelskie","country":"Poland"},{"city":"Chelm","state":"Lubelskie","country":"Poland"},{"city":"Deblin","state":"Lubelskie","country":"Poland"},{"city":"Hrubieszow","state":"Lubelskie","country":"Poland"},{"city":"Janow Lubelski","state":"Lubelskie","country":"Poland"},{"city":"Krasnik","state":"Lubelskie","country":"Poland"},{"city":"Krasnystaw","state":"Lubelskie","country":"Poland"},{"city":"Leczna","state":"Lubelskie","country":"Poland"},{"city":"Lubartow","state":"Lubelskie","country":"Poland"},{"city":"Lublin","state":"Lubelskie","country":"Poland"},{"city":"Lukow","state":"Lubelskie","country":"Poland"},{"city":"Miedzyrzec Podlaski","state":"Lubelskie","country":"Poland"},{"city":"Opole Lubelskie","state":"Lubelskie","country":"Poland"},{"city":"Parczew","state":"Lubelskie","country":"Poland"},{"city":"Poniatowa","state":"Lubelskie","country":"Poland"},{"city":"Pulawy","state":"Lubelskie","country":"Poland"},{"city":"Radzyn Podlaski","state":"Lubelskie","country":"Poland"},{"city":"Ryki","state":"Lubelskie","country":"Poland"},{"city":"Swidnik","state":"Lubelskie","country":"Poland"},{"city":"Tomaszow Lubelski","state":"Lubelskie","country":"Poland"},{"city":"Wlodawa","state":"Lubelskie","country":"Poland"},{"city":"Zamosc","state":"Lubelskie","country":"Poland"},{"city":"Drezdenko","state":"Lubuskie","country":"Poland"},{"city":"Gorzow Wielkopolski","state":"Lubuskie","country":"Poland"},{"city":"Gubin","state":"Lubuskie","country":"Poland"},{"city":"Kostrzyn","state":"Lubuskie","country":"Poland"},{"city":"Kozuchow","state":"Lubuskie","country":"Poland"},{"city":"Krosno Odrzanskie","state":"Lubuskie","country":"Poland"},{"city":"Lubsko","state":"Lubuskie","country":"Poland"},{"city":"Miedzyrzecz","state":"Lubuskie","country":"Poland"},{"city":"Nowa Sol","state":"Lubuskie","country":"Poland"},{"city":"Skwierzyna","state":"Lubuskie","country":"Poland"},{"city":"Slubice","state":"Lubuskie","country":"Poland"},{"city":"Strzelce Krajenskie","state":"Lubuskie","country":"Poland"},{"city":"Sulechow","state":"Lubuskie","country":"Poland"},{"city":"Sulecin","state":"Lubuskie","country":"Poland"},{"city":"Swiebodzin","state":"Lubuskie","country":"Poland"},{"city":"Szprotawa","state":"Lubuskie","country":"Poland"},{"city":"Wschowa","state":"Lubuskie","country":"Poland"},{"city":"Zagan","state":"Lubuskie","country":"Poland"},{"city":"Zary","state":"Lubuskie","country":"Poland"},{"city":"Zielona Gora","state":"Lubuskie","country":"Poland"},{"city":"Malomice","state":"Malomice","country":"Poland"},{"city":"Andrychow","state":"Malopolskie","country":"Poland"},{"city":"Bochnia","state":"Malopolskie","country":"Poland"},{"city":"Brzesko","state":"Malopolskie","country":"Poland"},{"city":"Brzeszcze","state":"Malopolskie","country":"Poland"},{"city":"Bukowno","state":"Malopolskie","country":"Poland"},{"city":"Chelmek","state":"Malopolskie","country":"Poland"},{"city":"Chrzanow","state":"Malopolskie","country":"Poland"},{"city":"Dabrowa Tarnowska","state":"Malopolskie","country":"Poland"},{"city":"Gorlice","state":"Malopolskie","country":"Poland"},{"city":"Kety","state":"Malopolskie","country":"Poland"},{"city":"Krakow","state":"Malopolskie","country":"Poland"},{"city":"Krynica","state":"Malopolskie","country":"Poland"},{"city":"Krzeszowice","state":"Malopolskie","country":"Poland"},{"city":"Libiaz","state":"Malopolskie","country":"Poland"},{"city":"Limanowa","state":"Malopolskie","country":"Poland"},{"city":"Miechow","state":"Malopolskie","country":"Poland"},{"city":"Myslenice","state":"Malopolskie","country":"Poland"},{"city":"Nowy Sacz","state":"Malopolskie","country":"Poland"},{"city":"Nowy Targ","state":"Malopolskie","country":"Poland"},{"city":"Olkusz","state":"Malopolskie","country":"Poland"},{"city":"Oswiecim","state":"Malopolskie","country":"Poland"},{"city":"Poronin","state":"Malopolskie","country":"Poland"},{"city":"Rabka","state":"Malopolskie","country":"Poland"},{"city":"Skawina","state":"Malopolskie","country":"Poland"},{"city":"Stary Sacz","state":"Malopolskie","country":"Poland"},{"city":"Sucha Beskidzka","state":"Malopolskie","country":"Poland"},{"city":"Tarnow","state":"Malopolskie","country":"Poland"},{"city":"Trzebinia","state":"Malopolskie","country":"Poland"},{"city":"Wadowice","state":"Malopolskie","country":"Poland"},{"city":"Wieliczka","state":"Malopolskie","country":"Poland"},{"city":"Wolbrom","state":"Malopolskie","country":"Poland"},{"city":"Zakopane","state":"Malopolskie","country":"Poland"},{"city":"Blonie","state":"Mazowieckie","country":"Poland"},{"city":"Brwinow","state":"Mazowieckie","country":"Poland"},{"city":"Ciechanow","state":"Mazowieckie","country":"Poland"},{"city":"Garwolin","state":"Mazowieckie","country":"Poland"},{"city":"Gora Kalwaria","state":"Mazowieckie","country":"Poland"},{"city":"Gostynin","state":"Mazowieckie","country":"Poland"},{"city":"Grodzisk Mazowiecki","state":"Mazowieckie","country":"Poland"},{"city":"Grojec","state":"Mazowieckie","country":"Poland"},{"city":"Jozefow","state":"Mazowieckie","country":"Poland"},{"city":"Karczew","state":"Mazowieckie","country":"Poland"},{"city":"Kobylka","state":"Mazowieckie","country":"Poland"},{"city":"Konstancin-Jeziorna","state":"Mazowieckie","country":"Poland"},{"city":"Kozienice","state":"Mazowieckie","country":"Poland"},{"city":"Legionowo","state":"Mazowieckie","country":"Poland"},{"city":"Lomianki","state":"Mazowieckie","country":"Poland"},{"city":"Makow Mazowiecki","state":"Mazowieckie","country":"Poland"},{"city":"Marki","state":"Mazowieckie","country":"Poland"},{"city":"Milanowek","state":"Mazowieckie","country":"Poland"},{"city":"Minsk Mazowiecki","state":"Mazowieckie","country":"Poland"},{"city":"Mlawa","state":"Mazowieckie","country":"Poland"},{"city":"Nowy Dwor Mazowiecki","state":"Mazowieckie","country":"Poland"},{"city":"Ostroleka","state":"Mazowieckie","country":"Poland"},{"city":"Ostrow Mazowiecka","state":"Mazowieckie","country":"Poland"},{"city":"Otwock","state":"Mazowieckie","country":"Poland"},{"city":"Piaseczno","state":"Mazowieckie","country":"Poland"},{"city":"Piastow","state":"Mazowieckie","country":"Poland"},{"city":"Pionki","state":"Mazowieckie","country":"Poland"},{"city":"Plock","state":"Mazowieckie","country":"Poland"},{"city":"Plonsk","state":"Mazowieckie","country":"Poland"},{"city":"Pruszkow","state":"Mazowieckie","country":"Poland"},{"city":"Przasnysz","state":"Mazowieckie","country":"Poland"},{"city":"Pultusk","state":"Mazowieckie","country":"Poland"},{"city":"Radom","state":"Mazowieckie","country":"Poland"},{"city":"Siedlce","state":"Mazowieckie","country":"Poland"},{"city":"Sierpc","state":"Mazowieckie","country":"Poland"},{"city":"Sochaczew","state":"Mazowieckie","country":"Poland"},{"city":"Sokolow Podlaski","state":"Mazowieckie","country":"Poland"},{"city":"Sulejowek","state":"Mazowieckie","country":"Poland"},{"city":"Szydlowiec","state":"Mazowieckie","country":"Poland"},{"city":"Warka","state":"Mazowieckie","country":"Poland"},{"city":"Warszawa","state":"Mazowieckie","country":"Poland"},{"city":"Wegrow","state":"Mazowieckie","country":"Poland"},{"city":"Wesola","state":"Mazowieckie","country":"Poland"},{"city":"Wolomin","state":"Mazowieckie","country":"Poland"},{"city":"Wyszkow","state":"Mazowieckie","country":"Poland"},{"city":"Zabki","state":"Mazowieckie","country":"Poland"},{"city":"Zielonka","state":"Mazowieckie","country":"Poland"},{"city":"Zyrardow","state":"Mazowieckie","country":"Poland"},{"city":"Dlugoteka","state":"Mirkow","country":"Poland"},{"city":"Brzeg","state":"Opolskie","country":"Poland"},{"city":"Glubczyce","state":"Opolskie","country":"Poland"},{"city":"Glucholazy","state":"Opolskie","country":"Poland"},{"city":"Grodkow","state":"Opolskie","country":"Poland"},{"city":"Kedzierzyn-Kozle","state":"Opolskie","country":"Poland"},{"city":"Kluczbork","state":"Opolskie","country":"Poland"},{"city":"Krapkowice","state":"Opolskie","country":"Poland"},{"city":"Namyslow","state":"Opolskie","country":"Poland"},{"city":"Niemodlin","state":"Opolskie","country":"Poland"},{"city":"Nysa","state":"Opolskie","country":"Poland"},{"city":"Olesno","state":"Opolskie","country":"Poland"},{"city":"Opole","state":"Opolskie","country":"Poland"},{"city":"Ozimek","state":"Opolskie","country":"Poland"},{"city":"Prudnik","state":"Opolskie","country":"Poland"},{"city":"Strzelce Opolskie","state":"Opolskie","country":"Poland"},{"city":"Zawadzkie","state":"Opolskie","country":"Poland"},{"city":"Zdzieszowice","state":"Opolskie","country":"Poland"},{"city":"Cmielow","state":"Ostrowiec","country":"Poland"},{"city":"Debica","state":"Podkarpackie","country":"Poland"},{"city":"Jaroslaw","state":"Podkarpackie","country":"Poland"},{"city":"Jaslo","state":"Podkarpackie","country":"Poland"},{"city":"Krosno","state":"Podkarpackie","country":"Poland"},{"city":"Lancut","state":"Podkarpackie","country":"Poland"},{"city":"Lezajsk","state":"Podkarpackie","country":"Poland"},{"city":"Lubaczow","state":"Podkarpackie","country":"Poland"},{"city":"Mielec","state":"Podkarpackie","country":"Poland"},{"city":"Nisko","state":"Podkarpackie","country":"Poland"},{"city":"Nowa Deba","state":"Podkarpackie","country":"Poland"},{"city":"Przemysl","state":"Podkarpackie","country":"Poland"},{"city":"Przeworsk","state":"Podkarpackie","country":"Poland"},{"city":"Ropczyce","state":"Podkarpackie","country":"Poland"},{"city":"Rzeszow","state":"Podkarpackie","country":"Poland"},{"city":"Sanok","state":"Podkarpackie","country":"Poland"},{"city":"Stalowa Wola","state":"Podkarpackie","country":"Poland"},{"city":"Tarnobrzeg","state":"Podkarpackie","country":"Poland"},{"city":"Ustrzyki Dolne","state":"Podkarpackie","country":"Poland"},{"city":"Augustow","state":"Podlaskie","country":"Poland"},{"city":"Bialystok","state":"Podlaskie","country":"Poland"},{"city":"Bielsk Podlaski","state":"Podlaskie","country":"Poland"},{"city":"Czarna Bialostocka","state":"Podlaskie","country":"Poland"},{"city":"Grajewo","state":"Podlaskie","country":"Poland"},{"city":"Hajnowka","state":"Podlaskie","country":"Poland"},{"city":"Kolno","state":"Podlaskie","country":"Poland"},{"city":"Lapy","state":"Podlaskie","country":"Poland"},{"city":"Lomza","state":"Podlaskie","country":"Poland"},{"city":"Monki","state":"Podlaskie","country":"Poland"},{"city":"Siemiatycze","state":"Podlaskie","country":"Poland"},{"city":"Sokolka","state":"Podlaskie","country":"Poland"},{"city":"Suwalki","state":"Podlaskie","country":"Poland"},{"city":"Wysokie Mazowieckie","state":"Podlaskie","country":"Poland"},{"city":"Zambrow","state":"Podlaskie","country":"Poland"},{"city":"Bogumilowice","state":"Polska","country":"Poland"},{"city":"Bytow","state":"Pomorskie","country":"Poland"},{"city":"Chojnice","state":"Pomorskie","country":"Poland"},{"city":"Czersk","state":"Pomorskie","country":"Poland"},{"city":"Czluchow","state":"Pomorskie","country":"Poland"},{"city":"Gdansk","state":"Pomorskie","country":"Poland"},{"city":"Gdynia","state":"Pomorskie","country":"Poland"},{"city":"Kartuzy","state":"Pomorskie","country":"Poland"},{"city":"Koscierzyna","state":"Pomorskie","country":"Poland"},{"city":"Kwidzyn","state":"Pomorskie","country":"Poland"},{"city":"Lebork","state":"Pomorskie","country":"Poland"},{"city":"Malbork","state":"Pomorskie","country":"Poland"},{"city":"Miastko","state":"Pomorskie","country":"Poland"},{"city":"Nowy Dwor Gdanski","state":"Pomorskie","country":"Poland"},{"city":"Pruszcz Gdanski","state":"Pomorskie","country":"Poland"},{"city":"Puck","state":"Pomorskie","country":"Poland"},{"city":"Reda","state":"Pomorskie","country":"Poland"},{"city":"Rumia","state":"Pomorskie","country":"Poland"},{"city":"Slupsk","state":"Pomorskie","country":"Poland"},{"city":"Sopot","state":"Pomorskie","country":"Poland"},{"city":"Starogard Gdanski","state":"Pomorskie","country":"Poland"},{"city":"Sztum","state":"Pomorskie","country":"Poland"},{"city":"Tczew","state":"Pomorskie","country":"Poland"},{"city":"Ustka","state":"Pomorskie","country":"Poland"},{"city":"Wejherowo","state":"Pomorskie","country":"Poland"},{"city":"Wladyslawowo","state":"Pomorskie","country":"Poland"},{"city":"Komorniki","state":"Poznan","country":"Poland"},{"city":"Steszew","state":"Poznan","country":"Poland"},{"city":"Raszyn","state":"Pruszkow","country":"Poland"},{"city":"Rymanowska","state":"Rymanowska","country":"Poland"},{"city":"Glogow Malopolski","state":"Rzeszow","country":"Poland"},{"city":"Bedzin","state":"Slaskie","country":"Poland"},{"city":"Bielsko-Biala","state":"Slaskie","country":"Poland"},{"city":"Bierun","state":"Slaskie","country":"Poland"},{"city":"Blachowania","state":"Slaskie","country":"Poland"},{"city":"Bytom","state":"Slaskie","country":"Poland"},{"city":"Chorzow","state":"Slaskie","country":"Poland"},{"city":"Cieszyn","state":"Slaskie","country":"Poland"},{"city":"Czechowice-Dziedzice","state":"Slaskie","country":"Poland"},{"city":"Czeladz","state":"Slaskie","country":"Poland"},{"city":"Czerwionka-Leszczyny","state":"Slaskie","country":"Poland"},{"city":"Czestochowa","state":"Slaskie","country":"Poland"},{"city":"Dabrowa Gornicza","state":"Slaskie","country":"Poland"},{"city":"Gliwice","state":"Slaskie","country":"Poland"},{"city":"Jastrzebie-Zdroj","state":"Slaskie","country":"Poland"},{"city":"Jaworzno","state":"Slaskie","country":"Poland"},{"city":"Kalety","state":"Slaskie","country":"Poland"},{"city":"Katowice","state":"Slaskie","country":"Poland"},{"city":"Klobuck","state":"Slaskie","country":"Poland"},{"city":"Knurow","state":"Slaskie","country":"Poland"},{"city":"Laziska Gorne","state":"Slaskie","country":"Poland"},{"city":"Ledziny","state":"Slaskie","country":"Poland"},{"city":"Lubliniec","state":"Slaskie","country":"Poland"},{"city":"Mikolow","state":"Slaskie","country":"Poland"},{"city":"Myslowice","state":"Slaskie","country":"Poland"},{"city":"Myszkow","state":"Slaskie","country":"Poland"},{"city":"Orzesze","state":"Slaskie","country":"Poland"},{"city":"Piekary Slaskie","state":"Slaskie","country":"Poland"},{"city":"Poreba","state":"Slaskie","country":"Poland"},{"city":"Pszczyna","state":"Slaskie","country":"Poland"},{"city":"Pszow","state":"Slaskie","country":"Poland"},{"city":"Pyskowice","state":"Slaskie","country":"Poland"},{"city":"Raciborz","state":"Slaskie","country":"Poland"},{"city":"Radlin","state":"Slaskie","country":"Poland"},{"city":"Radzionkow","state":"Slaskie","country":"Poland"},{"city":"Ruda Slaska","state":"Slaskie","country":"Poland"},{"city":"Rybnik","state":"Slaskie","country":"Poland"},{"city":"Rydultowy","state":"Slaskie","country":"Poland"},{"city":"Siemianowice Slaskie","state":"Slaskie","country":"Poland"},{"city":"Skoczow","state":"Slaskie","country":"Poland"},{"city":"Sosnowiec","state":"Slaskie","country":"Poland"},{"city":"Swietochlowice","state":"Slaskie","country":"Poland"},{"city":"Tarnowskie Gory","state":"Slaskie","country":"Poland"},{"city":"Tychy","state":"Slaskie","country":"Poland"},{"city":"Ustron","state":"Slaskie","country":"Poland"},{"city":"Wisla","state":"Slaskie","country":"Poland"},{"city":"Wodzislaw Slaski","state":"Slaskie","country":"Poland"},{"city":"Wojkowice","state":"Slaskie","country":"Poland"},{"city":"Zabrze","state":"Slaskie","country":"Poland"},{"city":"Zawiercie","state":"Slaskie","country":"Poland"},{"city":"Zory","state":"Slaskie","country":"Poland"},{"city":"Zywiec","state":"Slaskie","country":"Poland"},{"city":"Busko-Zdroj","state":"Swietokrzyskie","country":"Poland"},{"city":"Jedrzejow","state":"Swietokrzyskie","country":"Poland"},{"city":"Kielce","state":"Swietokrzyskie","country":"Poland"},{"city":"Konskie","state":"Swietokrzyskie","country":"Poland"},{"city":"Ostrowiec Swietokrzyski","state":"Swietokrzyskie","country":"Poland"},{"city":"Pinczow","state":"Swietokrzyskie","country":"Poland"},{"city":"Polaniec","state":"Swietokrzyskie","country":"Poland"},{"city":"Sandomierz","state":"Swietokrzyskie","country":"Poland"},{"city":"Skarzysko-Kamienna","state":"Swietokrzyskie","country":"Poland"},{"city":"Starachowice","state":"Swietokrzyskie","country":"Poland"},{"city":"Staszow","state":"Swietokrzyskie","country":"Poland"},{"city":"Suchedniow","state":"Swietokrzyskie","country":"Poland"},{"city":"Wloszczowa","state":"Swietokrzyskie","country":"Poland"},{"city":"Bartoszyce","state":"Warminsko-Mazurskie","country":"Poland"},{"city":"Biskupiec","state":"Warminsko-Mazurskie","country":"Poland"},{"city":"Braniewo","state":"Warminsko-Mazurskie","country":"Poland"},{"city":"Dobre Miasto","state":"Warminsko-Mazurskie","country":"Poland"},{"city":"Dzialdowo","state":"Warminsko-Mazurskie","country":"Poland"},{"city":"Elblag","state":"Warminsko-Mazurskie","country":"Poland"},{"city":"Elk","state":"Warminsko-Mazurskie","country":"Poland"},{"city":"Gizycko","state":"Warminsko-Mazurskie","country":"Poland"},{"city":"Goldap","state":"Warminsko-Mazurskie","country":"Poland"},{"city":"Ilawa","state":"Warminsko-Mazurskie","country":"Poland"},{"city":"Ketrzyn","state":"Warminsko-Mazurskie","country":"Poland"},{"city":"Lidzbark Warminski","state":"Warminsko-Mazurskie","country":"Poland"},{"city":"Lubawa","state":"Warminsko-Mazurskie","country":"Poland"},{"city":"Morag","state":"Warminsko-Mazurskie","country":"Poland"},{"city":"Mragowo","state":"Warminsko-Mazurskie","country":"Poland"},{"city":"Nidzica","state":"Warminsko-Mazurskie","country":"Poland"},{"city":"Nowe Miasto Lubawskie","state":"Warminsko-Mazurskie","country":"Poland"},{"city":"Olecko","state":"Warminsko-Mazurskie","country":"Poland"},{"city":"Olsztyn","state":"Warminsko-Mazurskie","country":"Poland"},{"city":"Orneta","state":"Warminsko-Mazurskie","country":"Poland"},{"city":"Ostroda","state":"Warminsko-Mazurskie","country":"Poland"},{"city":"Paslek","state":"Warminsko-Mazurskie","country":"Poland"},{"city":"Pisz","state":"Warminsko-Mazurskie","country":"Poland"},{"city":"Szczytno","state":"Warminsko-Mazurskie","country":"Poland"},{"city":"Wegorzewo","state":"Warminsko-Mazurskie","country":"Poland"},{"city":"Nadarzyn","state":"Warsaw","country":"Poland"},{"city":"Szemud","state":"Warsaw","country":"Poland"},{"city":"Warsaw","state":"Warsaw","country":"Poland"},{"city":"Goscicino","state":"Wejherowo","country":"Poland"},{"city":"Chodziez","state":"Wielkopolskie","country":"Poland"},{"city":"Czarnkow","state":"Wielkopolskie","country":"Poland"},{"city":"Gniezno","state":"Wielkopolskie","country":"Poland"},{"city":"Gostyn","state":"Wielkopolskie","country":"Poland"},{"city":"Grodzisk Wielkopolski","state":"Wielkopolskie","country":"Poland"},{"city":"Jarocin","state":"Wielkopolskie","country":"Poland"},{"city":"Kalisz","state":"Wielkopolskie","country":"Poland"},{"city":"Kepno","state":"Wielkopolskie","country":"Poland"},{"city":"Kolo","state":"Wielkopolskie","country":"Poland"},{"city":"Konin","state":"Wielkopolskie","country":"Poland"},{"city":"Koscian","state":"Wielkopolskie","country":"Poland"},{"city":"Krotoszyn","state":"Wielkopolskie","country":"Poland"},{"city":"Leszno","state":"Wielkopolskie","country":"Poland"},{"city":"Lubon","state":"Wielkopolskie","country":"Poland"},{"city":"Miedzychod","state":"Wielkopolskie","country":"Poland"},{"city":"Mosina","state":"Wielkopolskie","country":"Poland"},{"city":"Murowana Goslina","state":"Wielkopolskie","country":"Poland"},{"city":"Nowy Tomysl","state":"Wielkopolskie","country":"Poland"},{"city":"Oborniki","state":"Wielkopolskie","country":"Poland"},{"city":"Opalenica","state":"Wielkopolskie","country":"Poland"},{"city":"Ostrow Wielkopolski","state":"Wielkopolskie","country":"Poland"},{"city":"Ostrzeszow","state":"Wielkopolskie","country":"Poland"},{"city":"Pila","state":"Wielkopolskie","country":"Poland"},{"city":"Pleszew","state":"Wielkopolskie","country":"Poland"},{"city":"Poznan","state":"Wielkopolskie","country":"Poland"},{"city":"Rawicz","state":"Wielkopolskie","country":"Poland"},{"city":"Rogozno","state":"Wielkopolskie","country":"Poland"},{"city":"Slupca","state":"Wielkopolskie","country":"Poland"},{"city":"Srem","state":"Wielkopolskie","country":"Poland"},{"city":"Sroda Wielkopolska","state":"Wielkopolskie","country":"Poland"},{"city":"Swarzedz","state":"Wielkopolskie","country":"Poland"},{"city":"Szamotuly","state":"Wielkopolskie","country":"Poland"},{"city":"Trzcianka","state":"Wielkopolskie","country":"Poland"},{"city":"Tuliszkow","state":"Wielkopolskie","country":"Poland"},{"city":"Turek","state":"Wielkopolskie","country":"Poland"},{"city":"Wagrowiec","state":"Wielkopolskie","country":"Poland"},{"city":"Wolsztyn","state":"Wielkopolskie","country":"Poland"},{"city":"Wronki","state":"Wielkopolskie","country":"Poland"},{"city":"Wrzesnia","state":"Wielkopolskie","country":"Poland"},{"city":"Zlotow","state":"Wielkopolskie","country":"Poland"},{"city":"Borowa","state":"Wroclaw","country":"Poland"},{"city":"Barlinek","state":"Zachodnio-Pomorskie","country":"Poland"},{"city":"Bialogard","state":"Zachodnio-Pomorskie","country":"Poland"},{"city":"Choszczno","state":"Zachodnio-Pomorskie","country":"Poland"},{"city":"Darlowo","state":"Zachodnio-Pomorskie","country":"Poland"},{"city":"Debno","state":"Zachodnio-Pomorskie","country":"Poland"},{"city":"Drawsko Pomorskie","state":"Zachodnio-Pomorskie","country":"Poland"},{"city":"Goleniow","state":"Zachodnio-Pomorskie","country":"Poland"},{"city":"Gryfice","state":"Zachodnio-Pomorskie","country":"Poland"},{"city":"Gryfino","state":"Zachodnio-Pomorskie","country":"Poland"},{"city":"Kamien Pomorski","state":"Zachodnio-Pomorskie","country":"Poland"},{"city":"Kolobrzeg","state":"Zachodnio-Pomorskie","country":"Poland"},{"city":"Koszalin","state":"Zachodnio-Pomorskie","country":"Poland"},{"city":"Lobez","state":"Zachodnio-Pomorskie","country":"Poland"},{"city":"Mysliborz","state":"Zachodnio-Pomorskie","country":"Poland"},{"city":"Nowogard","state":"Zachodnio-Pomorskie","country":"Poland"},{"city":"Polczyn-Zdroj","state":"Zachodnio-Pomorskie","country":"Poland"},{"city":"Police","state":"Zachodnio-Pomorskie","country":"Poland"},{"city":"Pyrzyce","state":"Zachodnio-Pomorskie","country":"Poland"},{"city":"Slawno","state":"Zachodnio-Pomorskie","country":"Poland"},{"city":"Stargard Szczecinski","state":"Zachodnio-Pomorskie","country":"Poland"},{"city":"Swidwin","state":"Zachodnio-Pomorskie","country":"Poland"},{"city":"Swinoujscie","state":"Zachodnio-Pomorskie","country":"Poland"},{"city":"Szczecin","state":"Zachodnio-Pomorskie","country":"Poland"},{"city":"Szczecinek","state":"Zachodnio-Pomorskie","country":"Poland"},{"city":"Trzebiatow","state":"Zachodnio-Pomorskie","country":"Poland"},{"city":"Walcz","state":"Zachodnio-Pomorskie","country":"Poland"},{"city":"Zlocieniec","state":"Zachodnio-Pomorskie","country":"Poland"},{"city":"Zukowskie","state":"Zukowo","country":"Poland"}]