[{"city":"Tramagal","state":"Abrantes","country":"Portugal"},{"city":"Angra","state":"Acores","country":"Portugal"},{"city":"Arrifes","state":"Acores","country":"Portugal"},{"city":"Faja de Baixo","state":"Acores","country":"Portugal"},{"city":"Horta","state":"Acores","country":"Portugal"},{"city":"Lagoa","state":"Acores","country":"Portugal"},{"city":"Ponta Delgada","state":"Acores","country":"Portugal"},{"city":"Praia da Vitoria","state":"Acores","country":"Portugal"},{"city":"Rabo de Peixe","state":"Acores","country":"Portugal"},{"city":"Ribeira Grande","state":"Acores","country":"Portugal"},{"city":"Rosto do Cao","state":"Acores","country":"Portugal"},{"city":"Vila Franca do Campo","state":"Acores","country":"Portugal"},{"city":"Alcacer do Sal","state":"Alentejo","country":"Portugal"},{"city":"Aljustrel","state":"Alentejo","country":"Portugal"},{"city":"Beja","state":"Alentejo","country":"Portugal"},{"city":"Borba","state":"Alentejo","country":"Portugal"},{"city":"Caia e Sao Pedro","state":"Alentejo","country":"Portugal"},{"city":"Campo Maior","state":"Alentejo","country":"Portugal"},{"city":"Castro Verde","state":"Alentejo","country":"Portugal"},{"city":"Cercal","state":"Alentejo","country":"Portugal"},{"city":"Elvas","state":"Alentejo","country":"Portugal"},{"city":"Estremoz","state":"Alentejo","country":"Portugal"},{"city":"Evora","state":"Alentejo","country":"Portugal"},{"city":"Ferreira do Alentejo","state":"Alentejo","country":"Portugal"},{"city":"Grandola","state":"Alentejo","country":"Portugal"},{"city":"Montemor-o-Novo","state":"Alentejo","country":"Portugal"},{"city":"Moura","state":"Alentejo","country":"Portugal"},{"city":"Odemira","state":"Alentejo","country":"Portugal"},{"city":"Ponte de Sor","state":"Alentejo","country":"Portugal"},{"city":"Portalegre","state":"Alentejo","country":"Portugal"},{"city":"Redondo","state":"Alentejo","country":"Portugal"},{"city":"Reguengos de Monsaraz","state":"Alentejo","country":"Portugal"},{"city":"Santiago do Cacem","state":"Alentejo","country":"Portugal"},{"city":"Santo Andre","state":"Alentejo","country":"Portugal"},{"city":"Sao Teotonio","state":"Alentejo","country":"Portugal"},{"city":"Serpa","state":"Alentejo","country":"Portugal"},{"city":"Sines","state":"Alentejo","country":"Portugal"},{"city":"Vendas Novas","state":"Alentejo","country":"Portugal"},{"city":"Vila Nova de Milfontes","state":"Alentejo","country":"Portugal"},{"city":"Vila Vicosa","state":"Alentejo","country":"Portugal"},{"city":"Albufeira","state":"Algarve","country":"Portugal"},{"city":"Aljezur","state":"Algarve","country":"Portugal"},{"city":"Almancil","state":"Algarve","country":"Portugal"},{"city":"Alvor","state":"Algarve","country":"Portugal"},{"city":"Armacao de Pera","state":"Algarve","country":"Portugal"},{"city":"Boliqueime","state":"Algarve","country":"Portugal"},{"city":"Castro Marim","state":"Algarve","country":"Portugal"},{"city":"Estombar","state":"Algarve","country":"Portugal"},{"city":"Faro","state":"Algarve","country":"Portugal"},{"city":"Ferreiras","state":"Algarve","country":"Portugal"},{"city":"Guia","state":"Algarve","country":"Portugal"},{"city":"Lagoa","state":"Algarve","country":"Portugal"},{"city":"Lagos","state":"Algarve","country":"Portugal"},{"city":"Loule","state":"Algarve","country":"Portugal"},{"city":"Luz","state":"Algarve","country":"Portugal"},{"city":"Moncarapacho","state":"Algarve","country":"Portugal"},{"city":"Monchique","state":"Algarve","country":"Portugal"},{"city":"Monte Gordo","state":"Algarve","country":"Portugal"},{"city":"Montenegro","state":"Algarve","country":"Portugal"},{"city":"Olhao","state":"Algarve","country":"Portugal"},{"city":"Portimao","state":"Algarve","country":"Portugal"},{"city":"Quarteira","state":"Algarve","country":"Portugal"},{"city":"Santa Barbara de Nexe","state":"Algarve","country":"Portugal"},{"city":"Sao Bartolomeu de Messines","state":"Algarve","country":"Portugal"},{"city":"Sao Bras de Alportel","state":"Algarve","country":"Portugal"},{"city":"Silves","state":"Algarve","country":"Portugal"},{"city":"Tavira","state":"Algarve","country":"Portugal"},{"city":"Vila Real de Santo Antonio","state":"Algarve","country":"Portugal"},{"city":"Fafe","state":"Braga","country":"Portugal"},{"city":"Forjaes","state":"Braga","country":"Portugal"},{"city":"Vianna do Castello","state":"Braga","country":"Portugal"},{"city":"Abraveses","state":"Centro","country":"Portugal"},{"city":"Aguada de Cima","state":"Centro","country":"Portugal"},{"city":"Agueda","state":"Centro","country":"Portugal"},{"city":"Albergaria-A-Velha","state":"Centro","country":"Portugal"},{"city":"Alcains","state":"Centro","country":"Portugal"},{"city":"Alhadas","state":"Centro","country":"Portugal"},{"city":"Amor","state":"Centro","country":"Portugal"},{"city":"Aradas","state":"Centro","country":"Portugal"},{"city":"Arazede","state":"Centro","country":"Portugal"},{"city":"Arcos","state":"Centro","country":"Portugal"},{"city":"Arganil","state":"Centro","country":"Portugal"},{"city":"Avanca","state":"Centro","country":"Portugal"},{"city":"Aveiro","state":"Centro","country":"Portugal"},{"city":"Batalha","state":"Centro","country":"Portugal"},{"city":"Beduido","state":"Centro","country":"Portugal"},{"city":"Branca","state":"Centro","country":"Portugal"},{"city":"Buarcos","state":"Centro","country":"Portugal"},{"city":"Campo","state":"Centro","country":"Portugal"},{"city":"Cantanhede","state":"Centro","country":"Portugal"},{"city":"Caranguejeira","state":"Centro","country":"Portugal"},{"city":"Castanheira de Pera","state":"Centro","country":"Portugal"},{"city":"Castelo Branco","state":"Centro","country":"Portugal"},{"city":"Castro Daire","state":"Centro","country":"Portugal"},{"city":"Coimbra","state":"Centro","country":"Portugal"},{"city":"Condeixa-A-Nova","state":"Centro","country":"Portugal"},{"city":"Cortegaca","state":"Centro","country":"Portugal"},{"city":"Covilha","state":"Centro","country":"Portugal"},{"city":"Eixo","state":"Centro","country":"Portugal"},{"city":"Esmoriz","state":"Centro","country":"Portugal"},{"city":"Figueira da Foz","state":"Centro","country":"Portugal"},{"city":"Fundao","state":"Centro","country":"Portugal"},{"city":"Gafanha da Encarnacao","state":"Centro","country":"Portugal"},{"city":"Gafanha da Nazare","state":"Centro","country":"Portugal"},{"city":"Guarda","state":"Centro","country":"Portugal"},{"city":"Ilhavo","state":"Centro","country":"Portugal"},{"city":"Lavos","state":"Centro","country":"Portugal"},{"city":"Leiria","state":"Centro","country":"Portugal"},{"city":"Lorvao","state":"Centro","country":"Portugal"},{"city":"Lourical","state":"Centro","country":"Portugal"},{"city":"Lousa","state":"Centro","country":"Portugal"},{"city":"Maceira","state":"Centro","country":"Portugal"},{"city":"Mangualde","state":"Centro","country":"Portugal"},{"city":"Marinha Grande","state":"Centro","country":"Portugal"},{"city":"Mealhada","state":"Centro","country":"Portugal"},{"city":"Mira","state":"Centro","country":"Portugal"},{"city":"Mira de Aire","state":"Centro","country":"Portugal"},{"city":"Miranda do Corvo","state":"Centro","country":"Portugal"},{"city":"Monte Redondo","state":"Centro","country":"Portugal"},{"city":"Nelas","state":"Centro","country":"Portugal"},{"city":"Oia","state":"Centro","country":"Portugal"},{"city":"Oliveira do Bairro","state":"Centro","country":"Portugal"},{"city":"Oliveira do Hospital","state":"Centro","country":"Portugal"},{"city":"Oliveirinha","state":"Centro","country":"Portugal"},{"city":"Ovar","state":"Centro","country":"Portugal"},{"city":"Pampilhosa","state":"Centro","country":"Portugal"},{"city":"Pardilho","state":"Centro","country":"Portugal"},{"city":"Poiares","state":"Centro","country":"Portugal"},{"city":"Pombal","state":"Centro","country":"Portugal"},{"city":"Porto de Mos","state":"Centro","country":"Portugal"},{"city":"Proenca-A-Nova","state":"Centro","country":"Portugal"},{"city":"Rio de Loba","state":"Centro","country":"Portugal"},{"city":"Salreu","state":"Centro","country":"Portugal"},{"city":"Sangalhos","state":"Centro","country":"Portugal"},{"city":"Santa Catarina da Serra","state":"Centro","country":"Portugal"},{"city":"Sao Joao","state":"Centro","country":"Portugal"},{"city":"Sao Pedro do Sul","state":"Centro","country":"Portugal"},{"city":"Satao","state":"Centro","country":"Portugal"},{"city":"Seia","state":"Centro","country":"Portugal"},{"city":"Serta","state":"Centro","country":"Portugal"},{"city":"Soure","state":"Centro","country":"Portugal"},{"city":"Souto da Carpalhosa","state":"Centro","country":"Portugal"},{"city":"Tavarede","state":"Centro","country":"Portugal"},{"city":"Teixoso","state":"Centro","country":"Portugal"},{"city":"Tondela","state":"Centro","country":"Portugal"},{"city":"Tortosendo","state":"Centro","country":"Portugal"},{"city":"Vagos","state":"Centro","country":"Portugal"},{"city":"Valega","state":"Centro","country":"Portugal"},{"city":"Valongo do Vouga","state":"Centro","country":"Portugal"},{"city":"Vieira de Leiria","state":"Centro","country":"Portugal"},{"city":"Viseu","state":"Centro","country":"Portugal"},{"city":"Camacha","state":"Madeira","country":"Portugal"},{"city":"Camara de Lobos","state":"Madeira","country":"Portugal"},{"city":"Campanario","state":"Madeira","country":"Portugal"},{"city":"Canico","state":"Madeira","country":"Portugal"},{"city":"Funchal","state":"Madeira","country":"Portugal"},{"city":"Machico","state":"Madeira","country":"Portugal"},{"city":"Ponta do Sol","state":"Madeira","country":"Portugal"},{"city":"Porto Santo","state":"Madeira","country":"Portugal"},{"city":"Ribeira Brava","state":"Madeira","country":"Portugal"},{"city":"Santa Cruz","state":"Madeira","country":"Portugal"},{"city":"A Ver-o-Mar","state":"Norte","country":"Portugal"},{"city":"Adaufe","state":"Norte","country":"Portugal"},{"city":"Aguas Santas","state":"Norte","country":"Portugal"},{"city":"Agucadoura","state":"Norte","country":"Portugal"},{"city":"Alfena","state":"Norte","country":"Portugal"},{"city":"Alpendurada e Matos","state":"Norte","country":"Portugal"},{"city":"Amarante","state":"Norte","country":"Portugal"},{"city":"Anta","state":"Norte","country":"Portugal"},{"city":"Antas","state":"Norte","country":"Portugal"},{"city":"Apulia","state":"Norte","country":"Portugal"},{"city":"Arcozelo","state":"Norte","country":"Portugal"},{"city":"Areosa","state":"Norte","country":"Portugal"},{"city":"Argoncilhe","state":"Norte","country":"Portugal"},{"city":"Aroes","state":"Norte","country":"Portugal"},{"city":"Arrifana","state":"Norte","country":"Portugal"},{"city":"Arvore","state":"Norte","country":"Portugal"},{"city":"Aves","state":"Norte","country":"Portugal"},{"city":"Avintes","state":"Norte","country":"Portugal"},{"city":"Baguim do Monte","state":"Norte","country":"Portugal"},{"city":"Baltar","state":"Norte","country":"Portugal"},{"city":"Barcelos","state":"Norte","country":"Portugal"},{"city":"Barrosas","state":"Norte","country":"Portugal"},{"city":"Bougado","state":"Norte","country":"Portugal"},{"city":"Braga","state":"Norte","country":"Portugal"},{"city":"Braganca","state":"Norte","country":"Portugal"},{"city":"Brito","state":"Norte","country":"Portugal"},{"city":"Caldas de Vizela","state":"Norte","country":"Portugal"},{"city":"Caldelas","state":"Norte","country":"Portugal"},{"city":"Calendario","state":"Norte","country":"Portugal"},{"city":"Campo","state":"Norte","country":"Portugal"},{"city":"Candoso","state":"Norte","country":"Portugal"},{"city":"Canedo","state":"Norte","country":"Portugal"},{"city":"Canelas","state":"Norte","country":"Portugal"},{"city":"Canidelo","state":"Norte","country":"Portugal"},{"city":"Carvalhosa","state":"Norte","country":"Portugal"},{"city":"Casteloes de Cepeda","state":"Norte","country":"Portugal"},{"city":"Chaves","state":"Norte","country":"Portugal"},{"city":"Coronado","state":"Norte","country":"Portugal"},{"city":"Couto","state":"Norte","country":"Portugal"},{"city":"Custoias","state":"Norte","country":"Portugal"},{"city":"Darque","state":"Norte","country":"Portugal"},{"city":"Ermesinde","state":"Norte","country":"Portugal"},{"city":"Espinho","state":"Norte","country":"Portugal"},{"city":"Fafe","state":"Norte","country":"Portugal"},{"city":"Fanzeres","state":"Norte","country":"Portugal"},{"city":"Feira","state":"Norte","country":"Portugal"},{"city":"Ferreira","state":"Norte","country":"Portugal"},{"city":"Ferreiros","state":"Norte","country":"Portugal"},{"city":"Fiaes","state":"Norte","country":"Portugal"},{"city":"Figueiro","state":"Norte","country":"Portugal"},{"city":"Foz do Sousa","state":"Norte","country":"Portugal"},{"city":"Frazao","state":"Norte","country":"Portugal"},{"city":"Freamunde","state":"Norte","country":"Portugal"},{"city":"Galegos","state":"Norte","country":"Portugal"},{"city":"Gandra","state":"Norte","country":"Portugal"},{"city":"Gemunde","state":"Norte","country":"Portugal"},{"city":"Godim","state":"Norte","country":"Portugal"},{"city":"Gondomar","state":"Norte","country":"Portugal"},{"city":"Grijo","state":"Norte","country":"Portugal"},{"city":"Gueifaes","state":"Norte","country":"Portugal"},{"city":"Guifoes","state":"Norte","country":"Portugal"},{"city":"Guimaraes","state":"Norte","country":"Portugal"},{"city":"Gulpilhares","state":"Norte","country":"Portugal"},{"city":"Joane","state":"Norte","country":"Portugal"},{"city":"Jovim","state":"Norte","country":"Portugal"},{"city":"Lamego","state":"Norte","country":"Portugal"},{"city":"Lavra","state":"Norte","country":"Portugal"},{"city":"Leca da Palmeira","state":"Norte","country":"Portugal"},{"city":"Leca do Bailio","state":"Norte","country":"Portugal"},{"city":"Lobao","state":"Norte","country":"Portugal"},{"city":"Lordelo","state":"Norte","country":"Portugal"},{"city":"Lourosa","state":"Norte","country":"Portugal"},{"city":"Lustosa","state":"Norte","country":"Portugal"},{"city":"Macedo de Cavaleiros","state":"Norte","country":"Portugal"},{"city":"Macieira de Cambra","state":"Norte","country":"Portugal"},{"city":"Madalena","state":"Norte","country":"Portugal"},{"city":"Maia","state":"Norte","country":"Portugal"},{"city":"Margaride","state":"Norte","country":"Portugal"},{"city":"Marinhas","state":"Norte","country":"Portugal"},{"city":"Matosinhos","state":"Norte","country":"Portugal"},{"city":"Meadela","state":"Norte","country":"Portugal"},{"city":"Meinedo","state":"Norte","country":"Portugal"},{"city":"Milheiros","state":"Norte","country":"Portugal"},{"city":"Milheiros de Poiares","state":"Norte","country":"Portugal"},{"city":"Mirandela","state":"Norte","country":"Portugal"},{"city":"Mogadouro","state":"Norte","country":"Portugal"},{"city":"Moreira","state":"Norte","country":"Portugal"},{"city":"Moreira de Conegos","state":"Norte","country":"Portugal"},{"city":"Mozelos","state":"Norte","country":"Portugal"},{"city":"Negrelos","state":"Norte","country":"Portugal"},{"city":"Nogueira","state":"Norte","country":"Portugal"},{"city":"Nogueira da Regedoura","state":"Norte","country":"Portugal"},{"city":"Olival","state":"Norte","country":"Portugal"},{"city":"Oliveira","state":"Norte","country":"Portugal"},{"city":"Oliveira de Azemeis","state":"Norte","country":"Portugal"},{"city":"Oliveira do Douro","state":"Norte","country":"Portugal"},{"city":"Pacos de Brandao","state":"Norte","country":"Portugal"},{"city":"Pacos de Ferreira","state":"Norte","country":"Portugal"},{"city":"Pedroso","state":"Norte","country":"Portugal"},{"city":"Pedroucos","state":"Norte","country":"Portugal"},{"city":"Penafiel","state":"Norte","country":"Portugal"},{"city":"Perafita","state":"Norte","country":"Portugal"},{"city":"Perozinho","state":"Norte","country":"Portugal"},{"city":"Peso da Regua","state":"Norte","country":"Portugal"},{"city":"Ponte","state":"Norte","country":"Portugal"},{"city":"Porto","state":"Norte","country":"Portugal"},{"city":"Povoa de Lanhoso","state":"Norte","country":"Portugal"},{"city":"Povoa de Varzim","state":"Norte","country":"Portugal"},{"city":"Real","state":"Norte","country":"Portugal"},{"city":"Rebordosa","state":"Norte","country":"Portugal"},{"city":"Recarei","state":"Norte","country":"Portugal"},{"city":"Refojos de Basto","state":"Norte","country":"Portugal"},{"city":"Ribeirao","state":"Norte","country":"Portugal"},{"city":"Rio Meao","state":"Norte","country":"Portugal"},{"city":"Rio Tinto","state":"Norte","country":"Portugal"},{"city":"Ronfe","state":"Norte","country":"Portugal"},{"city":"Sande","state":"Norte","country":"Portugal"},{"city":"Sandim","state":"Norte","country":"Portugal"},{"city":"Santa Cruz do Bispo","state":"Norte","country":"Portugal"},{"city":"Santa Maria de Lamas","state":"Norte","country":"Portugal"},{"city":"Santiago da Riba-Ul","state":"Norte","country":"Portugal"},{"city":"Santo Tirso","state":"Norte","country":"Portugal"},{"city":"Sao Felix da Marinha","state":"Norte","country":"Portugal"},{"city":"Sao Joao da Madeira","state":"Norte","country":"Portugal"},{"city":"Sao Joao de Ver","state":"Norte","country":"Portugal"},{"city":"Sao Mamede de Infesta","state":"Norte","country":"Portugal"},{"city":"Sao Pedro da Cova","state":"Norte","country":"Portugal"},{"city":"Sao Pedro de Casteloes","state":"Norte","country":"Portugal"},{"city":"Sao Roque","state":"Norte","country":"Portugal"},{"city":"Selho","state":"Norte","country":"Portugal"},{"city":"Senhora da Hora","state":"Norte","country":"Portugal"},{"city":"Seroa","state":"Norte","country":"Portugal"},{"city":"Serzedelo","state":"Norte","country":"Portugal"},{"city":"Serzedo","state":"Norte","country":"Portugal"},{"city":"Silvalde","state":"Norte","country":"Portugal"},{"city":"Sobrado","state":"Norte","country":"Portugal"},{"city":"Sobreira","state":"Norte","country":"Portugal"},{"city":"Souto","state":"Norte","country":"Portugal"},{"city":"Teloes","state":"Norte","country":"Portugal"},{"city":"Urgezes","state":"Norte","country":"Portugal"},{"city":"Valadares","state":"Norte","country":"Portugal"},{"city":"Valbom","state":"Norte","country":"Portugal"},{"city":"Vale","state":"Norte","country":"Portugal"},{"city":"Valongo","state":"Norte","country":"Portugal"},{"city":"Valpacos","state":"Norte","country":"Portugal"},{"city":"Viana do Castelo","state":"Norte","country":"Portugal"},{"city":"Vila Cha","state":"Norte","country":"Portugal"},{"city":"Vila Frescainha","state":"Norte","country":"Portugal"},{"city":"Vila Nova da Telha","state":"Norte","country":"Portugal"},{"city":"Vila Nova de Famalicao","state":"Norte","country":"Portugal"},{"city":"Vila Nova de Gaia","state":"Norte","country":"Portugal"},{"city":"Vila Praia de Ancora","state":"Norte","country":"Portugal"},{"city":"Vila Real","state":"Norte","country":"Portugal"},{"city":"Vila Verde","state":"Norte","country":"Portugal"},{"city":"Vila de Cucujaes","state":"Norte","country":"Portugal"},{"city":"Vila de Prado","state":"Norte","country":"Portugal"},{"city":"Vila do Conde","state":"Norte","country":"Portugal"},{"city":"Vilar de Andorinho","state":"Norte","country":"Portugal"},{"city":"Vilar do Paraiso","state":"Norte","country":"Portugal"},{"city":"Vilarinho","state":"Norte","country":"Portugal"},{"city":"Vilela","state":"Norte","country":"Portugal"},{"city":"Vizela","state":"Norte","country":"Portugal"},{"city":"Paivas","state":"Paivas","country":"Portugal"}]