[{"city":"Puerto Ayacucho","state":"Amazonas","country":"Venezuela"},{"city":"Anaco","state":"Anzoategui","country":"Venezuela"},{"city":"Barcelona","state":"Anzoategui","country":"Venezuela"},{"city":"Cantaura","state":"Anzoategui","country":"Venezuela"},{"city":"El Tigre","state":"Anzoategui","country":"Venezuela"},{"city":"Puerto la Cruz","state":"Anzoategui","country":"Venezuela"},{"city":"San Jose de Guanipa","state":"Anzoategui","country":"Venezuela"},{"city":"Guasdualito","state":"Apure","country":"Venezuela"},{"city":"San Fernando","state":"Apure","country":"Venezuela"},{"city":"Cagua","state":"Aragua","country":"Venezuela"},{"city":"El Limon","state":"Aragua","country":"Venezuela"},{"city":"La Victoria","state":"Aragua","country":"Venezuela"},{"city":"Las Teyerias","state":"Aragua","country":"Venezuela"},{"city":"Maracay","state":"Aragua","country":"Venezuela"},{"city":"Palo Negro","state":"Aragua","country":"Venezuela"},{"city":"San Mateo","state":"Aragua","country":"Venezuela"},{"city":"Turmero","state":"Aragua","country":"Venezuela"},{"city":"Villa de Cura","state":"Aragua","country":"Venezuela"},{"city":"Barinas","state":"Barinas","country":"Venezuela"},{"city":"Barinitas","state":"Barinas","country":"Venezuela"},{"city":"Ciudad Bolivar","state":"Bolivar","country":"Venezuela"},{"city":"Ciudad Guayana","state":"Bolivar","country":"Venezuela"},{"city":"Upata","state":"Bolivar","country":"Venezuela"},{"city":"Goaigoaza","state":"Carabobo","country":"Venezuela"},{"city":"Guacara","state":"Carabobo","country":"Venezuela"},{"city":"Guigue","state":"Carabobo","country":"Venezuela"},{"city":"Mariara","state":"Carabobo","country":"Venezuela"},{"city":"Moron","state":"Carabobo","country":"Venezuela"},{"city":"Puerto Cabello","state":"Carabobo","country":"Venezuela"},{"city":"San Joaquin","state":"Carabobo","country":"Venezuela"},{"city":"Tacarigua","state":"Carabobo","country":"Venezuela"},{"city":"Valencia","state":"Carabobo","country":"Venezuela"},{"city":"San Carlos","state":"Cojedes","country":"Venezuela"},{"city":"Tinaquillo","state":"Cojedes","country":"Venezuela"},{"city":"Coro","state":"Falcon","country":"Venezuela"},{"city":"Punta Cardon","state":"Falcon","country":"Venezuela"},{"city":"Punto Fijo","state":"Falcon","country":"Venezuela"},{"city":"Altagracia de Orituco","state":"Guarico","country":"Venezuela"},{"city":"Calabozo","state":"Guarico","country":"Venezuela"},{"city":"San Juan de los Morros","state":"Guarico","country":"Venezuela"},{"city":"Valle de la Pascua","state":"Guarico","country":"Venezuela"},{"city":"Zaraza","state":"Guarico","country":"Venezuela"},{"city":"Barquisimeto","state":"Lara","country":"Venezuela"},{"city":"Cabudare","state":"Lara","country":"Venezuela"},{"city":"Carora","state":"Lara","country":"Venezuela"},{"city":"El Tocuyo","state":"Lara","country":"Venezuela"},{"city":"Los Rastrojos","state":"Lara","country":"Venezuela"},{"city":"Quibor","state":"Lara","country":"Venezuela"},{"city":"Ejido","state":"Merida","country":"Venezuela"},{"city":"El Vigia","state":"Merida","country":"Venezuela"},{"city":"Merida","state":"Merida","country":"Venezuela"},{"city":"Baruta","state":"Miranda","country":"Venezuela"},{"city":"Carrizal","state":"Miranda","country":"Venezuela"},{"city":"Catia La Mar","state":"Miranda","country":"Venezuela"},{"city":"Caucaguita","state":"Miranda","country":"Venezuela"},{"city":"Chacao","state":"Miranda","country":"Venezuela"},{"city":"Charallave","state":"Miranda","country":"Venezuela"},{"city":"Cua","state":"Miranda","country":"Venezuela"},{"city":"El Cafetal","state":"Miranda","country":"Venezuela"},{"city":"El Hatillo","state":"Miranda","country":"Venezuela"},{"city":"Filas de Mariche","state":"Miranda","country":"Venezuela"},{"city":"Guarenas","state":"Miranda","country":"Venezuela"},{"city":"Guatire","state":"Miranda","country":"Venezuela"},{"city":"La Dolorita","state":"Miranda","country":"Venezuela"},{"city":"Los Dos Caminos","state":"Miranda","country":"Venezuela"},{"city":"Los Teques","state":"Miranda","country":"Venezuela"},{"city":"Ocumare del Tuy","state":"Miranda","country":"Venezuela"},{"city":"Petare","state":"Miranda","country":"Venezuela"},{"city":"San Antonio de los Altos","state":"Miranda","country":"Venezuela"},{"city":"Santa Teresa","state":"Miranda","country":"Venezuela"},{"city":"Maturin","state":"Monagas","country":"Venezuela"},{"city":"Acarigua","state":"Portuguesa","country":"Venezuela"},{"city":"Araure","state":"Portuguesa","country":"Venezuela"},{"city":"Guanare","state":"Portuguesa","country":"Venezuela"},{"city":"Villa Bruzual","state":"Portuguesa","country":"Venezuela"},{"city":"Carupano","state":"Sucre","country":"Venezuela"},{"city":"Cumana","state":"Sucre","country":"Venezuela"},{"city":"La Fria","state":"Tachira","country":"Venezuela"},{"city":"Rubio","state":"Tachira","country":"Venezuela"},{"city":"San Antonio del Tachira","state":"Tachira","country":"Venezuela"},{"city":"San Cristobal","state":"Tachira","country":"Venezuela"},{"city":"San Juan de Colon","state":"Tachira","country":"Venezuela"},{"city":"Tariba","state":"Tachira","country":"Venezuela"},{"city":"Trujillo","state":"Trujillo","country":"Venezuela"},{"city":"Valera","state":"Trujillo","country":"Venezuela"},{"city":"Caraballeda","state":"Vargas","country":"Venezuela"},{"city":"La Guaira","state":"Vargas","country":"Venezuela"},{"city":"Maiquetia","state":"Vargas","country":"Venezuela"},{"city":"Chivacoa","state":"Yaracuy","country":"Venezuela"},{"city":"Nirgua","state":"Yaracuy","country":"Venezuela"},{"city":"San Felipe","state":"Yaracuy","country":"Venezuela"},{"city":"Yaritagua","state":"Yaracuy","country":"Venezuela"},{"city":"Bachaquero","state":"Zulia","country":"Venezuela"},{"city":"Cabimas","state":"Zulia","country":"Venezuela"},{"city":"Ciudad Ojeda","state":"Zulia","country":"Venezuela"},{"city":"Lagunillas","state":"Zulia","country":"Venezuela"},{"city":"Machiques","state":"Zulia","country":"Venezuela"},{"city":"Maracaibo","state":"Zulia","country":"Venezuela"},{"city":"San Carlos del Zulia","state":"Zulia","country":"Venezuela"},{"city":"Santa Rita","state":"Zulia","country":"Venezuela"},{"city":"Villa del Rosario","state":"Zulia","country":"Venezuela"}]