{"name_ru": "\u041a\u0430\u0431\u043e-\u0412\u0435\u0440\u0434\u0435\n", "name_uk": "\u041a\u0430\u0431\u043e-\u0412\u0435\u0440\u0434\u0435", "name_en": "Cape Verde", "alias": "cape-verde", "city": [{"name_ru": "\u0421\u0430\u043b \u0420\u0435\u0439", "name_uk": "\u0421\u0430\u043b \u0420\u0435\u0439", "name_en": "Sal Rei", "region_ru": "\u0411\u043e\u0430\u0432\u0438\u0448\u0442\u0430", "region_uk": "\u0411\u043e\u0430\u0432\u0456\u0448\u0442\u0430", "region_en": "Boavista", "alias": "sal rei", "country_alias": "cape-verde"}, {"name_ru": "\u041d\u043e\u0432\u0430 \u0421\u0438\u043d\u0442\u0440\u0430", "name_uk": "\u041d\u043e\u0432\u0430 \u0421\u0456\u043d\u0442\u0440\u0430", "name_en": "Nova Sintra", "region_ru": "\u0411\u0440\u0430\u0432\u0430", "region_uk": "\u0411\u0440\u0430\u0432\u0430", "region_en": "Brava", "alias": "nova sintra", "country_alias": "cape-verde"}, {"name_ru": "\u041c\u043e\u0441\u0442\u0435\u0439\u0440\u043e\u0441", "name_uk": "\u041c\u043e\u0441\u0442\u0435\u0439\u0440\u043e\u0441", "name_en": "Mosteiros", "region_ru": "\u0424\u043e\u0433\u043e", "region_uk": "\u0424\u043e\u0433\u043e", "region_en": "Fogo", "alias": "mosteiros", "country_alias": "cape-verde"}, {"name_ru": "\u0421\u0430\u043d-\u0424\u0438\u043b\u0438\u043f\u0435", "name_uk": "\u0421\u0430\u043d \u0424\u0456\u043b\u0456\u043f\u0435", "name_en": "Sao Filipe", "region_ru": "\u0424\u043e\u0433\u043e", "region_uk": "\u0424\u043e\u0433\u043e", "region_en": "Fogo", "alias": "sao filipe", "country_alias": "cape-verde"}, {"name_ru": "\u0412\u0438\u043b\u0430-\u0434\u0443-\u041c\u0430\u0439\u043e", "name_uk": "\u0412\u0456\u043b\u0430-\u0434\u0443-\u041c\u0430\u0439\u043e", "name_en": "Vila do Maio", "region_ru": "\u041c\u0430\u0439\u043e", "region_uk": "\u041c\u0430\u0439\u043e", "region_en": "Maio", "alias": "vila do maio", "country_alias": "cape-verde"}, {"name_ru": "\u0421\u0430\u043d\u0442\u0430 \u041c\u0430\u0440\u0438\u044f", "name_uk": "\u0421\u0430\u043d\u0442\u0430 \u041c\u0430\u0440\u0456\u044f", "name_en": "Santa Maria", "region_ru": "\u0421\u0430\u043b", "region_uk": "\u0421\u0430\u043b", "region_en": "Sal", "alias": "santa maria", "country_alias": "cape-verde"}]}