"Авдеевка
(укр. Авдіївка)";"";"Донецкая область";"37 210";1778
"Александрия
(укр. Олександрія)";"Усовка
Бечея
Александрийск";"Кировоградская область";"93 357";1746
"Александровск
(укр. Олександрівськ)";"Александровка (до 1959)";"Луганская область";"7 045";1772
"Алёшки
(укр. Олешки)";"Цюрупинск (с 1928 до 2016)";"Херсонская область";"24 123";1084
"Алмазная
(укр. Алмазна)";"Изюм (до 1895)";"Луганская область";"5 061";1870
"Алупка[29]
(укр. Алупка)";"Алубика
Лупико";"Автономная Республика Крым";"9 018";"X век"
"Алушта[29]
(укр. Алушта)";"Луста
Алустон";"Автономная Республика Крым";"31 440";"V век"
"Алчевск
(укр. Алчевськ)";"Юрьевка (до 1903)
Алчевское (до 1932)
Ворошиловск (до 1961)
Коммунар (до 1991)";"Луганская область";"119 193";1895
"Амвросиевка
(укр. Амвросіївка)";"Донецко-Амвросиевка";"Донецкая область";"22 130";1869
"Ананьев
(укр. Ананьїв)";"";"Одесская область";"9 476";1753
"Андрушёвка
(укр. Андрушівка)";"Андрусовка (до 1859)
Андрушовка (до 1975)";"Житомирская область";"9 890";1683
"Антрацит
(укр. Антрацит)";"Боково-Антрацит (до 1962)";"Луганская область";"63 698";1895
"Апостолово
(укр. Апостолове)";"Покровское (до 1933)
Апостолово (до 1936)
Кисиорово (1938)";"Днепропетровская область";"16 439";1793
"Армянск[29]
(укр. Армянськ)";"Армянский Базар (до 1921)";"Автономная Республика Крым";"23 869";1736
"Арциз
(укр. Арциз)";"";"Одесская область";"16 370";1816
"Ахтырка
(укр. Охтирка)";"";"Сумская область";"50 399";1641
"Балаклея
(укр. Балаклія)";"";"Харьковская область";"32 408";1663
"Балта
(укр. Балта)";"";"Одесская область";"19 962";1797
"Бар
(укр. Бар)";"Юзефград (до 1795)
Еленск (до 1979)";"Винницкая область";"17 284";1401
"Барановка
(укр. Баранівка)";"";"Житомирская область";"12 584";1565
"Барвенково
(укр. Барвінкове)";"";"Харьковская область";"12 998";1653
"Батурин
(укр. Батурин)";"";"Черниговская область";"3 066";1625
"Бахмач
(укр. Бахмач)";"";"Черниговская область";"20 332";1781
"Бахмут
(укр. Бахмут)";"Артёмовск (с 1924 до 2016)";"Донецкая область";"82 916";1571
"Бахчисарай[29]
(укр. Бахчисарай)";"";"Автономная Республика Крым";"27 549";1532
"Баштанка
(укр. Баштанка)";"Полтавка (до 1928)";"Николаевская область";"13 146";1806
"Белая Церковь
(укр. Біла Церква)";"Юрьев (до 1369)";"Киевская область";"200 131";1032
"Белгород-Днестровский
(укр. Білгород-Дністровський)";"Аккерман (до 1918, с 1940 до 1941)
Четатя-Албэ (с 1918 до 1940)";"Одесская область";"51 890";"498 до н. э."
"Белз
(укр. Белз)";"";"Львовская область";"2 478";1030
"Белицкое
(укр. Білицьке)";"";"Донецкая область";"10 093";1909
"Белогорск[29]
(укр. Білогірськ)";"Карасубазар (до 1944)";"Автономная Республика Крым";"18 790";"XV век"
"Белозёрское
(укр. Білозерське)";"Белозёрка";"Донецкая область";"17 868";1913
"Белополье
(укр. Білопілля)";"";"Сумская область";"18 384";1672
"Беляевка
(укр. Біляївка)";"Головкивка";"Одесская область";"14 294";1792
"Бердичев
(укр. Бердичів)";"";"Житомирская область";"87 575";1430
"Бердянск
(укр. Бердянськ)";"Новоногайск
Берды (до 1841)
Осипенко (с 1938 до 1958)";"Запорожская область";"121 692";1827
"Берегово
(укр. Берегове)";"Лампертсас (до 1504)
Берегсас (до 1964)";"Закарпатская область";"26 735";1063
"Бережаны
(укр. Бережани)";"";"Тернопольская область";"17 617";1375
"Березань
(укр. Березань)";"";"Киевская область";"17 367";1616
"Березовка
(укр. Березівка)";"Ново-Александровка";"Одесская область";"9 481";1802
"Березно
(укр. Березне)";"";"Ровненская область";"13 669";1584
"Берестечко
(укр. Берестечко)";"";"Волынская область";"1 904";1445
"Берислав
(укр. Берислав)";"Кызы-Кермен (до 1784)";"Херсонская область";"15 455";1784
"Бершадь
(укр. Бершадь)";"";"Винницкая область";"13 336";1459
"Благовещенское
(укр. Благовіщенське)";"Грушковский выселок (до 1921)
Благовещенское (с 1921 до 1924)
Ульяновка (с 1924 до 2016)";"Кировоградская область";"7 526";1870
"Бобринец
(укр. Бобринець)";"";"Кировоградская область";"12 300";1767
"Бобрка
(укр. Бібрка)";"";"Львовская область";"3 980";1211
"Бобровица
(укр. Бобровиця)";"";"Черниговская область";"11 916";1300
"Богодухов
(укр. Богодухів)";"";"Харьковская область";"18 224";1662
"Богуслав
(укр. Богуслав)";"";"Киевская область";"17 135";1032
"Боково-Хрустальное
(укр. Боково-Хрустальне)";"Вахрушево (до 2016)";"Луганская область";"14 773";1954
"Болград
(укр. Болград)";"";"Одесская область";"17 353";1821
"Болехов
(укр. Болехів)";"";"Ивано-Франковская область";"10 633";1371
"Борзна
(укр. Борзна)";"";"Черниговская область";"11 707";1634
"Борислав
(укр. Борислав)";"";"Львовская область";"38 122";1387
"Борисполь
(укр. Бориспіль)";"";"Киевская область";"53 975";1015
"Борщёв
(укр. Борщів)";"";"Тернопольская область";"11 382";1456
"Боярка
(укр. Боярка)";"";"Киевская область";"35 968";1500
"Бровары
(укр. Бровари)";"Бровари";"Киевская область";"86 839";1628
"Броды
(укр. Броди)";"Любич";"Львовская область";"23 239";1084
"Брянка
(укр. Брянка)";"";"Луганская область";"54 767";1889
"Бунге
(укр. Бунге)";"Имени Юных Коммунаров (до 1965)
Юнокоммунаровск (до 2016)";"Донецкая область";"17 813";1908
"Бурштын
(укр. Бурштин)";"";"Ивано-Франковская область";"15 298";1596
"Бурынь
(укр. Буринь)";"";"Сумская область";"11 678";1392
"Буск
(укр. Буськ)";"Бужеск
Бужск";"Львовская область";"8 673";1097
"Буча
(укр. Буча)";"";"Киевская область";"28 533";1630
"Бучач
(укр. Бучач)";"";"Тернопольская область";"12 549";1260
"Валки
(укр. Валки)";"";"Харьковская область";"10 381";1646
"Вараш
(укр. Вараш)";"Вараш (до 1973)
посёлок ЗУАЭС (до 1977)
Кузнецовск (до 2016)";"Ровненская область";"38 830";1973
"Васильевка
(укр. Василівка)";"";"Запорожская область";"15 592";1740
"Васильков
(укр. Васильків)";"Васильев (до 1157)";"Киевская область";"39 722";988
"Ватутино
(укр. Ватутіне)";"Шахтинское (до 1949)";"Черкасская область";"20 156";1946
"Вашковцы
(укр. Вашківці)";"";"Черновицкая область";"5 987";1431
"Великие Мосты
(укр. Великі Мости)";"";"Львовская область";"5 925";1472
"Верхнеднепровск
(укр. Верхньодніпровськ)";"Григорьевка (до 1785)
Новогригорьевка (до 1806)";"Днепропетровская область";"16 976";1779
"Верховцево
(укр. Верхівцеве)";"";"Днепропетровская область";"10 142";1884
"Вижница
(укр. Вижниця)";"";"Черновицкая область";"5 021";1501
"Вилково
(укр. Вилкове)";"Липованское";"Одесская область";"9 260";1746
"Винники
(укр. Винники)";"";"Львовская область";"13 654";1352
"Винница
(укр. Вінниця)";"";"Винницкая область";"356 665";1355
"Виноградов
(укр. Виноградів)";"Севлюш (до 1946)";"Закарпатская область";"25 760";1262
"Вишнёвое
(укр. Вишневе)";"";"Киевская область";"34 465";1887
"Владимир-Волынский
(укр. Володимир-Волинський)";"";"Волынская область";"38 256";988
"Вознесеновка
(укр. Вознесенівка)";"Червонопартизанск (до 2016)";"Луганская область";"17 680";1947
"Вознесенск
(укр. Вознесенськ)";"Соколы";"Николаевская область";"42 634";1795
"Волноваха
(укр. Волноваха)";"";"Донецкая область";"24 647";1881
"Волочиск
(укр. Волочиськ)";"";"Хмельницкая область";"20 958";1463
"Волчанск
(укр. Вовчанськ)";"";"Харьковская область";"20 695";1674
"Вольногорск
(укр. Вільногірськ)";"";"Днепропетровская область";"23 782";1956
"Вольнянск
(укр. Вільнянськ)";"Софиевка (до 1935)
Красноармейское (до 1939)
Червоноармейское (до 1966)";"Запорожская область";"16 522";1840
"Ворожба
(укр. Ворожба)";"";"Сумская область";"8 384";1672
"Вышгород
(укр. Вишгород)";"";"Киевская область";"22 933";946
"Гадяч
(укр. Гадяч)";"";"Полтавская область";"22 698";1533
"Гайворон
(укр. Гайворон)";"";"Кировоградская область";"16 126";1752
"Гайсин
(укр. Гайсин)";"";"Винницкая область";"25 640";1545
"Галич
(укр. Галич)";"";"Ивано-Франковская область";"6 495";898
"Геническ
(укр. Генічеськ)";"Салинэ (до 1562)
Неонтихос (до 1784)
Геничи (до 1837)";"Херсонская область";"21 793";1784
"Герца
(укр. Герца)";"";"Черновицкая область";"2 068";1408
"Глиняны
(укр. Глиняни)";"";"Львовская область";"3 378";1379
"Глобино
(укр. Глобине)";"Малый Кагамлычёк";"Полтавская область";"12 902";1737
"Глухов
(укр. Глухів)";"";"Сумская область";"35 768";992
"Гнивань
(укр. Гнівань)";"";"Винницкая область";"12 832";1629
"Голая Пристань
(укр. Гола Пристань)";"";"Херсонская область";"16 028";1786
"Голубовка
(укр. Голубівка";"Голубовский Рудник (до 1944)
Кировск (с 1962 до 2016)";"Луганская область";"35 199";1764
"Горишние Плавни
(укр. Горішні Плавні)";"Комсомольск (до 2016)";"Полтавская область";"51 740";1960
"Горловка
(укр. Горлівка)";"";"Донецкая область";"292 250";1779
"Горняк
(укр. Гірник)";"Соцгородок (до 1958)";"Донецкая область";"14 207";1938
"Городенка
(укр. Городенка)";"";"Ивано-Франковская область";"9 794";1668
"Городище
(укр. Городище)";"";"Черкасская область";"15 645";1050
"Городня
(укр. Городня)";"";"Черниговская область";"14 043";"XVII век"
"Городок
(укр. Городок)";"Грудек Ягеллонский";"Львовская область";"16 082";1213
"Городок
(укр. Городок)";"";"Хмельницкая область";"17 746";1362
"Горохов
(укр. Горохів)";"";"Волынская область";"9 015";1240
"Горское
(укр. Гірське)";"";"Луганская область";"11 473";1898
"Гребёнка
(укр. Гребінка)";"Тень (до 1901)";"Полтавская область";"11 662";1895
"Гуляйполе
(укр. Гуляйполе)";"";"Запорожская область";"17 077";"1770-е"
"Дебальцево
(укр. Дебальцеве)";"";"Донецкая область";"30 246";1878
"Деражня
(укр. Деражня)";"";"Хмельницкая область";"10 446";1431
"Дергачи
(укр. Дергачі)";"Деркачи (до 1943)";"Харьковская область";"20 258";1660
"Джанкой[29](укр. Джанкой)";"";"Автономная Республика Крым";"43 343";1855
"Днепр
(укр. Дніпро)";"Екатеринослав (до 1796)
Новороссийск (до 1802)
Екатеринослав (до 1926)
Днепропетровск (до 2016)";"Днепропетровская область";"1 065 008";1776
"Днепрорудное
(укр. Дніпрорудне)";"Дружба (до 1963)
Днепроград (до 1964)";"Запорожская область";"21 054";1961
"Добромиль
(укр. Добромиль)";"";"Львовская область";"4 976";1374
"Доброполье
(укр. Добропілля)";"Прасковеевка (до 1935)";"Донецкая область";"35 638";1840
"Докучаевск
(укр. Докучаєвськ)";"Еленовские Карьеры (до 1954)";"Донецкая область";"24 383";1912
"Должанск
(укр. Довжанськ)";"Свердловск (до 2016)";"Луганская область";"72 531";"XVIII век"
"Долина
(укр. Долина)";"";"Ивано-Франковская область";"20 906";979
"Долинская
(укр. Долинська)";"";"Кировоградская область";"18 768";1873
"Донецк
(укр. Донецьк)";"Юзовка (до 1924)
Сталин (до 1929)
Сталино (до 1961)";"Донецкая область";"1 016 194";1869
"Дрогобыч
(укр. Дрогобич)";"";"Львовская область";"79 119";1091
"Дружба
(укр. Дружба)";"Хутор-Михайловский (до 1962)";"Сумская область";"5 726";"XIX век"
"Дружковка
(укр. Дружківка)";"";"Донецкая область";"64 557";1781
"Дубляны
(укр. Дубляни)";"";"Львовская область";"8 469";1468
"Дубно
(укр. Дубно)";"";"Ровненская область";"39 146";1100
"Дубровица
(укр. Дубровиця)";"Домбровица (до 1940)";"Ровненская область";"9 644";1005
"Дунаевцы
(укр. Дунаївці)";"Дунай-город";"Хмельницкая область";"16 448";1403
"Евпатория[29]
(укр. Євпаторія)";"Керкинитида
Гёзлёв (с 1475 до 1784)";"Автономная Республика Крым";"105 915";"497 до н. э."
"Енакиево
(укр. Єнакієве)";"Рыково (с 1928 до 1937)
Орджоникидзе (с 1937 до 1943)";"Донецкая область";"103 997";1782
"Жашков
(укр. Жашків)";"";"Черкасская область";"15 853";1636
"Ждановка
(укр. Жданівка)";"Ново-Ждановка (до 1966)";"Донецкая область";"13 688";1924
"Железное
(укр. Залізне)";"Нелеповский (до 1921)
Артёмово (до 2016)";"Донецкая область";"6 725";1894
"Жёлтые Воды
(укр. Жовті Води)";"Жёлтая Река (до 1957)";"Днепропетровская область";"53 582";1895
"Жидачов
(укр. Жидачів)";"";"Львовская область";"11 798";1164
"Житомир
(укр. Житомир)";"";"Житомирская область";"284 236";884
"Жмеринка
(укр. Жмеринка)";"";"Винницкая область";"37 349";"XVIII век"
"Жолква
(укр. Жовква)";"Нестеров (с 1951 до 1992)";"Львовская область";"13 474";1597
"Заводское
(укр. Заводське)";"Сталинка (до 1962)
Червонозаводское (до 2016)";"Полтавская область";"9 024";1928
"Залещики
(укр. Заліщики)";"";"Тернопольская область";"10 125";1578
"Запорожье
(укр. Запоріжжя)";"Александровск (до 1921)";"Запорожская область";"815 256";1770
"Заставна
(укр. Заставна)";"";"Черновицкая область";"8 866";1589
"Збараж
(укр. Збараж)";"";"Тернопольская область";"13 228";1211
"Зборов
(укр. Зборів)";"Верхостав";"Тернопольская область";"7 436";1166
"Звенигородка
(укр. Звенигородка)";"Звенигород";"Черкасская область";"19 901";1545
"Здолбунов
(укр. Здолбунів)";"Долбунов";"Ровненская область";"24 612";1497
"Зеленодольск
(укр. Зеленодольськ)";"";"Днепропетровская область";"14 792";1961
"Зеньков
(укр. Зіньків)";"";"Полтавская область";"10 577";1604
"Зимогорье
(укр. Зимогір’я)";"Черкасское (до 1961)";"Луганская область";"11 295";1645
"Змиёв
(укр. Зміїв)";"Змеев
Готвальд (с 1976 до 1990)";"Харьковская область";"17 063";1604
"Знаменка
(укр. Знам’янка)";"";"Кировоградская область";"29 412";1869
"Золотое
(укр. Золоте)";"";"Луганская область";"17 836";1903
"Золотоноша
(укр. Золотоноша)";"";"Черкасская область";"28 793";1576
"Золочев
(укр. Золочів)";"";"Львовская область";"23 481";1442
"Зоринск
(укр. Зоринськ)";"";"Луганская область";"8 838";1930
"Зугрэс
(укр. Зугрес)";"";"Донецкая область";"19 859";1929
"Ивано-Франковск
(укр. Івано-Франківськ)";"Станиславов (до 1772)
Станислав (до 1918)
Станиславов (до 1939)
Станислав (до 1962)";"Ивано-Франковская область";"218 359";1662
"Измаил
(укр. Ізмаїл)";"Тучков (до 1856)";"Одесская область";"84 815";1812
"Изюм
(укр. Ізюм)";"Озюм";"Харьковская область";"56 114";1681
"Изяслав
(укр. Ізяслав)";"Заслав
Заславль";"Хмельницкая область";"18 444";1390
"Ильинцы
(укр. Іллінці)";"Линцы";"Винницкая область";"11 186";1391
"Иловайск
(укр. Іловайськ)";"";"Донецкая область";"17 620";1869
"Инкерман[29](укр. Інкерман)";"Каламита
Белокаменск (с 1976 до 1991)";"Севастополь";"10 628";"VI век"
"Ирмино
(укр. Ірміно)";"Петровка (до 1900)
Ирмино (до 1977)
Теплогорск (до 2010)";"Луганская область";"13 053";1808
"Ирпень
(укр. Ірпінь)";"";"Киевская область";"40 593";1899
"Иршава
(укр. Іршава)";"";"Закарпатская область";"9 515";1341
"Ичня
(укр. Ічня)";"";"Черниговская область";"12 780";"XIV век"
"Кагарлык
(укр. Кагарлик)";"Городец";"Киевская область";"13 757";1142
"Кадиевка
(укр. Кадіївка)";"Кадиевка (до 1937)
Серго (до 1943)
Кадиевка (до 1978)
Стаханов (до 2016)";"Луганская область";"90 152";1814
"Казатин
(укр. Козятин)";"Гуйва";"Винницкая область";"26 635";1734
"Калиновка
(укр. Калинівка)";"";"Винницкая область";"20 061";1774
"Калуш
(укр. Калуш)";"";"Ивано-Франковская область";"67 902";1437
"Кальмиусское
(укр. Кальміуське)";"Каракубстрой (до 1949)
Комсомольское (до 2016)";"Донецкая область";"12 813";1933
"Каменец-Подольский
(укр. Кам’янець-Подільський)";"Каменец
Каменец-Подольск";"Хмельницкая область";"99 610";1062
"Каменка
(укр. Кам’янка)";"";"Черкасская область";"15 109";"XVII век"
"Каменка-Бугская
(укр. Кам’янка-Бузька)";"";"Львовская область";"11 674";1471
"Каменка-Днепровская
(укр. Кам’янка-Дніпровська)";"Малая Знаменка
Каменка
Каменка-на-Днепре";"Запорожская область";"15 522";1786
"Каменское
(укр. Кам’янське)";"Днепродзержинск (с 1936 до 2016)";"Днепропетровская область";"255 841";1897
"Камень-Каширский
(укр. Камінь-Каширський)";"Камень-Каширск";"Волынская область";"10 818";"XIII век"
"Канев
(укр. Канів)";"Родень";"Черкасская область";"26 657";1078
"Карловка
(укр. Карлівка)";"";"Полтавская область";"17 995";1711
"Каховка
(укр. Каховка)";"Ислам-Кермен";"Херсонская область";"38 238";1791
"Керчь[29]
(укр. Керч)";"Черкио
Воспоро
Корчев
Боспор
Пантикапей";"Автономная Республика Крым";"157 007";"610 до н. э."
"Киверцы
(укр. Ківерці)";"";"Волынская область";"16 678";1870
"Киев
(укр. Київ)";"";"Киев";"2 611 327";860
"Килия
(укр. Кілія)";"Хилия
Ликостомон
Кили";"Одесская область";"22 594";"385 до н. э."
"Кипучее
(укр. Кипуче)";"Екатериновка (до 1921)
Артёмовский (до 1938)
Артёмовск (до 2016)";"Луганская область";"9 097";1910
"Кицмань
(укр. Кіцмань)";"";"Черновицкая область";"7 608";1413
"Кобеляки
(укр. Кобеляки)";"";"Хмельницкая область";"12 076";1620
"Ковель
(укр. Ковель)";"";"Волынская область";"66 401";1310
"Кодыма
(укр. Кодима)";"";"Одесская область";"9 634";1754
"Коломыя
(укр. Коломия)";"";"Ивано-Франковская область";"61 989";1240
"Комарно
(укр. Комарно)";"";"Львовская область";"3 994";1471
"Конотоп
(укр. Конотоп)";"Новоселицы";"Сумская область";"92 657";1635
"Константиновка
(укр. Костянтинівка)";"";"Донецкая область";"95 111";1870
"Копычинцы
(укр. Копичинці)";"";"Тернопольская область";"7 036";1443
"Корец
(укр. Корець)";"Корческ";"Ровненская область";"8 649";1150
"Коростень
(укр. Коростень)";"Искоростень";"Житомирская область";"66 669";945
"Коростышев
(укр. Коростишів)";"";"Житомирская область";"26 068";1495
"Корсунь-Шевченковский
(укр. Корсунь-Шевченківський)";"Корсунь (до 1944)";"Черкасская область";"19 311";1032
"Корюковка
(укр. Корюківка)";"";"Черниговская область";"14 318";1657
"Косов
(укр. Косів)";"";"Ивано-Франковская область";"8 301";1424
"Костополь
(укр. Костопіль)";"";"Ровненская область";"30 467";"XVIII век"
"Краматорск
(укр. Краматорськ)";"";"Донецкая область";"181 025";1868
"Красилов
(укр. Красилів)";"";"Хмельницкая область";"20 580";1444
"Красногоровка
(укр. Красногорівка)";"";"Донецкая область";"16 714";1880
"Красноград
(укр. Красноград)";"Константиноград (до 1922)";"Харьковская область";"22 670";1731
"Красноперекопск[29]
(укр. Красноперекопськ)";"";"Автономная Республика Крым";"31 023";1932
"Кременец
(укр. Кременець)";"";"Тернопольская область";"22 051";1227
"Кременная
(укр. Кремінна)";"Ново-Глухов (до 1917)";"Луганская область";"24 447";1733
"Кременчуг
(укр. Кременчук)";"";"Полтавская область";"234 073";1571
"Крестовка
(укр. Хрестівка)";"строительства Давыдовской группы шахт (до 1956)
Кировское (до 2016)";"Донецкая область";"30 910";1954
"Кривой Рог
(укр. Кривий Ріг)";"";"Днепропетровская область";"625 700[48]";1775
"Кролевец
(укр. Кролевець)";"";"Сумская область";"25 183";1601
"Кропивницкий
(укр. Кропивницький)";"Елисаветград (до 1924)
Зиновьевск (до 1934)
Кирово (до 1939)
Кировоград (до 2016)";"Кировоградская область";"254 103";1754
"Купянск
(укр. Куп’янськ)";"Купенск";"Харьковская область";"32 449";1655
"Курахово
(укр. Курахове)";"Кураховгрэсстрой (до 1943)
Кураховгрэс (до 1956)";"Донецкая область";"21 479";1936
"Ладыжин
(укр. Ладижин)";"";"Винницкая область";"22 219";1240
"Лановцы
(укр. Ланівці)";"";"Тернопольская область";"8 680";1444
"Лебедин
(укр. Лебедин)";"";"Сумская область";"28 948";1654
"Лиман
(укр. Лиман)";"Красный Лиман (с 1923 до 2016)";"Донецкая область";"28 172";1667
"Липовец
(укр. Липовець)";"";"Винницкая область";"9 406";1545
"Лисичанск
(укр. Лисичанськ)";"";"Луганская область";"115 229";1710
"Лозовая
(укр. Лозова)";"";"Харьковская область";"64 041";1869
"Лохвица
(укр. Лохвиця)";"";"Полтавская область";"12 389";1320
"Лубны
(укр. Лубни)";"Лубно";"Полтавская область";"52 572";988
"Луганск
(укр. Луганськ)";"Луганский Завод (до 1882)
Ворошиловград (с 1935 до 1958, с 1970 до 1990)";"Луганская область";"463 097";1795
"Лутугино
(укр. Лутугине)";"Шмидтовка (до 1921)";"Луганская область";"18 833";1896
"Луцк
(укр. Луцьк)";"Луческ";"Волынская область";"208 816";1085
"Львов
(укр. Львів)";"";"Львовская область";"732 818";1256
"Любомль
(укр. Любомль)";"";"Волынская область";"10 395";1287
"Люботин
(укр. Люботин)";"";"Харьковская область";"24 173";1650
"Макеевка
(укр. Макіївка)";"Дмитриевск (с 1920 до 1931)";"Донецкая область";"389 589";1690
"Малая Виска
(укр. Мала Виска)";"";"Кировоградская область";"13 132";1752
"Малин
(укр. Малин)";"";"Житомирская область";"28 113";891
"Марганец
(укр. Марганець)";"Городище (до 1926)
Коминтерн (до 1938)";"Днепропетровская область";"49 592";1938
"Мариуполь
(укр. Маріуполь)";"Павловск (до 1779)
Жданов (с 1948 до 1989)";"Донецкая область";"492 176";1778
"Марьинка
(укр. Мар'їнка)";"";"Донецкая область";"10 722";1844
"Мелитополь
(укр. Мелітополь)";"";"Запорожская область";"160 657";1784
"Мена
(укр. Мена)";"";"Черниговская область";"11 243";1408
"Мерефа
(укр. Мерефа)";"";"Харьковская область";"21 598";1595
"Миргород
(укр. Миргород)";"";"Полтавская область";"38 447";1575
"Мирноград
(укр. Мирноград)";"Новоэкономическое (до 1965)
Димитров (с 1965 до 2016)";"Донецкая область";"47 460";1911
"Мироновка
(укр. Миронівка)";"";"Киевская область";"13 368";"XVII век"
"Миусинск
(укр. Миусинск)";"Штергрэс (до 1965)";"Луганская область";"6 029";1923
"Могилёв-Подольский
(укр. Могилів-Подільський)";"";"Винницкая область";"32 853";1595
"Молодогвардейск
(укр. Молодогвардійськ)";"";"Луганская область";"25 528";1954
"Молочанск
(укр. Молочанськ)";"Гальбштадт (до 1915)";"Запорожская область";"7 964";1803
"Монастыриска
(укр. Монастириська)";"Монастырище";"Тернопольская область";"6 344";1454
"Монастырище
(укр. Монастирище)";"";"Черкасская область";"9 463";1050
"Моршин
(укр. Моршин)";"";"Львовская область";"6 482";1482
"Моспино
(укр. Моспине)";"";"Донецкая область";"11 736";1800
"Мостиска
(укр. Мостиська)";"";"Львовская область";"9 150";1244
"Мукачево
(укр. Мукачево)";"Мункач";"Закарпатская область";"82 346";896
"Надворная
(укр. Надвірна)";"";"Ивано-Франковская область";"20 932";1589
"Нежин
(укр. Ніжин)";"Уненеж";"Черниговская область";"76 625";993
"Немиров
(укр. Немирів)";"";"Винницкая область";"12 082";1506
"Нетешин
(укр. Нетішин)";"";"Хмельницкая область";"34 358";1542
"Николаев
(укр. Миколаїв)";"";"Львовская область";"14 801";1570
"Николаев
(укр. Миколаїв)";"";"Николаевская область";"514 136";1789
"Николаевка
(укр. Миколаївка)";"Красный Бык";"Донецкая область";"16 620";1730
"Никополь
(укр. Нікополь)";"Никитино (до 1779)
Славянск (до 1782)";"Днепропетровская область";"136 280";1639
"Новая Каховка
(укр. Нова Каховка)";"Ключевое";"Херсонская область";"52 137";1952
"Новая Одесса
(укр. Нова Одеса)";"Фёдоровка (до 1832)";"Николаевская область";"14 070";1776
"Новгород-Северский
(укр. Новгород-Сіверський)";"";"Черниговская область";"15 175";989
"Новоазовск
(укр. Новоазовськ)";"Новониколаевская (до 1923)
Будённовская (1959)";"Донецкая область";"12 702";1849
"Нововолынск
(укр. Нововолинськ)";"Нововолынский";"Волынская область";"53 838";1950
"Новоград-Волынский
(укр. Новоград-Волинський)";"Звягель (до 1795)";"Житомирская область";"56 259";1257
"Новогродовка
(укр. Новогродівка)";"Гродовка (до 1958)";"Донецкая область";"17 473";1939
"Новоднестровск
(укр. Новодністровськ)";"";"Черновицкая область";"10 342";1973
"Новодружеск
(укр. Новодружеськ)";"Новодружеское (до 1963)";"Луганская область";"9 025";1935
"Новомиргород
(укр. Новомиргород)";"";"Кировоградская область";"13 220";1740
"Новомосковск
(укр. Новомосковськ)";"";"Днепропетровская область";"72 439";1672
"Новоселица
(укр. Новоселиця)";"";"Черновицкая область";"8 400";1456
"Новоукраинка
(укр. Новоукраїнка)";"Павлово (до 1813)
Павловск (до 1902)";"Кировоградская область";"19 353";1769
"Новояворовск
(укр. Новояворівськ)";"Янтарное (до 1965)
Новояворовское (до 2008)";"Львовская область";"26 483";1965
"Новый Буг
(укр. Новий Буг)";"Новопавловка (до 1932)";"Николаевская область";"16 250";1810
"Новый Калинов
(укр. Новий Калинів)";"";"Львовская область";"3 582";1951
"Новый Роздол
(укр. Новий Розділ)";"";"Львовская область";"28 227";1952
"Носовка
(укр. Носівка)";"";"Черниговская область";"15 966";1147
"Обухов
(укр. Обухів)";"";"Киевская область";"32 776";1362
"Овруч
(укр. Овруч)";"Вручий";"Житомирская область";"17 031";946
"Одесса
(укр. Одеса)";"Хаджибей (до 1795)";"Одесская область";"1 029 049";1794
"Олевск
(укр. Олевськ)";"Ореховец
Олегск";"Житомирская область";"10 897";977
"Орехов
(укр. Оріхів)";"";"Запорожская область";"17 955";1783
"Остёр
(укр. Остер)";"";"Черниговская область";"7 194";1098
"Острог
(укр. Острог)";"";"Ровненская область";"14 801";1100
"Павлоград
(укр. Павлоград)";"";"Днепропетровская область";"118 816";1779
"Первомайск
(укр. Первомайськ)";"Александровка (до 1865)
Петро-Марьевка (1920)";"Луганская область";"43 082";1765
"Первомайск
(укр. Первомайськ)";"Ольвиополь
Богополь
Голта";"Николаевская область";"70 170";1919
"Первомайский
(укр. Первомайський)";"Лихачёво (до 1952)";"Харьковская область";"32 523";1869
"Перевальск
(укр. Перевальськ)";"";"Луганская область";"29 665";1902
"Перемышляны
(укр. Перемишляни)";"";"Львовская область";"7 565";1347
"Перечин
(укр. Перечин)";"";"Закарпатская область";"7 083";1399
"Перещепино
(укр. Перещепине)";"";"Днепропетровская область";"10 041";1764
"Переяслав
(укр. Переяслав)";"Переяславль
Переяслав-Хмельницкий (с 1943 по 2019)";"Киевская область";"31 634";907
"Першотравенск
(укр. Першотравенськ)";"Шахтёрский (до 1960)";"Днепропетровская область";"29 140";1954
"Петрово-Красноселье
(укр. Петрово-Красносілля)";"Петровское (с 1959 до 2016)";"Луганская область";"15 478";1895
"Пивденное
(укр. Південне)";"Южный";"Харьковская область";"8 516";1906
"Пирятин
(укр. Пирятин)";"";"Полтавская область";"16 664";1155
"Погребище
(укр. Погребище)";"";"Винницкая область";"10 754";1148
"Подгайцы
(укр. Підгайці)";"";"Тернопольская область";"3 280";1397
"Подгородное
(укр. Підгородне)";"";"Днепропетровская область";"17 763";"1600-е"
"Подольск
(укр. Подільськ)";"Бирзула (до 1935)
Котовск (до 2016)";"Одесская область";"40 718";1779
"Покров
(укр. Покров)";"Орджоникидзе (до 2016)";"Днепропетровская область";"44 834";1934
"Покровск
(укр. Покровськ)";"Гришино (до 1934)
Постышево (до 1938)
Красноармейское (до 1965)
Красноармейск (до 2016)";"Донецкая область";"69 154";1875
"Пологи
(укр. Пологи)";"Чубаревка (с 1928 до 1937)";"Запорожская область";"22 206";1887
"Полонное
(укр. Полонне)";"";"Хмельницкая область";"23 211";996
"Полтава
(укр. Полтава)";"Лтава";"Полтавская область";"317 998";1174
"Помошная
(укр. Помічна)";"";"Кировоградская область";"10 946";1868
"Попасная
(укр. Попасна)";"им. Л. М. Кагановича (с 1938 до 1943)";"Луганская область";"25 951";1878
"Почаев
(укр. Почаїв)";"";"Тернопольская область";"8 240";1450
"Приволье
(укр. Привілля)";"Ассесорское (до 1753)
Пятая Рота (до 1778)";"Луганская область";"9 004";1695
"Прилуки
(укр. Прилуки)";"";"Черниговская область";"64 861";1085
"Приморск
(укр. Приморськ)";"Обиточное (до 1821)
Ногайск (до 1964)
Приморский";"Запорожская область";"12 973";1821
"Припять
(укр. Прип’ять)";"";"Киевская область";0;1970
"Пустомыты
(укр. Пустомити)";"";"Львовская область";"9 798";1410
"Путивль
(укр. Путивль)";"";"Сумская область";"17 354";989
"Пятихатки
(укр. П’ятихатки)";"";"Днепропетровская область";"20 563";1886
"Рава-Русская
(укр. Рава-Руська)";"";"Львовская область";"8 070";1455
"Радехов
(укр. Радехів)";"";"Львовская область";"9 230";1752
"Радивилов
(укр. Радивилів)";"Радзивилов (до 1939)
Червоноармейск (до 1992)";"Ровненская область";"10 311";1564
"Радомышль
(укр. Радомишль)";"Радомысль (до 1946)";"Житомирская область";"15 326";1150
"Раздельная
(укр. Роздільна)";"";"Одесская область";"17 853";1863
"Рахов
(укр. Рахів)";"";"Закарпатская область";"15 241";1447
"Рени
(укр. Рені)";"";"Одесская область";"20 481";1548
"Решетиловка
(укр. Решетилівка)";"";"Полтавская область";9457;1638
"Ржищев
(укр. Ржищів)";"Вжищев
Ржищево";"Киевская область";"8 447";1121
"Ровеньки
(укр. Ровеньки)";"";"Луганская область";"53 725";1705
"Ровно
(укр. Рівне)";"";"Ровненская область";"248 813";1283
"Рогатин
(укр. Рогатин)";"";"Ивано-Франковская область";"8 607";1184
"Родинское
(укр. Родинське)";"";"Донецкая область";"11 996";1950
"Рожище
(укр. Рожище)";"";"Волынская область";"13 636";1377
"Ромны
(укр. Ромни)";"";"Сумская область";"50 448";1096
"Рубежное
(укр. Рубіжне)";"";"Луганская область";"65 322";1896
"Рудки
(укр. Рудки)";"";"Львовская область";"4 942";1472
"Саки[29]
(укр. Саки)";"Сак";"Автономная Республика Крым";"29 416";"XIV век"
"Самбор
(укр. Самбір)";"";"Львовская область";"36 556";1241
"Сарны
(укр. Сарни)";"";"Ровненская область";"28 144";1648
"Свалява
(укр. Свалява)";"Сольва";"Закарпатская область";"17 145";1236
"Сватово
(укр. Сватове)";"Сватова Лучка";"Луганская область";"19 495";1660
"Светловодск
(укр. Світловодськ)";"Хрущёв (до 1962)
Кремгэс (до 1969)";"Кировоградская область";"50 094";1954
"Светлодарск
(укр. Світлодарськ)";"Светлодарское";"Донецкая область";"13 184";1968
"Святогорск
(укр. Святогірськ)";"Банное (до 1964)
Славяногорск (до 2003)";"Донецкая область";"5 136";1571
"Севастополь[29]
(укр. Севастополь)";"Ахтиар (с 1783 до 1784, с 1797 до 1826)";"Севастополь";"342 451";1783
"Северодонецк
(укр. Сєвєродонецьк)";"Лисхимстрой (до 1950)";"Луганская область";"119 940";1934
"Северск
(укр. Сіверськ)";"Яма (до 1973)";"Донецкая область";"14 393";1913
"Селидово
(укр. Селидове)";"Селидовка (до 1956)";"Донецкая область";"26 793";1770
"Семёновка
(укр. Семенівка)";"";"Черниговская область";"9 656";1680
"Середина-Буда
(укр. Середина-Буда)";"";"Сумская область";"7 511";1650
"Симферополь[29]
(укр. Сімферополь)";"Акмесджит";"Автономная Республика Крым";"343 644";1784
"Синельниково
(укр. Синельникове)";"";"Днепропетровская область";"32 302";1868
"Скадовск
(укр. Скадовськ)";"Али-Агок";"Херсонская область";"19 641";1894
"Скалат
(укр. Скалат)";"";"Тернопольская область";"4 036";1512
"Сквира
(укр. Сквира)";"";"Киевская область";"18 126";1390
"Сколе
(укр. Сколе)";"";"Львовская область";"6 742";1397
"Славута
(укр. Славута)";"";"Хмельницкая область";"34 340";1633
"Славутич
(укр. Славутич)";"";"Киевская область";"24 402";1986
"Славянск
(укр. Слов’янськ)";"Тор (до 1784)
Славянское (до 1933)";"Донецкая область";"124 829";1676
"Смела
(укр. Сміла)";"";"Черкасская область";"69 681";1542
"Снежное
(укр. Сніжне)";"Васильевка (до 1864)";"Донецкая область";"58 496";1784
"Снигирёвка
(укр. Снігурівка)";"";"Николаевская область";"15 447";1812
"Сновск
(укр. Сновськ)";"Коржовка
Щорс (с 1935 до 2016)";"Черниговская область";"12 315";1860
"Снятын
(укр. Снятин)";"";"Ивано-Франковская область";"10 479";1158
"Сокаль
(укр. Сокаль)";"";"Львовская область";"21 693";1377
"Сокиряны
(укр. Сокиряни)";"";"Черновицкая область";"10 258";1666
"Соледар
(укр. Соледар)";"Брянцевка (до 1926)
Карла Либкнехта (до 1965)
Карло-Либкнехтово (до 1965)
Карло-Либкнехтовск (до 1991)";"Донецкая область";"13 151";1795
"Сорокино
(укр. Сорокине)";"Краснодон (с 1938 до 2016)";"Луганская область";"50 560";1914
"Сосновка
(укр. Соснівка)";"Кирово";"Львовская область";"11 889";1955
"Старобельск
(укр. Старобільськ)";"";"Луганская область";"22 371";1686
"Староконстантинов
(укр. Старокостянтинів)";"";"Хмельницкая область";"35 206";1525
"Старый Крым[29]
(укр. Старий Крим)";"Кырым
Солхат
Левкополь";"Автономная Республика Крым";"10 101";"I век"
"Старый Самбор
(укр. Старий Самбір)";"";"Львовская область";"5 706";1071
"Стебник
(укр. Стебник)";"";"Львовская область";"20 863";1400
"Сторожинец
(укр. Сторожинець)";"";"Черновицкая область";"14 693";1448
"Стрый
(укр. Стрий)";"";"Львовская область";"62 479";1385
"Судак[29]
(укр. Судак)";"Солдая
Сугдея
Сидагиос
Сурож";"Автономная Республика Крым";"14 495";212
"Судовая Вишня
(укр. Судова Вишня)";"";"Львовская область";"6 668";1230
"Сумы
(укр. Суми)";"";"Сумская область";"293 141";1652
"Суходольск
(укр. Суходільськ)";"Дуванный";"Луганская область";"23 642";1914
"Счастье
(укр. Щастя)";"Коваливка";"Луганская область";"13 770";1754
"Таврийск
(укр. Таврійськ)";"";"Херсонская область";"11 452";1983
"Тальное
(укр. Тальне)";"";"Черкасская область";"16 388";1646
"Тараща
(укр. Тараща)";"";"Киевская область";"13 452";1709
"Татарбунары
(укр. Татарбунари)";"Татар-Бунар
Татар-Пунар
Татарэшти";"Одесская область";"10 797";1637
"Теплодар
(укр. Теплодар)";"";"Одесская область";"8 830";1981
"Теребовля
(укр. Теребовля)";"Трембовля";"Тернопольская область";"13 661";1097
"Терновка
(укр. Тернівка)";"";"Днепропетровская область";"29 226";1775
"Тернополь
(укр. Тернопіль)";"Тарнополь (до 1944)";"Тернопольская область";"227 755";1540
"Тетиев
(укр. Тетіїв)";"Тимошня";"Киевская область";"14 944";1514
"Тлумач
(укр. Тлумач)";"";"Ивано-Франковская область";"8 831";1213
"Токмак
(укр. Токмак)";"";"Запорожская область";"36 275";1784
"Торецк
(укр. Торецьк)";"Щербиновка (до 1936)
Дзержинск (до 2016)";"Донецкая область";"43 371";1806
"Тростянец
(укр. Тростянець)";"";"Сумская область";"23 308";1660
"Трускавец
(укр. Трускавець)";"";"Львовская область";"31 037";1469
"Тульчин
(укр. Тульчин)";"Нестервар";"Винницкая область";"16 136";1607
"Турка
(укр. Турка)";"";"Львовская область";"7 681";1431
"Тысменица
(укр. Тисмениця)";"";"Ивано-Франковская область";"9 790";"XII век"
"Тячев
(укр. Тячів)";"";"Закарпатская область";"9 786";1329
"Углегорск
(укр. Вуглегірськ)";"Хацепетовка (до 1958)";"Донецкая область";"10 309";1879
"Угледар
(укр. Вугледар)";"";"Донецкая область";"17 440";1964
"Угнев
(укр. Угнів)";"";"Львовская область";"1 021";1462
"Ужгород
(укр. Ужгород)";"Унгвар";"Закарпатская область";"117 317";"IX век"
"Узин
(укр. Узин)";"";"Киевская область";"13 217";1590
"Украинка
(укр. Українка)";"Злодиевка (до 1912)
Столыпино (1921)";"Киевская область";"14 163";"XV век"
"Украинск
(укр. Українськ)";"Лесовка (до 1963)";"Донецкая область";"13 236";1952
"Умань
(укр. Умань)";"";"Черкасская область";"88 735";1616
"Устилуг
(укр. Устилуг)";"Устилогов
Усчилуг
Ружиямполь";"Волынская область";"2 283";1150
"Фастов
(укр. Фастів)";"Фощево
Хвостов";"Киевская область";"51 976";1390
"Феодосия[29]
(укр. Феодосія)";"Кефе
Кафа
Ардабда";"Автономная Республика Крым";"74 669";"VI век до н. э."
"Харцызск
(укр. Харцизьк)";"";"Донецкая область";"64 175";1869
"Харьков
(укр. Харків)";"";"Харьковская область";"1 470 902";1654
"Херсон
(укр. Херсон)";"";"Херсонская область";"328 360";1778
"Хмельник
(укр. Хмільник)";"";"Винницкая область";"27 898";1362
"Хмельницкий
(укр. Хмельницький)";"Проскуров (до 1954)";"Хмельницкая область";"290 000";1431
"Ходоров
(укр. Ходорів)";"Ходоростав";"Львовская область";"10 565";1394
"Хорол
(укр. Хорол)";"";"Полтавская область";"14 753";1083
"Хоростков
(укр. Хоростків)";"";"Тернопольская область";"7 306";1564
"Хотин
(укр. Хотин)";"";"Черновицкая область";"11 216";1002
"Христиновка
(укр. Христинівка)";"";"Черкасская область";"11 650";1890
"Хрустальный
(укр. Хрустальний)";"Криндачевка (до 1920)
Красный Луч (до 2016)";"Луганская область";"94 875";1895
"Хуст
(укр. Хуст)";"";"Закарпатская область";"29 080";1090
"Хыров
(укр. Хирів)";"";"Львовская область";"4 590";1374
"Часов Яр
(укр. Часів Яр)";"";"Донецкая область";"16 612";1876
"Червоноград
(укр. Червоноград)";"Кристинополь (до 1951)";"Львовская область";"70 568";1692
"Черкассы
(укр. Черкаси)";"";"Черкасская область";"295 414";1284
"Чернигов
(укр. Чернігів)";"";"Черниговская область";"304 994";907
"Чернобыль
(укр. Чорнобиль)";"";"Киевская область";0;1193
"Черновцы
(укр. Чернівці)";"Черновицы (до 1944)";"Черновицкая область";"240 621";1408
"Черноморск
(укр. Чорноморськ)";"Ильичёвск (до 2016)";"Одесская область";"54 151";1952
"Чигирин
(укр. Чигирин)";"";"Черкасская область";"11 960";1795
"Чистяково
(укр. Чистякове)";"Слобода Алексеевка (до 1840)
Алексеево-Леоново (до 1857)
Чистяково (до 1964)
Торез (до 2016)";"Донецкая область";"72 346";1778
"Чоп
(укр. Чоп)";"";"Закарпатская область";"8 919";1281
"Чортков
(укр. Чортків)";"Чертков";"Тернопольская область";"29 057";1427
"Чугуев
(укр. Чугуїв)";"";"Харьковская область";"36 789";1680
"Чуднов
(укр. Чуднів)";"Чуднов-Волынский";"Житомирская область";"5 752";1416
"Шаргород
(укр. Шаргород)";"Корчмарово";"Винницкая область";"7 161";1383
"Шахтёрск
(укр. Шахтарськ)";"Катык (до 1953)";"Донецкая область";"59 589";1764
"Шепетовка
(укр. Шепетівка)";"";"Хмельницкая область";"48 212";1594
"Шостка
(укр. Шостка)";"";"Сумская область";"87 130";1739
"Шпола
(укр. Шпола)";"";"Черкасская область";"19 427";1594
"Шумск
(укр. Шумськ)";"";"Тернопольская область";"5 161";1149
"Щёлкино[29]
(укр. Щолкіне)";"";"Автономная Республика Крым";"11 699";1978
"Энергодар
(укр. Енергодар)";"";"Запорожская область";"56 242";1970
"Южное
(укр. Южне)";"Новая Сычавка (до 1978)";"Одесская область";"23 977";1978
"Южноукраинск
(укр. Южноукраїнськ)";"Константиновка-2 (до 1980)";"Николаевская область";"38 206";1975
"Яворов
(укр. Яворів)";"";"Львовская область";"13 510";1376
"Яготин
(укр. Яготин)";"";"Киевская область";"23 659";1552
"Ялта[29]
(укр. Ялта)";"Ялита
Красноармейск (с 1921 до 1922)";"Автономная Республика Крым";"81 654";1154
"Ямполь
(укр. Ямпіль)";"";"Винницкая область";"11 787";1600
"Яремче
(укр. Яремче)";"Яремча (до 2006)";"Ивано-Франковская область";"7 850";1787
"Ясиноватая
(укр. Ясинувата)";"";"Донецкая область";"37 552";1872
