[{"city":"Catamarca","state":"Catamarca","country":"Argentina"},{"city":"Presidencia Roque Saenz Pena","state":"Chaco","country":"Argentina"},{"city":"Resistencia","state":"Chaco","country":"Argentina"},{"city":"Comodoro Rivadavia","state":"Chubut","country":"Argentina"},{"city":"Puerto Madryn","state":"Chubut","country":"Argentina"},{"city":"Rawson","state":"Chubut","country":"Argentina"},{"city":"Trelew","state":"Chubut","country":"Argentina"},{"city":"Alta Gracia","state":"Cordoba","country":"Argentina"},{"city":"Bell Ville","state":"Cordoba","country":"Argentina"},{"city":"Cordoba","state":"Cordoba","country":"Argentina"},{"city":"Rio Cuarto","state":"Cordoba","country":"Argentina"},{"city":"Rio Tercero","state":"Cordoba","country":"Argentina"},{"city":"San Francisco","state":"Cordoba","country":"Argentina"},{"city":"Villa Carlos Paz","state":"Cordoba","country":"Argentina"},{"city":"Villa Maria","state":"Cordoba","country":"Argentina"},{"city":"Corrientes","state":"Corrientes","country":"Argentina"},{"city":"Goya","state":"Corrientes","country":"Argentina"},{"city":"Mercedes","state":"Corrientes","country":"Argentina"},{"city":"San Lorenzo","state":"Corrientes","country":"Argentina"},{"city":"Formosa","state":"Formosa","country":"Argentina"},{"city":"Jujuy","state":"Jujuy","country":"Argentina"},{"city":"Libertador General San Martin","state":"Jujuy","country":"Argentina"},{"city":"San Pedro","state":"Jujuy","country":"Argentina"},{"city":"Godoy Cruz","state":"Mendoza","country":"Argentina"},{"city":"Lujan","state":"Mendoza","country":"Argentina"},{"city":"Mendoza","state":"Mendoza","country":"Argentina"},{"city":"Rivadavia","state":"Mendoza","country":"Argentina"},{"city":"San Martin","state":"Mendoza","country":"Argentina"},{"city":"San Rafael","state":"Mendoza","country":"Argentina"},{"city":"Eldorado","state":"Misiones","country":"Argentina"},{"city":"Obera","state":"Misiones","country":"Argentina"},{"city":"Posadas","state":"Misiones","country":"Argentina"},{"city":"Cutral Co","state":"Neuquen","country":"Argentina"},{"city":"Neuquen","state":"Neuquen","country":"Argentina"},{"city":"Salta","state":"Salta","country":"Argentina"},{"city":"San Ramon de la Nueva Oran","state":"Salta","country":"Argentina"},{"city":"Tartagal","state":"Salta","country":"Argentina"},{"city":"Tucuman","state":"Tucuman","country":"Argentina"}]