[{"city":"Alat","state":"Abseron","country":"Azerbaijan"},{"city":"Artyom","state":"Abseron","country":"Azerbaijan"},{"city":"Baki","state":"Abseron","country":"Azerbaijan"},{"city":"Bakixanov","state":"Abseron","country":"Azerbaijan"},{"city":"Balaxani","state":"Abseron","country":"Azerbaijan"},{"city":"Bilacari","state":"Abseron","country":"Azerbaijan"},{"city":"Bilqax","state":"Abseron","country":"Azerbaijan"},{"city":"Bina","state":"Abseron","country":"Azerbaijan"},{"city":"Buzovna","state":"Abseron","country":"Azerbaijan"},{"city":"Haci Zeynalabdin","state":"Abseron","country":"Azerbaijan"},{"city":"Hovsan","state":"Abseron","country":"Azerbaijan"},{"city":"Lokbatan","state":"Abseron","country":"Azerbaijan"},{"city":"Mastaga","state":"Abseron","country":"Azerbaijan"},{"city":"Puta","state":"Abseron","country":"Azerbaijan"},{"city":"Qarasuxur","state":"Abseron","country":"Azerbaijan"},{"city":"Qobustan","state":"Abseron","country":"Azerbaijan"},{"city":"Rasulzada","state":"Abseron","country":"Azerbaijan"},{"city":"Sabuncu","state":"Abseron","country":"Azerbaijan"},{"city":"Sanqacal","state":"Abseron","country":"Azerbaijan"},{"city":"Sumqayit","state":"Abseron","country":"Azerbaijan"},{"city":"Suraxani","state":"Abseron","country":"Azerbaijan"},{"city":"Xirdalan","state":"Abseron","country":"Azerbaijan"},{"city":"Zirya","state":"Abseron","country":"Azerbaijan"},{"city":"Daskasan","state":"Ganca","country":"Azerbaijan"},{"city":"Ganca","state":"Ganca","country":"Azerbaijan"},{"city":"Xanlar","state":"Ganca","country":"Azerbaijan"},{"city":"Ganja","state":"Ganja","country":"Azerbaijan"},{"city":"Cabrayil","state":"Kalbacar","country":"Azerbaijan"},{"city":"Kalbacar","state":"Kalbacar","country":"Azerbaijan"},{"city":"Lacin","state":"Kalbacar","country":"Azerbaijan"},{"city":"Astara","state":"Lankaran","country":"Azerbaijan"},{"city":"Goytapa","state":"Lankaran","country":"Azerbaijan"},{"city":"Lankaran","state":"Lankaran","country":"Azerbaijan"},{"city":"Masalli","state":"Lankaran","country":"Azerbaijan"},{"city":"Neftcala","state":"Lankaran","country":"Azerbaijan"},{"city":"Agcabadi","state":"Mil-Qarabax","country":"Azerbaijan"},{"city":"Agdam","state":"Mil-Qarabax","country":"Azerbaijan"},{"city":"Barda","state":"Mil-Qarabax","country":"Azerbaijan"},{"city":"Mingacevir","state":"Mil-Qarabax","country":"Azerbaijan"},{"city":"Tartar","state":"Mil-Qarabax","country":"Azerbaijan"},{"city":"Yevlax","state":"Mil-Qarabax","country":"Azerbaijan"},{"city":"Ali Bayramli","state":"Mugan-Salyan","country":"Azerbaijan"},{"city":"Bilasuvar","state":"Mugan-Salyan","country":"Azerbaijan"},{"city":"Calilabad","state":"Mugan-Salyan","country":"Azerbaijan"},{"city":"Qarasu","state":"Mugan-Salyan","country":"Azerbaijan"},{"city":"Qazimammad","state":"Mugan-Salyan","country":"Azerbaijan"},{"city":"Saatli","state":"Mugan-Salyan","country":"Azerbaijan"},{"city":"Sabirabad","state":"Mugan-Salyan","country":"Azerbaijan"},{"city":"Salyan","state":"Mugan-Salyan","country":"Azerbaijan"},{"city":"Susa","state":"Nagorni-Qarabax","country":"Azerbaijan"},{"city":"Xankandi","state":"Nagorni-Qarabax","country":"Azerbaijan"},{"city":"Xocavand","state":"Nagorni-Qarabax","country":"Azerbaijan"},{"city":"Culfa","state":"Naxcivan","country":"Azerbaijan"},{"city":"Naxcivan","state":"Naxcivan","country":"Azerbaijan"},{"city":"Ordubad","state":"Naxcivan","country":"Azerbaijan"},{"city":"Sadarak","state":"Naxcivan","country":"Azerbaijan"},{"city":"Sarur","state":"Naxcivan","country":"Azerbaijan"},{"city":"Beylaqan","state":"Priaraks","country":"Azerbaijan"},{"city":"Fuzuli","state":"Priaraks","country":"Azerbaijan"},{"city":"Imisli","state":"Priaraks","country":"Azerbaijan"},{"city":"Agstafa","state":"Qazax","country":"Azerbaijan"},{"city":"Gadabay","state":"Qazax","country":"Azerbaijan"},{"city":"Kovlar","state":"Qazax","country":"Azerbaijan"},{"city":"Qaracamirli","state":"Qazax","country":"Azerbaijan"},{"city":"Qazax","state":"Qazax","country":"Azerbaijan"},{"city":"Samkir","state":"Qazax","country":"Azerbaijan"},{"city":"Tovuz","state":"Qazax","country":"Azerbaijan"},{"city":"Amircan","state":"Saki","country":"Azerbaijan"},{"city":"Balakan","state":"Saki","country":"Azerbaijan"},{"city":"Katex","state":"Saki","country":"Azerbaijan"},{"city":"Oguz","state":"Saki","country":"Azerbaijan"},{"city":"Qabala","state":"Saki","country":"Azerbaijan"},{"city":"Qax","state":"Saki","country":"Azerbaijan"},{"city":"Saki","state":"Saki","country":"Azerbaijan"},{"city":"Zaqatala","state":"Saki","country":"Azerbaijan"},{"city":"Agdas","state":"Sirvan","country":"Azerbaijan"},{"city":"Agsu","state":"Sirvan","country":"Azerbaijan"},{"city":"Goycay","state":"Sirvan","country":"Azerbaijan"},{"city":"Ismayilli","state":"Sirvan","country":"Azerbaijan"},{"city":"Kurdamir","state":"Sirvan","country":"Azerbaijan"},{"city":"Samaxi","state":"Sirvan","country":"Azerbaijan"},{"city":"Ucar","state":"Sirvan","country":"Azerbaijan"},{"city":"Zardab","state":"Sirvan","country":"Azerbaijan"},{"city":"Davaci","state":"Xacmaz","country":"Azerbaijan"},{"city":"Quba","state":"Xacmaz","country":"Azerbaijan"},{"city":"Qusar","state":"Xacmaz","country":"Azerbaijan"},{"city":"Siyazan","state":"Xacmaz","country":"Azerbaijan"},{"city":"Xacmaz","state":"Xacmaz","country":"Azerbaijan"},{"city":"Xudat","state":"Xacmaz","country":"Azerbaijan"}]