[{"city":"Acrelandia","state":"Acre","country":"Brazil"},{"city":"Brasileia","state":"Acre","country":"Brazil"},{"city":"Cruzeiro do Sul","state":"Acre","country":"Brazil"},{"city":"Epitaciolandia","state":"Acre","country":"Brazil"},{"city":"Feijo","state":"Acre","country":"Brazil"},{"city":"Mancio Lima","state":"Acre","country":"Brazil"},{"city":"Manoel Urbano","state":"Acre","country":"Brazil"},{"city":"Marechal Thaumaturgo","state":"Acre","country":"Brazil"},{"city":"Placido de Castro","state":"Acre","country":"Brazil"},{"city":"Porto Walter","state":"Acre","country":"Brazil"},{"city":"Rio Branco","state":"Acre","country":"Brazil"},{"city":"Rodrigues Alves","state":"Acre","country":"Brazil"},{"city":"Sena Madureira","state":"Acre","country":"Brazil"},{"city":"Senador Guiomard","state":"Acre","country":"Brazil"},{"city":"Tarauaca","state":"Acre","country":"Brazil"},{"city":"Xapuri","state":"Acre","country":"Brazil"},{"city":"Agua Branca","state":"Alagoas","country":"Brazil"},{"city":"Anadia","state":"Alagoas","country":"Brazil"},{"city":"Arapiraca","state":"Alagoas","country":"Brazil"},{"city":"Atalaia","state":"Alagoas","country":"Brazil"},{"city":"Barra de Santo Antonio","state":"Alagoas","country":"Brazil"},{"city":"Batalha","state":"Alagoas","country":"Brazil"},{"city":"Boca da Mata","state":"Alagoas","country":"Brazil"},{"city":"Cacimbinhas","state":"Alagoas","country":"Brazil"},{"city":"Cajueiro","state":"Alagoas","country":"Brazil"},{"city":"Campo Alegre","state":"Alagoas","country":"Brazil"},{"city":"Campo Grande","state":"Alagoas","country":"Brazil"},{"city":"Canapi","state":"Alagoas","country":"Brazil"},{"city":"Capela","state":"Alagoas","country":"Brazil"},{"city":"Coite do Noia","state":"Alagoas","country":"Brazil"},{"city":"Colonia Leopoldina","state":"Alagoas","country":"Brazil"},{"city":"Coruripe","state":"Alagoas","country":"Brazil"},{"city":"Craibas","state":"Alagoas","country":"Brazil"},{"city":"Delmiro Gouveia","state":"Alagoas","country":"Brazil"},{"city":"Dois Riachos","state":"Alagoas","country":"Brazil"},{"city":"Estrela de Alagoas","state":"Alagoas","country":"Brazil"},{"city":"Feira Grande","state":"Alagoas","country":"Brazil"},{"city":"Flexeiras","state":"Alagoas","country":"Brazil"},{"city":"Girau do Ponciano","state":"Alagoas","country":"Brazil"},{"city":"Ibateguara","state":"Alagoas","country":"Brazil"},{"city":"Igaci","state":"Alagoas","country":"Brazil"},{"city":"Igreja Nova","state":"Alagoas","country":"Brazil"},{"city":"Inhapi","state":"Alagoas","country":"Brazil"},{"city":"Joaquim Gomes","state":"Alagoas","country":"Brazil"},{"city":"Jundia","state":"Alagoas","country":"Brazil"},{"city":"Junqueiro","state":"Alagoas","country":"Brazil"},{"city":"Lagoa da Canoa","state":"Alagoas","country":"Brazil"},{"city":"Limoeiro de Anadia","state":"Alagoas","country":"Brazil"},{"city":"Maceio","state":"Alagoas","country":"Brazil"},{"city":"Major Isidoro","state":"Alagoas","country":"Brazil"},{"city":"Maragogi","state":"Alagoas","country":"Brazil"},{"city":"Maravilha","state":"Alagoas","country":"Brazil"},{"city":"Marechal Deodoro","state":"Alagoas","country":"Brazil"},{"city":"Maribondo","state":"Alagoas","country":"Brazil"},{"city":"Mata Grande","state":"Alagoas","country":"Brazil"},{"city":"Matriz de Camaragibe","state":"Alagoas","country":"Brazil"},{"city":"Messias","state":"Alagoas","country":"Brazil"},{"city":"Minador do Negrao","state":"Alagoas","country":"Brazil"},{"city":"Murici","state":"Alagoas","country":"Brazil"},{"city":"Novo Lino","state":"Alagoas","country":"Brazil"},{"city":"Olho d'Agua das Flores","state":"Alagoas","country":"Brazil"},{"city":"Olivenca","state":"Alagoas","country":"Brazil"},{"city":"Palmeira dos Indios","state":"Alagoas","country":"Brazil"},{"city":"Pao de Acucar","state":"Alagoas","country":"Brazil"},{"city":"Passo de Camaragibe","state":"Alagoas","country":"Brazil"},{"city":"Penedo","state":"Alagoas","country":"Brazil"},{"city":"Piacabucu","state":"Alagoas","country":"Brazil"},{"city":"Pilar","state":"Alagoas","country":"Brazil"},{"city":"Piranhas","state":"Alagoas","country":"Brazil"},{"city":"Poco das Trincheiras","state":"Alagoas","country":"Brazil"},{"city":"Porto Calvo","state":"Alagoas","country":"Brazil"},{"city":"Porto Real do Colegio","state":"Alagoas","country":"Brazil"},{"city":"Quebrangulo","state":"Alagoas","country":"Brazil"},{"city":"Rio Largo","state":"Alagoas","country":"Brazil"},{"city":"Santana do Ipanema","state":"Alagoas","country":"Brazil"},{"city":"Santana do Mundau","state":"Alagoas","country":"Brazil"},{"city":"Sao Jose da Laje","state":"Alagoas","country":"Brazil"},{"city":"Sao Jose da Tapera","state":"Alagoas","country":"Brazil"},{"city":"Sao Luis do Quitunde","state":"Alagoas","country":"Brazil"},{"city":"Sao Miguel dos Campos","state":"Alagoas","country":"Brazil"},{"city":"Sao Sebastiao","state":"Alagoas","country":"Brazil"},{"city":"Satuba","state":"Alagoas","country":"Brazil"},{"city":"Senador Rui Palmeira","state":"Alagoas","country":"Brazil"},{"city":"Taquarana","state":"Alagoas","country":"Brazil"},{"city":"Teotonio Vilela","state":"Alagoas","country":"Brazil"},{"city":"Traipu","state":"Alagoas","country":"Brazil"},{"city":"Uniao dos Palmares","state":"Alagoas","country":"Brazil"},{"city":"Vicosa","state":"Alagoas","country":"Brazil"},{"city":"Amapa","state":"Amapa","country":"Brazil"},{"city":"Laranjal do Jari","state":"Amapa","country":"Brazil"},{"city":"Macapa","state":"Amapa","country":"Brazil"},{"city":"Mazagao","state":"Amapa","country":"Brazil"},{"city":"Oiapoque","state":"Amapa","country":"Brazil"},{"city":"Santana","state":"Amapa","country":"Brazil"},{"city":"Alvaraes","state":"Amazonas","country":"Brazil"},{"city":"Anori","state":"Amazonas","country":"Brazil"},{"city":"Apui","state":"Amazonas","country":"Brazil"},{"city":"Autazes","state":"Amazonas","country":"Brazil"},{"city":"Barcelos","state":"Amazonas","country":"Brazil"},{"city":"Barreirinha","state":"Amazonas","country":"Brazil"},{"city":"Benjamin Constant","state":"Amazonas","country":"Brazil"},{"city":"Boca do Acre","state":"Amazonas","country":"Brazil"},{"city":"Borba","state":"Amazonas","country":"Brazil"},{"city":"Canutama","state":"Amazonas","country":"Brazil"},{"city":"Carauari","state":"Amazonas","country":"Brazil"},{"city":"Careiro","state":"Amazonas","country":"Brazil"},{"city":"Careiro da Varzea","state":"Amazonas","country":"Brazil"},{"city":"Coari","state":"Amazonas","country":"Brazil"},{"city":"Codajas","state":"Amazonas","country":"Brazil"},{"city":"Eirunepe","state":"Amazonas","country":"Brazil"},{"city":"Envira","state":"Amazonas","country":"Brazil"},{"city":"Fonte Boa","state":"Amazonas","country":"Brazil"},{"city":"Guajara","state":"Amazonas","country":"Brazil"},{"city":"Humaita","state":"Amazonas","country":"Brazil"},{"city":"Ipixuna","state":"Amazonas","country":"Brazil"},{"city":"Iranduba","state":"Amazonas","country":"Brazil"},{"city":"Itacoatiara","state":"Amazonas","country":"Brazil"},{"city":"Japura","state":"Amazonas","country":"Brazil"},{"city":"Jutai","state":"Amazonas","country":"Brazil"},{"city":"Labrea","state":"Amazonas","country":"Brazil"},{"city":"Manacapuru","state":"Amazonas","country":"Brazil"},{"city":"Manaquiri","state":"Amazonas","country":"Brazil"},{"city":"Manaus","state":"Amazonas","country":"Brazil"},{"city":"Manicore","state":"Amazonas","country":"Brazil"},{"city":"Maraa","state":"Amazonas","country":"Brazil"},{"city":"Maues","state":"Amazonas","country":"Brazil"},{"city":"Nhamunda","state":"Amazonas","country":"Brazil"},{"city":"Nova Olinda do Norte","state":"Amazonas","country":"Brazil"},{"city":"Novo Airao","state":"Amazonas","country":"Brazil"},{"city":"Novo Aripuana","state":"Amazonas","country":"Brazil"},{"city":"Parintins","state":"Amazonas","country":"Brazil"},{"city":"Pauini","state":"Amazonas","country":"Brazil"},{"city":"Rio Preto da Eva","state":"Amazonas","country":"Brazil"},{"city":"Santa Isabel do Rio Negro","state":"Amazonas","country":"Brazil"},{"city":"Santo Antonio do Ica","state":"Amazonas","country":"Brazil"},{"city":"Sao Gabriel da Cachoeira","state":"Amazonas","country":"Brazil"},{"city":"Sao Paulo de Olivenca","state":"Amazonas","country":"Brazil"},{"city":"Tabatinga","state":"Amazonas","country":"Brazil"},{"city":"Tapaua","state":"Amazonas","country":"Brazil"},{"city":"Tefe","state":"Amazonas","country":"Brazil"},{"city":"Tonantins","state":"Amazonas","country":"Brazil"},{"city":"Uarini","state":"Amazonas","country":"Brazil"},{"city":"Urucara","state":"Amazonas","country":"Brazil"},{"city":"Urucurituba","state":"Amazonas","country":"Brazil"},{"city":"Acajutiba","state":"Bahia","country":"Brazil"},{"city":"Alagoinhas","state":"Bahia","country":"Brazil"},{"city":"Amargosa","state":"Bahia","country":"Brazil"},{"city":"Amelia Rodrigues","state":"Bahia","country":"Brazil"},{"city":"America Dourada","state":"Bahia","country":"Brazil"},{"city":"Anage","state":"Bahia","country":"Brazil"},{"city":"Araci","state":"Bahia","country":"Brazil"},{"city":"Aurelino Leal","state":"Bahia","country":"Brazil"},{"city":"Baixa Grande","state":"Bahia","country":"Brazil"},{"city":"Barra","state":"Bahia","country":"Brazil"},{"city":"Barra da Estiva","state":"Bahia","country":"Brazil"},{"city":"Barra do Choca","state":"Bahia","country":"Brazil"},{"city":"Barreiras","state":"Bahia","country":"Brazil"},{"city":"Belmonte","state":"Bahia","country":"Brazil"},{"city":"Boa Vista do Tupim","state":"Bahia","country":"Brazil"},{"city":"Bom Jesus da Lapa","state":"Bahia","country":"Brazil"},{"city":"Boquira","state":"Bahia","country":"Brazil"},{"city":"Brumado","state":"Bahia","country":"Brazil"},{"city":"Buerarema","state":"Bahia","country":"Brazil"},{"city":"Cachoeira","state":"Bahia","country":"Brazil"},{"city":"Cacule","state":"Bahia","country":"Brazil"},{"city":"Caetite","state":"Bahia","country":"Brazil"},{"city":"Cafarnaum","state":"Bahia","country":"Brazil"},{"city":"Camacan","state":"Bahia","country":"Brazil"},{"city":"Camacari","state":"Bahia","country":"Brazil"},{"city":"Camamu","state":"Bahia","country":"Brazil"},{"city":"Campo Alegre de Lourdes","state":"Bahia","country":"Brazil"},{"city":"Campo Formoso","state":"Bahia","country":"Brazil"},{"city":"Canarana","state":"Bahia","country":"Brazil"},{"city":"Canavieiras","state":"Bahia","country":"Brazil"},{"city":"Candeias","state":"Bahia","country":"Brazil"},{"city":"Candido Sales","state":"Bahia","country":"Brazil"},{"city":"Cansancao","state":"Bahia","country":"Brazil"},{"city":"Capim Grosso","state":"Bahia","country":"Brazil"},{"city":"Caravelas","state":"Bahia","country":"Brazil"},{"city":"Carinhanha","state":"Bahia","country":"Brazil"},{"city":"Casa Nova","state":"Bahia","country":"Brazil"},{"city":"Castro Alves","state":"Bahia","country":"Brazil"},{"city":"Catu","state":"Bahia","country":"Brazil"},{"city":"Cicero Dantas","state":"Bahia","country":"Brazil"},{"city":"Cipo","state":"Bahia","country":"Brazil"},{"city":"Coaraci","state":"Bahia","country":"Brazil"},{"city":"Conceicao da Feira","state":"Bahia","country":"Brazil"},{"city":"Conceicao do Almeida","state":"Bahia","country":"Brazil"},{"city":"Conceicao do Coite","state":"Bahia","country":"Brazil"},{"city":"Conceicao do Jacuipe","state":"Bahia","country":"Brazil"},{"city":"Conde","state":"Bahia","country":"Brazil"},{"city":"Coracao de Maria","state":"Bahia","country":"Brazil"},{"city":"Coronel Joao Sa","state":"Bahia","country":"Brazil"},{"city":"Correntina","state":"Bahia","country":"Brazil"},{"city":"Cruz das Almas","state":"Bahia","country":"Brazil"},{"city":"Curaca","state":"Bahia","country":"Brazil"},{"city":"Dias d'Avila","state":"Bahia","country":"Brazil"},{"city":"Encruzilhada","state":"Bahia","country":"Brazil"},{"city":"Entre Rios","state":"Bahia","country":"Brazil"},{"city":"Esplanada","state":"Bahia","country":"Brazil"},{"city":"Euclides da Cunha","state":"Bahia","country":"Brazil"},{"city":"Eunapolis","state":"Bahia","country":"Brazil"},{"city":"Feira de Santana","state":"Bahia","country":"Brazil"},{"city":"Filadelfia","state":"Bahia","country":"Brazil"},{"city":"Formosa do Rio Preto","state":"Bahia","country":"Brazil"},{"city":"Gandu","state":"Bahia","country":"Brazil"},{"city":"Guanambi","state":"Bahia","country":"Brazil"},{"city":"Guaratinga","state":"Bahia","country":"Brazil"},{"city":"Iacu","state":"Bahia","country":"Brazil"},{"city":"Ibicarai","state":"Bahia","country":"Brazil"},{"city":"Ibicui","state":"Bahia","country":"Brazil"},{"city":"Ibipeba","state":"Bahia","country":"Brazil"},{"city":"Ibirapitanga","state":"Bahia","country":"Brazil"},{"city":"Ibirataia","state":"Bahia","country":"Brazil"},{"city":"Ibotirama","state":"Bahia","country":"Brazil"},{"city":"Iguai","state":"Bahia","country":"Brazil"},{"city":"Ilheus","state":"Bahia","country":"Brazil"},{"city":"Inhambupe","state":"Bahia","country":"Brazil"},{"city":"Ipiau","state":"Bahia","country":"Brazil"},{"city":"Ipira","state":"Bahia","country":"Brazil"},{"city":"Iraquara","state":"Bahia","country":"Brazil"},{"city":"Irara","state":"Bahia","country":"Brazil"},{"city":"Irece","state":"Bahia","country":"Brazil"},{"city":"Itabela","state":"Bahia","country":"Brazil"},{"city":"Itaberaba","state":"Bahia","country":"Brazil"},{"city":"Itabuna","state":"Bahia","country":"Brazil"},{"city":"Itacare","state":"Bahia","country":"Brazil"},{"city":"Itagi","state":"Bahia","country":"Brazil"},{"city":"Itagiba","state":"Bahia","country":"Brazil"},{"city":"Itajuipe","state":"Bahia","country":"Brazil"},{"city":"Itamaraju","state":"Bahia","country":"Brazil"},{"city":"Itambe","state":"Bahia","country":"Brazil"},{"city":"Itanhem","state":"Bahia","country":"Brazil"},{"city":"Itaparica","state":"Bahia","country":"Brazil"},{"city":"Itapetinga","state":"Bahia","country":"Brazil"},{"city":"Itapicuru","state":"Bahia","country":"Brazil"},{"city":"Itarantim","state":"Bahia","country":"Brazil"},{"city":"Itirucu","state":"Bahia","country":"Brazil"},{"city":"Itiuba","state":"Bahia","country":"Brazil"},{"city":"Itororo","state":"Bahia","country":"Brazil"},{"city":"Ituacu","state":"Bahia","country":"Brazil"},{"city":"Itubera","state":"Bahia","country":"Brazil"},{"city":"Jacobina","state":"Bahia","country":"Brazil"},{"city":"Jaguaquara","state":"Bahia","country":"Brazil"},{"city":"Jaguarari","state":"Bahia","country":"Brazil"},{"city":"Jequie","state":"Bahia","country":"Brazil"},{"city":"Jeremoabo","state":"Bahia","country":"Brazil"},{"city":"Jitauna","state":"Bahia","country":"Brazil"},{"city":"Joao Dourado","state":"Bahia","country":"Brazil"},{"city":"Juazeiro","state":"Bahia","country":"Brazil"},{"city":"Jussara","state":"Bahia","country":"Brazil"},{"city":"Laje","state":"Bahia","country":"Brazil"},{"city":"Lapao","state":"Bahia","country":"Brazil"},{"city":"Lauro de Freitas","state":"Bahia","country":"Brazil"},{"city":"Livramento","state":"Bahia","country":"Brazil"},{"city":"Macarani","state":"Bahia","country":"Brazil"},{"city":"Macaubas","state":"Bahia","country":"Brazil"},{"city":"Madre de Deus","state":"Bahia","country":"Brazil"},{"city":"Mairi","state":"Bahia","country":"Brazil"},{"city":"Maracas","state":"Bahia","country":"Brazil"},{"city":"Maragogipe","state":"Bahia","country":"Brazil"},{"city":"Marau","state":"Bahia","country":"Brazil"},{"city":"Mascote","state":"Bahia","country":"Brazil"},{"city":"Mata de Sao Joao","state":"Bahia","country":"Brazil"},{"city":"Medeiros Neto","state":"Bahia","country":"Brazil"},{"city":"Miguel Calmon","state":"Bahia","country":"Brazil"},{"city":"Milagres","state":"Bahia","country":"Brazil"},{"city":"Monte Santo","state":"Bahia","country":"Brazil"},{"city":"Morro de Chapeu","state":"Bahia","country":"Brazil"},{"city":"Mucuri","state":"Bahia","country":"Brazil"},{"city":"Mundo Novo","state":"Bahia","country":"Brazil"},{"city":"Muritiba","state":"Bahia","country":"Brazil"},{"city":"Mutuipe","state":"Bahia","country":"Brazil"},{"city":"Nazare","state":"Bahia","country":"Brazil"},{"city":"Nova Soure","state":"Bahia","country":"Brazil"},{"city":"Nova Vicosa","state":"Bahia","country":"Brazil"},{"city":"Olindina","state":"Bahia","country":"Brazil"},{"city":"Oliveira dos Brejinhos","state":"Bahia","country":"Brazil"},{"city":"Palmas de Monte Alto","state":"Bahia","country":"Brazil"},{"city":"Paramirim","state":"Bahia","country":"Brazil"},{"city":"Paratinga","state":"Bahia","country":"Brazil"},{"city":"Paripiranga","state":"Bahia","country":"Brazil"},{"city":"Pau Brasil","state":"Bahia","country":"Brazil"},{"city":"Paulo Afonso","state":"Bahia","country":"Brazil"},{"city":"Pilao Arcado","state":"Bahia","country":"Brazil"},{"city":"Pindobacu","state":"Bahia","country":"Brazil"},{"city":"Piritiba","state":"Bahia","country":"Brazil"},{"city":"Planalto","state":"Bahia","country":"Brazil"},{"city":"Pocoes","state":"Bahia","country":"Brazil"},{"city":"Pojuca","state":"Bahia","country":"Brazil"},{"city":"Ponto Novo","state":"Bahia","country":"Brazil"},{"city":"Porto Seguro","state":"Bahia","country":"Brazil"},{"city":"Prado","state":"Bahia","country":"Brazil"},{"city":"Presidente Tancredo Neves","state":"Bahia","country":"Brazil"},{"city":"Queimadas","state":"Bahia","country":"Brazil"},{"city":"Quijingue","state":"Bahia","country":"Brazil"},{"city":"Rafael Jambeiro","state":"Bahia","country":"Brazil"},{"city":"Remanso","state":"Bahia","country":"Brazil"},{"city":"Riachao das Neves","state":"Bahia","country":"Brazil"},{"city":"Riachao do Jacuipe","state":"Bahia","country":"Brazil"},{"city":"Riacho de Santana","state":"Bahia","country":"Brazil"},{"city":"Ribeira do Pombal","state":"Bahia","country":"Brazil"},{"city":"Rio Real","state":"Bahia","country":"Brazil"},{"city":"Ruy Barbosa","state":"Bahia","country":"Brazil"},{"city":"Salvador","state":"Bahia","country":"Brazil"},{"city":"Santa Cruz Cabralia","state":"Bahia","country":"Brazil"},{"city":"Santa Ines","state":"Bahia","country":"Brazil"},{"city":"Santa Maria da Vitoria","state":"Bahia","country":"Brazil"},{"city":"Santa Rita de Cassia","state":"Bahia","country":"Brazil"},{"city":"Santaluz","state":"Bahia","country":"Brazil"},{"city":"Santana","state":"Bahia","country":"Brazil"},{"city":"Santo Amaro","state":"Bahia","country":"Brazil"},{"city":"Santo Antonio de Jesus","state":"Bahia","country":"Brazil"},{"city":"Santo Estevao","state":"Bahia","country":"Brazil"},{"city":"Sao Desiderio","state":"Bahia","country":"Brazil"},{"city":"Sao Felipe","state":"Bahia","country":"Brazil"},{"city":"Sao Francisco do Conde","state":"Bahia","country":"Brazil"},{"city":"Sao Gabriel","state":"Bahia","country":"Brazil"},{"city":"Sao Goncalo dos Campos","state":"Bahia","country":"Brazil"},{"city":"Sao Sebastiao do Passe","state":"Bahia","country":"Brazil"},{"city":"Saubara","state":"Bahia","country":"Brazil"},{"city":"Seabra","state":"Bahia","country":"Brazil"},{"city":"Senhor do Bonfim","state":"Bahia","country":"Brazil"},{"city":"Sento Se","state":"Bahia","country":"Brazil"},{"city":"Serra Dourada","state":"Bahia","country":"Brazil"},{"city":"Serra do Ramalho","state":"Bahia","country":"Brazil"},{"city":"Serrinha","state":"Bahia","country":"Brazil"},{"city":"Simoes Filho","state":"Bahia","country":"Brazil"},{"city":"Sobradinho","state":"Bahia","country":"Brazil"},{"city":"Souto Soares","state":"Bahia","country":"Brazil"},{"city":"Tanhacu","state":"Bahia","country":"Brazil"},{"city":"Taperoa","state":"Bahia","country":"Brazil"},{"city":"Tapiramuta","state":"Bahia","country":"Brazil"},{"city":"Teixeira de Freitas","state":"Bahia","country":"Brazil"},{"city":"Teofilandia","state":"Bahia","country":"Brazil"},{"city":"Terra Nova","state":"Bahia","country":"Brazil"},{"city":"Tremedal","state":"Bahia","country":"Brazil"},{"city":"Tucano","state":"Bahia","country":"Brazil"},{"city":"Uaua","state":"Bahia","country":"Brazil"},{"city":"Ubaira","state":"Bahia","country":"Brazil"},{"city":"Ubaitaba","state":"Bahia","country":"Brazil"},{"city":"Ubata","state":"Bahia","country":"Brazil"},{"city":"Una","state":"Bahia","country":"Brazil"},{"city":"Urucuca","state":"Bahia","country":"Brazil"},{"city":"Utinga","state":"Bahia","country":"Brazil"},{"city":"Valenca","state":"Bahia","country":"Brazil"},{"city":"Valente","state":"Bahia","country":"Brazil"},{"city":"Vera Cruz","state":"Bahia","country":"Brazil"},{"city":"Vitoria da Conquista","state":"Bahia","country":"Brazil"},{"city":"Wenceslau Guimaraes","state":"Bahia","country":"Brazil"},{"city":"Xique-Xique","state":"Bahia","country":"Brazil"},{"city":"Acarau","state":"Ceara","country":"Brazil"},{"city":"Acopiara","state":"Ceara","country":"Brazil"},{"city":"Amontada","state":"Ceara","country":"Brazil"},{"city":"Aquiraz","state":"Ceara","country":"Brazil"},{"city":"Aracati","state":"Ceara","country":"Brazil"},{"city":"Aracoiaba","state":"Ceara","country":"Brazil"},{"city":"Araripe","state":"Ceara","country":"Brazil"},{"city":"Assare","state":"Ceara","country":"Brazil"},{"city":"Aurora","state":"Ceara","country":"Brazil"},{"city":"Barbalha","state":"Ceara","country":"Brazil"},{"city":"Barro","state":"Ceara","country":"Brazil"},{"city":"Barroquinha","state":"Ceara","country":"Brazil"},{"city":"Baturite","state":"Ceara","country":"Brazil"},{"city":"Beberibe","state":"Ceara","country":"Brazil"},{"city":"Bela Cruz","state":"Ceara","country":"Brazil"},{"city":"Boa Viagem","state":"Ceara","country":"Brazil"},{"city":"Brejo Santo","state":"Ceara","country":"Brazil"},{"city":"Camocim","state":"Ceara","country":"Brazil"},{"city":"Campos Sales","state":"Ceara","country":"Brazil"},{"city":"Caninde","state":"Ceara","country":"Brazil"},{"city":"Carire","state":"Ceara","country":"Brazil"},{"city":"Caririacu","state":"Ceara","country":"Brazil"},{"city":"Cascavel","state":"Ceara","country":"Brazil"},{"city":"Caucaia","state":"Ceara","country":"Brazil"},{"city":"Cedro","state":"Ceara","country":"Brazil"},{"city":"Chorozinho","state":"Ceara","country":"Brazil"},{"city":"Coreau","state":"Ceara","country":"Brazil"},{"city":"Crateus","state":"Ceara","country":"Brazil"},{"city":"Crato","state":"Ceara","country":"Brazil"},{"city":"Cruz","state":"Ceara","country":"Brazil"},{"city":"Eusebio","state":"Ceara","country":"Brazil"},{"city":"Farias Brito","state":"Ceara","country":"Brazil"},{"city":"Forquilha","state":"Ceara","country":"Brazil"},{"city":"Fortaleza","state":"Ceara","country":"Brazil"},{"city":"Granja","state":"Ceara","country":"Brazil"},{"city":"Guaiuba","state":"Ceara","country":"Brazil"},{"city":"Guaraciaba do Norte","state":"Ceara","country":"Brazil"},{"city":"Hidrolandia","state":"Ceara","country":"Brazil"},{"city":"Horizonte","state":"Ceara","country":"Brazil"},{"city":"Ibiapina","state":"Ceara","country":"Brazil"},{"city":"Ico","state":"Ceara","country":"Brazil"},{"city":"Iguatu","state":"Ceara","country":"Brazil"},{"city":"Independencia","state":"Ceara","country":"Brazil"},{"city":"Ipu","state":"Ceara","country":"Brazil"},{"city":"Ipueiras","state":"Ceara","country":"Brazil"},{"city":"Iraucuba","state":"Ceara","country":"Brazil"},{"city":"Itaitinga","state":"Ceara","country":"Brazil"},{"city":"Itapage","state":"Ceara","country":"Brazil"},{"city":"Itapipoca","state":"Ceara","country":"Brazil"},{"city":"Itarema","state":"Ceara","country":"Brazil"},{"city":"Jaguaribe","state":"Ceara","country":"Brazil"},{"city":"Jaguaruana","state":"Ceara","country":"Brazil"},{"city":"Jardim","state":"Ceara","country":"Brazil"},{"city":"Juazeiro do Norte","state":"Ceara","country":"Brazil"},{"city":"Jucas","state":"Ceara","country":"Brazil"},{"city":"Lavras da Mangabeira","state":"Ceara","country":"Brazil"},{"city":"Limoeiro do Norte","state":"Ceara","country":"Brazil"},{"city":"Maracanau","state":"Ceara","country":"Brazil"},{"city":"Maranguape","state":"Ceara","country":"Brazil"},{"city":"Marco","state":"Ceara","country":"Brazil"},{"city":"Massape","state":"Ceara","country":"Brazil"},{"city":"Mauriti","state":"Ceara","country":"Brazil"},{"city":"Milagres","state":"Ceara","country":"Brazil"},{"city":"Missao Velha","state":"Ceara","country":"Brazil"},{"city":"Mombaca","state":"Ceara","country":"Brazil"},{"city":"Morada Nova","state":"Ceara","country":"Brazil"},{"city":"Nova Russas","state":"Ceara","country":"Brazil"},{"city":"Novo Oriente","state":"Ceara","country":"Brazil"},{"city":"Ocara","state":"Ceara","country":"Brazil"},{"city":"Oros","state":"Ceara","country":"Brazil"},{"city":"Pacajus","state":"Ceara","country":"Brazil"},{"city":"Pacatuba","state":"Ceara","country":"Brazil"},{"city":"Paracuru","state":"Ceara","country":"Brazil"},{"city":"Paraipaba","state":"Ceara","country":"Brazil"},{"city":"Parambu","state":"Ceara","country":"Brazil"},{"city":"Pedra Branca","state":"Ceara","country":"Brazil"},{"city":"Pentecoste","state":"Ceara","country":"Brazil"},{"city":"Quixada","state":"Ceara","country":"Brazil"},{"city":"Quixeramobim","state":"Ceara","country":"Brazil"},{"city":"Quixere","state":"Ceara","country":"Brazil"},{"city":"Redencao","state":"Ceara","country":"Brazil"},{"city":"Reriutaba","state":"Ceara","country":"Brazil"},{"city":"Russas","state":"Ceara","country":"Brazil"},{"city":"Santa Quiteria","state":"Ceara","country":"Brazil"},{"city":"Santana do Acarau","state":"Ceara","country":"Brazil"},{"city":"Sao Benedito","state":"Ceara","country":"Brazil"},{"city":"Sao Goncalo do Amarante","state":"Ceara","country":"Brazil"},{"city":"Senador Pompeu","state":"Ceara","country":"Brazil"},{"city":"Sobral","state":"Ceara","country":"Brazil"},{"city":"Tabuleiro do Norte","state":"Ceara","country":"Brazil"},{"city":"Tamboril","state":"Ceara","country":"Brazil"},{"city":"Taua","state":"Ceara","country":"Brazil"},{"city":"Tiangua","state":"Ceara","country":"Brazil"},{"city":"Trairi","state":"Ceara","country":"Brazil"},{"city":"Ubajara","state":"Ceara","country":"Brazil"},{"city":"Umirim","state":"Ceara","country":"Brazil"},{"city":"Uruburetama","state":"Ceara","country":"Brazil"},{"city":"Varjota","state":"Ceara","country":"Brazil"},{"city":"Varzea Alegre","state":"Ceara","country":"Brazil"},{"city":"Vicosa do Ceara","state":"Ceara","country":"Brazil"},{"city":"Abadiania","state":"Goias","country":"Brazil"},{"city":"Acreuna","state":"Goias","country":"Brazil"},{"city":"Aguas Lindas de Goias","state":"Goias","country":"Brazil"},{"city":"Alexania","state":"Goias","country":"Brazil"},{"city":"Anapolis","state":"Goias","country":"Brazil"},{"city":"Anicuns","state":"Goias","country":"Brazil"},{"city":"Aparecida de Goiania","state":"Goias","country":"Brazil"},{"city":"Aragarcas","state":"Goias","country":"Brazil"},{"city":"Bela Vista de Goias","state":"Goias","country":"Brazil"},{"city":"Bom Jesus de Goias","state":"Goias","country":"Brazil"},{"city":"Buriti Alegre","state":"Goias","country":"Brazil"},{"city":"Cacu","state":"Goias","country":"Brazil"},{"city":"Caiaponia","state":"Goias","country":"Brazil"},{"city":"Caldas Novas","state":"Goias","country":"Brazil"},{"city":"Campos Belos","state":"Goias","country":"Brazil"},{"city":"Campos Verdes","state":"Goias","country":"Brazil"},{"city":"Carmo do Rio Verde","state":"Goias","country":"Brazil"},{"city":"Catalao","state":"Goias","country":"Brazil"},{"city":"Cavalcante","state":"Goias","country":"Brazil"},{"city":"Ceres","state":"Goias","country":"Brazil"},{"city":"Cidade Ocidental","state":"Goias","country":"Brazil"},{"city":"Cocalzinho de Coias","state":"Goias","country":"Brazil"},{"city":"Cristalina","state":"Goias","country":"Brazil"},{"city":"Crixas","state":"Goias","country":"Brazil"},{"city":"Doverlandia","state":"Goias","country":"Brazil"},{"city":"Edeia","state":"Goias","country":"Brazil"},{"city":"Firminopolis","state":"Goias","country":"Brazil"},{"city":"Formosa","state":"Goias","country":"Brazil"},{"city":"Goianapolis","state":"Goias","country":"Brazil"},{"city":"Goianesia","state":"Goias","country":"Brazil"},{"city":"Goiania","state":"Goias","country":"Brazil"},{"city":"Goianira","state":"Goias","country":"Brazil"},{"city":"Goias","state":"Goias","country":"Brazil"},{"city":"Goiatuba","state":"Goias","country":"Brazil"},{"city":"Guapo","state":"Goias","country":"Brazil"},{"city":"Hidrolandia","state":"Goias","country":"Brazil"},{"city":"Iaciara","state":"Goias","country":"Brazil"},{"city":"Indiara","state":"Goias","country":"Brazil"},{"city":"Inhumas","state":"Goias","country":"Brazil"},{"city":"Ipameri","state":"Goias","country":"Brazil"},{"city":"Ipora","state":"Goias","country":"Brazil"},{"city":"Itaberai","state":"Goias","country":"Brazil"},{"city":"Itapaci","state":"Goias","country":"Brazil"},{"city":"Itapirapua","state":"Goias","country":"Brazil"},{"city":"Itapuranga","state":"Goias","country":"Brazil"},{"city":"Itumbiara","state":"Goias","country":"Brazil"},{"city":"Jaragua","state":"Goias","country":"Brazil"},{"city":"Jatai","state":"Goias","country":"Brazil"},{"city":"Jussara","state":"Goias","country":"Brazil"},{"city":"Luziania","state":"Goias","country":"Brazil"},{"city":"Mara Rosa","state":"Goias","country":"Brazil"},{"city":"Minacu","state":"Goias","country":"Brazil"},{"city":"Mineiros","state":"Goias","country":"Brazil"},{"city":"Morrinhos","state":"Goias","country":"Brazil"},{"city":"Mozarlandia","state":"Goias","country":"Brazil"},{"city":"Neropolis","state":"Goias","country":"Brazil"},{"city":"Niquelandia","state":"Goias","country":"Brazil"},{"city":"Nova Crixas","state":"Goias","country":"Brazil"},{"city":"Novo Gama","state":"Goias","country":"Brazil"},{"city":"Orizona","state":"Goias","country":"Brazil"},{"city":"Padre Bernardo","state":"Goias","country":"Brazil"},{"city":"Palmeiras de Goias","state":"Goias","country":"Brazil"},{"city":"Parauna","state":"Goias","country":"Brazil"},{"city":"Petrolina de Goias","state":"Goias","country":"Brazil"},{"city":"Piracanjuba","state":"Goias","country":"Brazil"},{"city":"Piranhas","state":"Goias","country":"Brazil"},{"city":"Pirenopolis","state":"Goias","country":"Brazil"},{"city":"Pires do Rio","state":"Goias","country":"Brazil"},{"city":"Planaltina","state":"Goias","country":"Brazil"},{"city":"Pontalina","state":"Goias","country":"Brazil"},{"city":"Porangatu","state":"Goias","country":"Brazil"},{"city":"Posse","state":"Goias","country":"Brazil"},{"city":"Quirinopolis","state":"Goias","country":"Brazil"},{"city":"Rialma","state":"Goias","country":"Brazil"},{"city":"Rio Verde","state":"Goias","country":"Brazil"},{"city":"Rubiataba","state":"Goias","country":"Brazil"},{"city":"Santa Helena de Goias","state":"Goias","country":"Brazil"},{"city":"Santa Terezinha de Goias","state":"Goias","country":"Brazil"},{"city":"Santo Antonio do Descoberto","state":"Goias","country":"Brazil"},{"city":"Sao Domingos","state":"Goias","country":"Brazil"},{"city":"Sao Luis de Montes Belos","state":"Goias","country":"Brazil"},{"city":"Sao Miguel do Araguaia","state":"Goias","country":"Brazil"},{"city":"Sao Simao","state":"Goias","country":"Brazil"},{"city":"Senador Canedo","state":"Goias","country":"Brazil"},{"city":"Silvania","state":"Goias","country":"Brazil"},{"city":"Trindade","state":"Goias","country":"Brazil"},{"city":"Uruacu","state":"Goias","country":"Brazil"},{"city":"Uruana","state":"Goias","country":"Brazil"},{"city":"Valparaiso de Goias","state":"Goias","country":"Brazil"},{"city":"Vianopolis","state":"Goias","country":"Brazil"},{"city":"Acailandia","state":"Maranhao","country":"Brazil"},{"city":"Alcantara","state":"Maranhao","country":"Brazil"},{"city":"Aldeias Altas","state":"Maranhao","country":"Brazil"},{"city":"Alto Alegre do Pindare","state":"Maranhao","country":"Brazil"},{"city":"Amarante do Maranhao","state":"Maranhao","country":"Brazil"},{"city":"Anajatuba","state":"Maranhao","country":"Brazil"},{"city":"Araioses","state":"Maranhao","country":"Brazil"},{"city":"Arame","state":"Maranhao","country":"Brazil"},{"city":"Arari","state":"Maranhao","country":"Brazil"},{"city":"Bacabal","state":"Maranhao","country":"Brazil"},{"city":"Balsas","state":"Maranhao","country":"Brazil"},{"city":"Barra do Corda","state":"Maranhao","country":"Brazil"},{"city":"Barreirinhas","state":"Maranhao","country":"Brazil"},{"city":"Bequimao","state":"Maranhao","country":"Brazil"},{"city":"Bom Jardim","state":"Maranhao","country":"Brazil"},{"city":"Brejo","state":"Maranhao","country":"Brazil"},{"city":"Buriti","state":"Maranhao","country":"Brazil"},{"city":"Buriti Bravo","state":"Maranhao","country":"Brazil"},{"city":"Buriticupu","state":"Maranhao","country":"Brazil"},{"city":"Candido Mendes","state":"Maranhao","country":"Brazil"},{"city":"Cantanhede","state":"Maranhao","country":"Brazil"},{"city":"Carolina","state":"Maranhao","country":"Brazil"},{"city":"Carutapera","state":"Maranhao","country":"Brazil"},{"city":"Caxias","state":"Maranhao","country":"Brazil"},{"city":"Chapadinha","state":"Maranhao","country":"Brazil"},{"city":"Codo","state":"Maranhao","country":"Brazil"},{"city":"Coelho Neto","state":"Maranhao","country":"Brazil"},{"city":"Colinas","state":"Maranhao","country":"Brazil"},{"city":"Coroata","state":"Maranhao","country":"Brazil"},{"city":"Cururupu","state":"Maranhao","country":"Brazil"},{"city":"Davinopolis","state":"Maranhao","country":"Brazil"},{"city":"Dom Pedro","state":"Maranhao","country":"Brazil"},{"city":"Esperantinopolis","state":"Maranhao","country":"Brazil"},{"city":"Estreito","state":"Maranhao","country":"Brazil"},{"city":"Fortuna","state":"Maranhao","country":"Brazil"},{"city":"Godofredo Viana","state":"Maranhao","country":"Brazil"},{"city":"Governador Eugenio Barros","state":"Maranhao","country":"Brazil"},{"city":"Governador Nunes Freire","state":"Maranhao","country":"Brazil"},{"city":"Grajau","state":"Maranhao","country":"Brazil"},{"city":"Humberto de Campos","state":"Maranhao","country":"Brazil"},{"city":"Icatu","state":"Maranhao","country":"Brazil"},{"city":"Imperatriz","state":"Maranhao","country":"Brazil"},{"city":"Itapecuru Mirim","state":"Maranhao","country":"Brazil"},{"city":"Itinga do Maranhao","state":"Maranhao","country":"Brazil"},{"city":"Joao Lisboa","state":"Maranhao","country":"Brazil"},{"city":"Lago da Pedra","state":"Maranhao","country":"Brazil"},{"city":"Lago do Junco","state":"Maranhao","country":"Brazil"},{"city":"Maracacume","state":"Maranhao","country":"Brazil"},{"city":"Matinha","state":"Maranhao","country":"Brazil"},{"city":"Matoes","state":"Maranhao","country":"Brazil"},{"city":"Mirador","state":"Maranhao","country":"Brazil"},{"city":"Miranda do Norte","state":"Maranhao","country":"Brazil"},{"city":"Moncao","state":"Maranhao","country":"Brazil"},{"city":"Montes Altos","state":"Maranhao","country":"Brazil"},{"city":"Morros","state":"Maranhao","country":"Brazil"},{"city":"Nova Olinda do Maranhao","state":"Maranhao","country":"Brazil"},{"city":"Olho d'Agua das Cunhas","state":"Maranhao","country":"Brazil"},{"city":"Paco do Lumiar","state":"Maranhao","country":"Brazil"},{"city":"Paraibano","state":"Maranhao","country":"Brazil"},{"city":"Parnarama","state":"Maranhao","country":"Brazil"},{"city":"Passagem Franca","state":"Maranhao","country":"Brazil"},{"city":"Pastos Bons","state":"Maranhao","country":"Brazil"},{"city":"Paulo Ramos","state":"Maranhao","country":"Brazil"},{"city":"Pedreiras","state":"Maranhao","country":"Brazil"},{"city":"Penalva","state":"Maranhao","country":"Brazil"},{"city":"Pindare Mirim","state":"Maranhao","country":"Brazil"},{"city":"Pinheiro","state":"Maranhao","country":"Brazil"},{"city":"Pio XII","state":"Maranhao","country":"Brazil"},{"city":"Pirapemas","state":"Maranhao","country":"Brazil"},{"city":"Pocao de Pedras","state":"Maranhao","country":"Brazil"},{"city":"Porto Franco","state":"Maranhao","country":"Brazil"},{"city":"Presidente Dutra","state":"Maranhao","country":"Brazil"},{"city":"Raposa","state":"Maranhao","country":"Brazil"},{"city":"Riachao","state":"Maranhao","country":"Brazil"},{"city":"Rosario","state":"Maranhao","country":"Brazil"},{"city":"Santa Helena","state":"Maranhao","country":"Brazil"},{"city":"Santa Ines","state":"Maranhao","country":"Brazil"},{"city":"Santa Luzia","state":"Maranhao","country":"Brazil"},{"city":"Santa Luzia do Parua","state":"Maranhao","country":"Brazil"},{"city":"Santa Quiteria do Maranhao","state":"Maranhao","country":"Brazil"},{"city":"Santa Rita","state":"Maranhao","country":"Brazil"},{"city":"Sao Benedito do Rio Preto","state":"Maranhao","country":"Brazil"},{"city":"Sao Bento","state":"Maranhao","country":"Brazil"},{"city":"Sao Bernardo","state":"Maranhao","country":"Brazil"},{"city":"Sao Domingos do Maranhao","state":"Maranhao","country":"Brazil"},{"city":"Sao Joao Batista","state":"Maranhao","country":"Brazil"},{"city":"Sao Joao dos Patos","state":"Maranhao","country":"Brazil"},{"city":"Sao Jose de Ribamar","state":"Maranhao","country":"Brazil"},{"city":"Sao Luis","state":"Maranhao","country":"Brazil"},{"city":"Sao Luis Gonzaga do Maranhao","state":"Maranhao","country":"Brazil"},{"city":"Sao Mateus do Maranhao","state":"Maranhao","country":"Brazil"},{"city":"Sao Pedro da Agua Branca","state":"Maranhao","country":"Brazil"},{"city":"Sao Raimundo das Mangabeiras","state":"Maranhao","country":"Brazil"},{"city":"Timbiras","state":"Maranhao","country":"Brazil"},{"city":"Timon","state":"Maranhao","country":"Brazil"},{"city":"Trizidela do Vale","state":"Maranhao","country":"Brazil"},{"city":"Tuntum","state":"Maranhao","country":"Brazil"},{"city":"Turiacu","state":"Maranhao","country":"Brazil"},{"city":"Tutoia","state":"Maranhao","country":"Brazil"},{"city":"Urbano Santos","state":"Maranhao","country":"Brazil"},{"city":"Vargem Grande","state":"Maranhao","country":"Brazil"},{"city":"Viana","state":"Maranhao","country":"Brazil"},{"city":"Vitoria do Mearim","state":"Maranhao","country":"Brazil"},{"city":"Vitorino Freire","state":"Maranhao","country":"Brazil"},{"city":"Ze Doca","state":"Maranhao","country":"Brazil"},{"city":"Abaetetuba","state":"Para","country":"Brazil"},{"city":"Acara","state":"Para","country":"Brazil"},{"city":"Afua","state":"Para","country":"Brazil"},{"city":"Agua Azul do Norte","state":"Para","country":"Brazil"},{"city":"Alenquer","state":"Para","country":"Brazil"},{"city":"Almeirim","state":"Para","country":"Brazil"},{"city":"Altamira","state":"Para","country":"Brazil"},{"city":"Ananindeua","state":"Para","country":"Brazil"},{"city":"Augusto Correa","state":"Para","country":"Brazil"},{"city":"Baiao","state":"Para","country":"Brazil"},{"city":"Barcarena","state":"Para","country":"Brazil"},{"city":"Belem","state":"Para","country":"Brazil"},{"city":"Benevides","state":"Para","country":"Brazil"},{"city":"Braganca","state":"Para","country":"Brazil"},{"city":"Breu Branco","state":"Para","country":"Brazil"},{"city":"Breves","state":"Para","country":"Brazil"},{"city":"Bujaru","state":"Para","country":"Brazil"},{"city":"Cameta","state":"Para","country":"Brazil"},{"city":"Capanema","state":"Para","country":"Brazil"},{"city":"Capitao Poco","state":"Para","country":"Brazil"},{"city":"Castanhal","state":"Para","country":"Brazil"},{"city":"Conceicao do Araguaia","state":"Para","country":"Brazil"},{"city":"Concordia do Para","state":"Para","country":"Brazil"},{"city":"Curionopolis","state":"Para","country":"Brazil"},{"city":"Curuca","state":"Para","country":"Brazil"},{"city":"Dom Eliseu","state":"Para","country":"Brazil"},{"city":"Eldorado dos Carajas","state":"Para","country":"Brazil"},{"city":"Garrafao do Norte","state":"Para","country":"Brazil"},{"city":"Goianesia do Para","state":"Para","country":"Brazil"},{"city":"Gurupa","state":"Para","country":"Brazil"},{"city":"Igarape-Acu","state":"Para","country":"Brazil"},{"city":"Igarape-Miri","state":"Para","country":"Brazil"},{"city":"Irituia","state":"Para","country":"Brazil"},{"city":"Itaituba","state":"Para","country":"Brazil"},{"city":"Itupiranga","state":"Para","country":"Brazil"},{"city":"Jacareacanga","state":"Para","country":"Brazil"},{"city":"Jacunda","state":"Para","country":"Brazil"},{"city":"Juruti","state":"Para","country":"Brazil"},{"city":"Limoeiro do Ajuru","state":"Para","country":"Brazil"},{"city":"Mae do Rio","state":"Para","country":"Brazil"},{"city":"Maraba","state":"Para","country":"Brazil"},{"city":"Maracana","state":"Para","country":"Brazil"},{"city":"Marapanim","state":"Para","country":"Brazil"},{"city":"Marituba","state":"Para","country":"Brazil"},{"city":"Medicilandia","state":"Para","country":"Brazil"},{"city":"Mocajuba","state":"Para","country":"Brazil"},{"city":"Moju","state":"Para","country":"Brazil"},{"city":"Monte Alegre","state":"Para","country":"Brazil"},{"city":"Muana","state":"Para","country":"Brazil"},{"city":"Novo Progresso","state":"Para","country":"Brazil"},{"city":"Novo Repartimento","state":"Para","country":"Brazil"},{"city":"Obidos","state":"Para","country":"Brazil"},{"city":"Oeiras do Para","state":"Para","country":"Brazil"},{"city":"Oriximina","state":"Para","country":"Brazil"},{"city":"Ourem","state":"Para","country":"Brazil"},{"city":"Ourilandia","state":"Para","country":"Brazil"},{"city":"Pacaja","state":"Para","country":"Brazil"},{"city":"Paragominas","state":"Para","country":"Brazil"},{"city":"Parauapebas","state":"Para","country":"Brazil"},{"city":"Portel","state":"Para","country":"Brazil"},{"city":"Porto de Moz","state":"Para","country":"Brazil"},{"city":"Prainha","state":"Para","country":"Brazil"},{"city":"Redencao","state":"Para","country":"Brazil"},{"city":"Rio Maria","state":"Para","country":"Brazil"},{"city":"Rondon do Para","state":"Para","country":"Brazil"},{"city":"Ruropolis","state":"Para","country":"Brazil"},{"city":"Salinopolis","state":"Para","country":"Brazil"},{"city":"Santa Isabel do Para","state":"Para","country":"Brazil"},{"city":"Santa Luzia do Para","state":"Para","country":"Brazil"},{"city":"Santa Maria do Para","state":"Para","country":"Brazil"},{"city":"Santana do Araguaia","state":"Para","country":"Brazil"},{"city":"Santarem","state":"Para","country":"Brazil"},{"city":"Santo Antonio do Taua","state":"Para","country":"Brazil"},{"city":"Sao Caetano de Odivelas","state":"Para","country":"Brazil"},{"city":"Sao Domingos do Araguaia","state":"Para","country":"Brazil"},{"city":"Sao Domingos do Capim","state":"Para","country":"Brazil"},{"city":"Sao Felix do Xingu","state":"Para","country":"Brazil"},{"city":"Sao Geraldo do Araguaia","state":"Para","country":"Brazil"},{"city":"Sao Joao de Pirabas","state":"Para","country":"Brazil"},{"city":"Sao Miguel do Guama","state":"Para","country":"Brazil"},{"city":"Senador Jose Porfirio","state":"Para","country":"Brazil"},{"city":"Soure","state":"Para","country":"Brazil"},{"city":"Tailandia","state":"Para","country":"Brazil"},{"city":"Terra Santa","state":"Para","country":"Brazil"},{"city":"Tome-Acu","state":"Para","country":"Brazil"},{"city":"Tucuma","state":"Para","country":"Brazil"},{"city":"Tucurui","state":"Para","country":"Brazil"},{"city":"Ulianopolis","state":"Para","country":"Brazil"},{"city":"Uruara","state":"Para","country":"Brazil"},{"city":"Vigia","state":"Para","country":"Brazil"},{"city":"Viseu","state":"Para","country":"Brazil"},{"city":"Xinguara","state":"Para","country":"Brazil"},{"city":"Alagoa Grande","state":"Paraiba","country":"Brazil"},{"city":"Alagoa Nova","state":"Paraiba","country":"Brazil"},{"city":"Alagoinha","state":"Paraiba","country":"Brazil"},{"city":"Alhandra","state":"Paraiba","country":"Brazil"},{"city":"Aracagi","state":"Paraiba","country":"Brazil"},{"city":"Arara","state":"Paraiba","country":"Brazil"},{"city":"Araruna","state":"Paraiba","country":"Brazil"},{"city":"Areia","state":"Paraiba","country":"Brazil"},{"city":"Aroeiras","state":"Paraiba","country":"Brazil"},{"city":"Bananeiras","state":"Paraiba","country":"Brazil"},{"city":"Barra de Santa Rosa","state":"Paraiba","country":"Brazil"},{"city":"Bayeux","state":"Paraiba","country":"Brazil"},{"city":"Belem","state":"Paraiba","country":"Brazil"},{"city":"Boqueirao","state":"Paraiba","country":"Brazil"},{"city":"Brejo do Cruz","state":"Paraiba","country":"Brazil"},{"city":"Caapora","state":"Paraiba","country":"Brazil"},{"city":"Cabedelo","state":"Paraiba","country":"Brazil"},{"city":"Cacimba de Dentro","state":"Paraiba","country":"Brazil"},{"city":"Cajazeiras","state":"Paraiba","country":"Brazil"},{"city":"Campina Grande","state":"Paraiba","country":"Brazil"},{"city":"Catole do Rocha","state":"Paraiba","country":"Brazil"},{"city":"Conceicao","state":"Paraiba","country":"Brazil"},{"city":"Conde","state":"Paraiba","country":"Brazil"},{"city":"Coremas","state":"Paraiba","country":"Brazil"},{"city":"Cruz do Espirito Santo","state":"Paraiba","country":"Brazil"},{"city":"Cuite","state":"Paraiba","country":"Brazil"},{"city":"Desterro","state":"Paraiba","country":"Brazil"},{"city":"Dona Ines","state":"Paraiba","country":"Brazil"},{"city":"Esperanca","state":"Paraiba","country":"Brazil"},{"city":"Fagundes","state":"Paraiba","country":"Brazil"},{"city":"Guarabira","state":"Paraiba","country":"Brazil"},{"city":"Gurinhem","state":"Paraiba","country":"Brazil"},{"city":"Imaculada","state":"Paraiba","country":"Brazil"},{"city":"Inga","state":"Paraiba","country":"Brazil"},{"city":"Itabaiana","state":"Paraiba","country":"Brazil"},{"city":"Itaporanga","state":"Paraiba","country":"Brazil"},{"city":"Itapororoca","state":"Paraiba","country":"Brazil"},{"city":"Itatuba","state":"Paraiba","country":"Brazil"},{"city":"Jacarau","state":"Paraiba","country":"Brazil"},{"city":"Joao Pessoa","state":"Paraiba","country":"Brazil"},{"city":"Juazeirinho","state":"Paraiba","country":"Brazil"},{"city":"Juripiranga","state":"Paraiba","country":"Brazil"},{"city":"Juru","state":"Paraiba","country":"Brazil"},{"city":"Lagoa Seca","state":"Paraiba","country":"Brazil"},{"city":"Mamanguape","state":"Paraiba","country":"Brazil"},{"city":"Manaira","state":"Paraiba","country":"Brazil"},{"city":"Mari","state":"Paraiba","country":"Brazil"},{"city":"Massaranduba","state":"Paraiba","country":"Brazil"},{"city":"Mogeiro","state":"Paraiba","country":"Brazil"},{"city":"Monteiro","state":"Paraiba","country":"Brazil"},{"city":"Mulungu","state":"Paraiba","country":"Brazil"},{"city":"Natuba","state":"Paraiba","country":"Brazil"},{"city":"Nova Floresta","state":"Paraiba","country":"Brazil"},{"city":"Patos","state":"Paraiba","country":"Brazil"},{"city":"Paulista","state":"Paraiba","country":"Brazil"},{"city":"Pedras de Fogo","state":"Paraiba","country":"Brazil"},{"city":"Pianco","state":"Paraiba","country":"Brazil"},{"city":"Picui","state":"Paraiba","country":"Brazil"},{"city":"Pilar","state":"Paraiba","country":"Brazil"},{"city":"Pirpirituba","state":"Paraiba","country":"Brazil"},{"city":"Pitimbu","state":"Paraiba","country":"Brazil"},{"city":"Pocinhos","state":"Paraiba","country":"Brazil"},{"city":"Pombal","state":"Paraiba","country":"Brazil"},{"city":"Princesa Isabel","state":"Paraiba","country":"Brazil"},{"city":"Puxinana","state":"Paraiba","country":"Brazil"},{"city":"Queimadas","state":"Paraiba","country":"Brazil"},{"city":"Remigio","state":"Paraiba","country":"Brazil"},{"city":"Rio Tinto","state":"Paraiba","country":"Brazil"},{"city":"Salgado de Sao Felix","state":"Paraiba","country":"Brazil"},{"city":"Santa Luzia","state":"Paraiba","country":"Brazil"},{"city":"Santa Rita","state":"Paraiba","country":"Brazil"},{"city":"Sao Bento","state":"Paraiba","country":"Brazil"},{"city":"Sao Joao do Rio do Peixe","state":"Paraiba","country":"Brazil"},{"city":"Sao Jose de Piranhas","state":"Paraiba","country":"Brazil"},{"city":"Sao Sebastiao de Lagoa de Roca","state":"Paraiba","country":"Brazil"},{"city":"Sape","state":"Paraiba","country":"Brazil"},{"city":"Serra Branca","state":"Paraiba","country":"Brazil"},{"city":"Solanea","state":"Paraiba","country":"Brazil"},{"city":"Soledade","state":"Paraiba","country":"Brazil"},{"city":"Sousa","state":"Paraiba","country":"Brazil"},{"city":"Sume","state":"Paraiba","country":"Brazil"},{"city":"Taperoa","state":"Paraiba","country":"Brazil"},{"city":"Tavares","state":"Paraiba","country":"Brazil"},{"city":"Teixeira","state":"Paraiba","country":"Brazil"},{"city":"Triunfo","state":"Paraiba","country":"Brazil"},{"city":"Uirauna","state":"Paraiba","country":"Brazil"},{"city":"Umbuzeiro","state":"Paraiba","country":"Brazil"},{"city":"Almirante Tamandare","state":"Parana","country":"Brazil"},{"city":"Alto Parana","state":"Parana","country":"Brazil"},{"city":"Alto Piquiri","state":"Parana","country":"Brazil"},{"city":"Altonia","state":"Parana","country":"Brazil"},{"city":"Ampere","state":"Parana","country":"Brazil"},{"city":"Andira","state":"Parana","country":"Brazil"},{"city":"Antonina","state":"Parana","country":"Brazil"},{"city":"Apucarana","state":"Parana","country":"Brazil"},{"city":"Arapongas","state":"Parana","country":"Brazil"},{"city":"Arapoti","state":"Parana","country":"Brazil"},{"city":"Araucaria","state":"Parana","country":"Brazil"},{"city":"Assai","state":"Parana","country":"Brazil"},{"city":"Assis Chateaubriand","state":"Parana","country":"Brazil"},{"city":"Astorga","state":"Parana","country":"Brazil"},{"city":"Bandeirantes","state":"Parana","country":"Brazil"},{"city":"Barbosa Ferraz","state":"Parana","country":"Brazil"},{"city":"Bela Vista do Paraiso","state":"Parana","country":"Brazil"},{"city":"Cambara","state":"Parana","country":"Brazil"},{"city":"Cambe","state":"Parana","country":"Brazil"},{"city":"Campina Grande do Sul","state":"Parana","country":"Brazil"},{"city":"Campina da Lagoa","state":"Parana","country":"Brazil"},{"city":"Campo Largo","state":"Parana","country":"Brazil"},{"city":"Campo Murao","state":"Parana","country":"Brazil"},{"city":"Candido de Abreu","state":"Parana","country":"Brazil"},{"city":"Capitao Leonidas Marques","state":"Parana","country":"Brazil"},{"city":"Carambei","state":"Parana","country":"Brazil"},{"city":"Cascavel","state":"Parana","country":"Brazil"},{"city":"Castro","state":"Parana","country":"Brazil"},{"city":"Centenario do Sul","state":"Parana","country":"Brazil"},{"city":"Chopinzinho","state":"Parana","country":"Brazil"},{"city":"Cianorte","state":"Parana","country":"Brazil"},{"city":"Clevelandia","state":"Parana","country":"Brazil"},{"city":"Colombo","state":"Parana","country":"Brazil"},{"city":"Colorado","state":"Parana","country":"Brazil"},{"city":"Contenda","state":"Parana","country":"Brazil"},{"city":"Corbelia","state":"Parana","country":"Brazil"},{"city":"Cornelio Procopio","state":"Parana","country":"Brazil"},{"city":"Coronel Vivida","state":"Parana","country":"Brazil"},{"city":"Cruzeiro do Oeste","state":"Parana","country":"Brazil"},{"city":"Curitiba","state":"Parana","country":"Brazil"},{"city":"Dois Vizinhos","state":"Parana","country":"Brazil"},{"city":"Engenheiro Beltrao","state":"Parana","country":"Brazil"},{"city":"Faxinal","state":"Parana","country":"Brazil"},{"city":"Fazenda Rio Grande","state":"Parana","country":"Brazil"},{"city":"Florestopolis","state":"Parana","country":"Brazil"},{"city":"Foz do Iguacu","state":"Parana","country":"Brazil"},{"city":"Francisco Beltrao","state":"Parana","country":"Brazil"},{"city":"Goioere","state":"Parana","country":"Brazil"},{"city":"Guaira","state":"Parana","country":"Brazil"},{"city":"Guaraniacu","state":"Parana","country":"Brazil"},{"city":"Guarapuava","state":"Parana","country":"Brazil"},{"city":"Guaratuba","state":"Parana","country":"Brazil"},{"city":"Ibaiti","state":"Parana","country":"Brazil"},{"city":"Ibipora","state":"Parana","country":"Brazil"},{"city":"Imbituva","state":"Parana","country":"Brazil"},{"city":"Ipora","state":"Parana","country":"Brazil"},{"city":"Irati","state":"Parana","country":"Brazil"},{"city":"Itaperucu","state":"Parana","country":"Brazil"},{"city":"Ivaipora","state":"Parana","country":"Brazil"},{"city":"Jacarezinho","state":"Parana","country":"Brazil"},{"city":"Jaguariaiva","state":"Parana","country":"Brazil"},{"city":"Jandaia do Sul","state":"Parana","country":"Brazil"},{"city":"Jataizinho","state":"Parana","country":"Brazil"},{"city":"Lapa","state":"Parana","country":"Brazil"},{"city":"Laranjeiras do Sul","state":"Parana","country":"Brazil"},{"city":"Loanda","state":"Parana","country":"Brazil"},{"city":"Londrina","state":"Parana","country":"Brazil"},{"city":"Mandaguacu","state":"Parana","country":"Brazil"},{"city":"Mandaguari","state":"Parana","country":"Brazil"},{"city":"Marechal Candido Rondon","state":"Parana","country":"Brazil"},{"city":"Marialva","state":"Parana","country":"Brazil"},{"city":"Maringa","state":"Parana","country":"Brazil"},{"city":"Matelandia","state":"Parana","country":"Brazil"},{"city":"Matinhos","state":"Parana","country":"Brazil"},{"city":"Medianeira","state":"Parana","country":"Brazil"},{"city":"Moreira Sales","state":"Parana","country":"Brazil"},{"city":"Nova Aurora","state":"Parana","country":"Brazil"},{"city":"Nova Esperanca","state":"Parana","country":"Brazil"},{"city":"Nova Londrina","state":"Parana","country":"Brazil"},{"city":"Ortigueira","state":"Parana","country":"Brazil"},{"city":"Paicandu","state":"Parana","country":"Brazil"},{"city":"Palmas","state":"Parana","country":"Brazil"},{"city":"Palmeira","state":"Parana","country":"Brazil"},{"city":"Palotina","state":"Parana","country":"Brazil"},{"city":"Paranagua","state":"Parana","country":"Brazil"},{"city":"Paranavai","state":"Parana","country":"Brazil"},{"city":"Pato Branco","state":"Parana","country":"Brazil"},{"city":"Peabiru","state":"Parana","country":"Brazil"},{"city":"Pinhais","state":"Parana","country":"Brazil"},{"city":"Pinhao","state":"Parana","country":"Brazil"},{"city":"Pirai do Sul","state":"Parana","country":"Brazil"},{"city":"Piraquara","state":"Parana","country":"Brazil"},{"city":"Pitanga","state":"Parana","country":"Brazil"},{"city":"Ponta Grossa","state":"Parana","country":"Brazil"},{"city":"Pontal do Parana","state":"Parana","country":"Brazil"},{"city":"Porecatu","state":"Parana","country":"Brazil"},{"city":"Primero de Maio","state":"Parana","country":"Brazil"},{"city":"Prudentopolis","state":"Parana","country":"Brazil"},{"city":"Quatro Barras","state":"Parana","country":"Brazil"},{"city":"Quedas do Iguacu","state":"Parana","country":"Brazil"},{"city":"Realeza","state":"Parana","country":"Brazil"},{"city":"Reserva","state":"Parana","country":"Brazil"},{"city":"Ribeirao do Pinhal","state":"Parana","country":"Brazil"},{"city":"Rio Branco do Sul","state":"Parana","country":"Brazil"},{"city":"Rio Negro","state":"Parana","country":"Brazil"},{"city":"Rolandia","state":"Parana","country":"Brazil"},{"city":"Santa Helena","state":"Parana","country":"Brazil"},{"city":"Santa Terezinha de Itaipu","state":"Parana","country":"Brazil"},{"city":"Santo Antonio da Platina","state":"Parana","country":"Brazil"},{"city":"Santo Antonio do Sudoeste","state":"Parana","country":"Brazil"},{"city":"Sao Joao do Ivai","state":"Parana","country":"Brazil"},{"city":"Sao Jose dos Pinhais","state":"Parana","country":"Brazil"},{"city":"Sao Mateus do Sul","state":"Parana","country":"Brazil"},{"city":"Sao Miguel do Iguacu","state":"Parana","country":"Brazil"},{"city":"Sarandi","state":"Parana","country":"Brazil"},{"city":"Senges","state":"Parana","country":"Brazil"},{"city":"Sertanopolis","state":"Parana","country":"Brazil"},{"city":"Siquera Campos","state":"Parana","country":"Brazil"},{"city":"Tapejara","state":"Parana","country":"Brazil"},{"city":"Telemaco Borba","state":"Parana","country":"Brazil"},{"city":"Terra Boa","state":"Parana","country":"Brazil"},{"city":"Terra Rica","state":"Parana","country":"Brazil"},{"city":"Terra Roxa","state":"Parana","country":"Brazil"},{"city":"Tibagi","state":"Parana","country":"Brazil"},{"city":"Toledo","state":"Parana","country":"Brazil"},{"city":"Ubirata","state":"Parana","country":"Brazil"},{"city":"Umuarama","state":"Parana","country":"Brazil"},{"city":"Uniao da Victoria","state":"Parana","country":"Brazil"},{"city":"Wenceslau Braz","state":"Parana","country":"Brazil"},{"city":"Abreu e Lima","state":"Pernambuco","country":"Brazil"},{"city":"Afogados da Ingazeira","state":"Pernambuco","country":"Brazil"},{"city":"Agrestina","state":"Pernambuco","country":"Brazil"},{"city":"Agua Preta","state":"Pernambuco","country":"Brazil"},{"city":"Aguas Belas","state":"Pernambuco","country":"Brazil"},{"city":"Alianca","state":"Pernambuco","country":"Brazil"},{"city":"Altinho","state":"Pernambuco","country":"Brazil"},{"city":"Amaraji","state":"Pernambuco","country":"Brazil"},{"city":"Aracoiaba","state":"Pernambuco","country":"Brazil"},{"city":"Araripina","state":"Pernambuco","country":"Brazil"},{"city":"Arcoverde","state":"Pernambuco","country":"Brazil"},{"city":"Barra de Guabiraba","state":"Pernambuco","country":"Brazil"},{"city":"Barreiros","state":"Pernambuco","country":"Brazil"},{"city":"Belem de Sao Francisco","state":"Pernambuco","country":"Brazil"},{"city":"Belo Jardim","state":"Pernambuco","country":"Brazil"},{"city":"Bezerros","state":"Pernambuco","country":"Brazil"},{"city":"Bodoco","state":"Pernambuco","country":"Brazil"},{"city":"Bom Conselho","state":"Pernambuco","country":"Brazil"},{"city":"Bom Jardim","state":"Pernambuco","country":"Brazil"},{"city":"Bonito","state":"Pernambuco","country":"Brazil"},{"city":"Brejo da Madre de Deus","state":"Pernambuco","country":"Brazil"},{"city":"Buique","state":"Pernambuco","country":"Brazil"},{"city":"Cabo de Santo Agostinho","state":"Pernambuco","country":"Brazil"},{"city":"Cabrobo","state":"Pernambuco","country":"Brazil"},{"city":"Cachoeirinha","state":"Pernambuco","country":"Brazil"},{"city":"Caetes","state":"Pernambuco","country":"Brazil"},{"city":"Camaragibe","state":"Pernambuco","country":"Brazil"},{"city":"Camocim de Sao Felix","state":"Pernambuco","country":"Brazil"},{"city":"Canhotinho","state":"Pernambuco","country":"Brazil"},{"city":"Capoeiras","state":"Pernambuco","country":"Brazil"},{"city":"Carnaiba","state":"Pernambuco","country":"Brazil"},{"city":"Carpina","state":"Pernambuco","country":"Brazil"},{"city":"Caruaru","state":"Pernambuco","country":"Brazil"},{"city":"Catende","state":"Pernambuco","country":"Brazil"},{"city":"Cha Grande","state":"Pernambuco","country":"Brazil"},{"city":"Condado","state":"Pernambuco","country":"Brazil"},{"city":"Cumaru","state":"Pernambuco","country":"Brazil"},{"city":"Cupira","state":"Pernambuco","country":"Brazil"},{"city":"Custodia","state":"Pernambuco","country":"Brazil"},{"city":"Escada","state":"Pernambuco","country":"Brazil"},{"city":"Exu","state":"Pernambuco","country":"Brazil"},{"city":"Feira Nova","state":"Pernambuco","country":"Brazil"},{"city":"Fernando de Noronha","state":"Pernambuco","country":"Brazil"},{"city":"Flores","state":"Pernambuco","country":"Brazil"},{"city":"Floresta","state":"Pernambuco","country":"Brazil"},{"city":"Gameleira","state":"Pernambuco","country":"Brazil"},{"city":"Garanhuns","state":"Pernambuco","country":"Brazil"},{"city":"Gloria do Goita","state":"Pernambuco","country":"Brazil"},{"city":"Goiana","state":"Pernambuco","country":"Brazil"},{"city":"Gravata","state":"Pernambuco","country":"Brazil"},{"city":"Ibimirim","state":"Pernambuco","country":"Brazil"},{"city":"Igarassu","state":"Pernambuco","country":"Brazil"},{"city":"Inaja","state":"Pernambuco","country":"Brazil"},{"city":"Ipojuca","state":"Pernambuco","country":"Brazil"},{"city":"Ipubi","state":"Pernambuco","country":"Brazil"},{"city":"Itaiba","state":"Pernambuco","country":"Brazil"},{"city":"Itamaraca","state":"Pernambuco","country":"Brazil"},{"city":"Itambe","state":"Pernambuco","country":"Brazil"},{"city":"Itapissuma","state":"Pernambuco","country":"Brazil"},{"city":"Itaquitinga","state":"Pernambuco","country":"Brazil"},{"city":"Jaboatao","state":"Pernambuco","country":"Brazil"},{"city":"Joao Alfredo","state":"Pernambuco","country":"Brazil"},{"city":"Joaquim Nabuco","state":"Pernambuco","country":"Brazil"},{"city":"Lagoa do Itaenga","state":"Pernambuco","country":"Brazil"},{"city":"Lajedo","state":"Pernambuco","country":"Brazil"},{"city":"Limoeiro","state":"Pernambuco","country":"Brazil"},{"city":"Macaparana","state":"Pernambuco","country":"Brazil"},{"city":"Maraial","state":"Pernambuco","country":"Brazil"},{"city":"Moreno","state":"Pernambuco","country":"Brazil"},{"city":"Nazare da Mata","state":"Pernambuco","country":"Brazil"},{"city":"Olinda","state":"Pernambuco","country":"Brazil"},{"city":"Orobo","state":"Pernambuco","country":"Brazil"},{"city":"Ouricuri","state":"Pernambuco","country":"Brazil"},{"city":"Palmares","state":"Pernambuco","country":"Brazil"},{"city":"Panelas","state":"Pernambuco","country":"Brazil"},{"city":"Parnamirim","state":"Pernambuco","country":"Brazil"},{"city":"Passira","state":"Pernambuco","country":"Brazil"},{"city":"Paudalho","state":"Pernambuco","country":"Brazil"},{"city":"Paulista","state":"Pernambuco","country":"Brazil"},{"city":"Pedra","state":"Pernambuco","country":"Brazil"},{"city":"Pesqueira","state":"Pernambuco","country":"Brazil"},{"city":"Petrolandia","state":"Pernambuco","country":"Brazil"},{"city":"Petrolina","state":"Pernambuco","country":"Brazil"},{"city":"Pombos","state":"Pernambuco","country":"Brazil"},{"city":"Quipapa","state":"Pernambuco","country":"Brazil"},{"city":"Recife","state":"Pernambuco","country":"Brazil"},{"city":"Ribeirao","state":"Pernambuco","country":"Brazil"},{"city":"Rio Formoso","state":"Pernambuco","country":"Brazil"},{"city":"Salgueiro","state":"Pernambuco","country":"Brazil"},{"city":"Santa Cruz do Capibaribe","state":"Pernambuco","country":"Brazil"},{"city":"Santa Maria da Boa Vista","state":"Pernambuco","country":"Brazil"},{"city":"Sao Bento do Una","state":"Pernambuco","country":"Brazil"},{"city":"Sao Caitano","state":"Pernambuco","country":"Brazil"},{"city":"Sao Joao","state":"Pernambuco","country":"Brazil"},{"city":"Sao Joaquim do Monte","state":"Pernambuco","country":"Brazil"},{"city":"Sao Jose da Coroa Grande","state":"Pernambuco","country":"Brazil"},{"city":"Sao Jose do Belmonte","state":"Pernambuco","country":"Brazil"},{"city":"Sao Jose do Egito","state":"Pernambuco","country":"Brazil"},{"city":"Sao Lourenco da Mata","state":"Pernambuco","country":"Brazil"},{"city":"Serra Talhada","state":"Pernambuco","country":"Brazil"},{"city":"Sertania","state":"Pernambuco","country":"Brazil"},{"city":"Sirinhaem","state":"Pernambuco","country":"Brazil"},{"city":"Surubim","state":"Pernambuco","country":"Brazil"},{"city":"Tabira","state":"Pernambuco","country":"Brazil"},{"city":"Tamandare","state":"Pernambuco","country":"Brazil"},{"city":"Taquaritinga do Norte","state":"Pernambuco","country":"Brazil"},{"city":"Timbauba","state":"Pernambuco","country":"Brazil"},{"city":"Toritama","state":"Pernambuco","country":"Brazil"},{"city":"Trindade","state":"Pernambuco","country":"Brazil"},{"city":"Triunfo","state":"Pernambuco","country":"Brazil"},{"city":"Tupanatinga","state":"Pernambuco","country":"Brazil"},{"city":"Vicencia","state":"Pernambuco","country":"Brazil"},{"city":"Vitoria de Santo Antao","state":"Pernambuco","country":"Brazil"},{"city":"Agua Branca","state":"Piaui","country":"Brazil"},{"city":"Alto Longa","state":"Piaui","country":"Brazil"},{"city":"Altos","state":"Piaui","country":"Brazil"},{"city":"Amarante","state":"Piaui","country":"Brazil"},{"city":"Avelino Lopes","state":"Piaui","country":"Brazil"},{"city":"Barras","state":"Piaui","country":"Brazil"},{"city":"Batalha","state":"Piaui","country":"Brazil"},{"city":"Beneditinos","state":"Piaui","country":"Brazil"},{"city":"Bom Jesus","state":"Piaui","country":"Brazil"},{"city":"Buriti dos Lopes","state":"Piaui","country":"Brazil"},{"city":"Campo Maior","state":"Piaui","country":"Brazil"},{"city":"Canto do Buriti","state":"Piaui","country":"Brazil"},{"city":"Castelo do Piaui","state":"Piaui","country":"Brazil"},{"city":"Cocal","state":"Piaui","country":"Brazil"},{"city":"Corrente","state":"Piaui","country":"Brazil"},{"city":"Demerval Lobao","state":"Piaui","country":"Brazil"},{"city":"Elesbao Veloso","state":"Piaui","country":"Brazil"},{"city":"Esperantina","state":"Piaui","country":"Brazil"},{"city":"Floriano","state":"Piaui","country":"Brazil"},{"city":"Gilbues","state":"Piaui","country":"Brazil"},{"city":"Guadalupe","state":"Piaui","country":"Brazil"},{"city":"Inhuma","state":"Piaui","country":"Brazil"},{"city":"Itainopolis","state":"Piaui","country":"Brazil"},{"city":"Itaueira","state":"Piaui","country":"Brazil"},{"city":"Jaicos","state":"Piaui","country":"Brazil"},{"city":"Joaquim Pires","state":"Piaui","country":"Brazil"},{"city":"Jose de Freitas","state":"Piaui","country":"Brazil"},{"city":"Luis Correia","state":"Piaui","country":"Brazil"},{"city":"Luzilandia","state":"Piaui","country":"Brazil"},{"city":"Matias Olimpio","state":"Piaui","country":"Brazil"},{"city":"Miguel Alves","state":"Piaui","country":"Brazil"},{"city":"Monsenhor Gil","state":"Piaui","country":"Brazil"},{"city":"Oeiras","state":"Piaui","country":"Brazil"},{"city":"Palmeirais","state":"Piaui","country":"Brazil"},{"city":"Parnaiba","state":"Piaui","country":"Brazil"},{"city":"Pedro II","state":"Piaui","country":"Brazil"},{"city":"Picos","state":"Piaui","country":"Brazil"},{"city":"Pimenteiras","state":"Piaui","country":"Brazil"},{"city":"Pio IX","state":"Piaui","country":"Brazil"},{"city":"Piracuruca","state":"Piaui","country":"Brazil"},{"city":"Piripiri","state":"Piaui","country":"Brazil"},{"city":"Porto","state":"Piaui","country":"Brazil"},{"city":"Regeneracao","state":"Piaui","country":"Brazil"},{"city":"Sao Joao do Piaui","state":"Piaui","country":"Brazil"},{"city":"Sao Miguel do Tapuio","state":"Piaui","country":"Brazil"},{"city":"Sao Pedro do Piaui","state":"Piaui","country":"Brazil"},{"city":"Sao Raimundo Nonato","state":"Piaui","country":"Brazil"},{"city":"Simoes","state":"Piaui","country":"Brazil"},{"city":"Simplicio Mendes","state":"Piaui","country":"Brazil"},{"city":"Teresina","state":"Piaui","country":"Brazil"},{"city":"Uniao","state":"Piaui","country":"Brazil"},{"city":"Urucui","state":"Piaui","country":"Brazil"},{"city":"Valenca do Piaui","state":"Piaui","country":"Brazil"},{"city":"Alta Floresta d'Oeste","state":"Rondonia","country":"Brazil"},{"city":"Alto Alegre do Parecis","state":"Rondonia","country":"Brazil"},{"city":"Alto Paraiso","state":"Rondonia","country":"Brazil"},{"city":"Alvorada d'Oeste","state":"Rondonia","country":"Brazil"},{"city":"Ariquemes","state":"Rondonia","country":"Brazil"},{"city":"Buritis","state":"Rondonia","country":"Brazil"},{"city":"Cacoal","state":"Rondonia","country":"Brazil"},{"city":"Candeias do Jamari","state":"Rondonia","country":"Brazil"},{"city":"Cerejeiras","state":"Rondonia","country":"Brazil"},{"city":"Colorado do Oeste","state":"Rondonia","country":"Brazil"},{"city":"Corumbiara","state":"Rondonia","country":"Brazil"},{"city":"Espigao d'Oeste","state":"Rondonia","country":"Brazil"},{"city":"Governador Jorge Teixeira","state":"Rondonia","country":"Brazil"},{"city":"Guajara-Mirim","state":"Rondonia","country":"Brazil"},{"city":"Jaru","state":"Rondonia","country":"Brazil"},{"city":"Ji-Parana","state":"Rondonia","country":"Brazil"},{"city":"Machadinho d'Oeste","state":"Rondonia","country":"Brazil"},{"city":"Ministro Andreazza","state":"Rondonia","country":"Brazil"},{"city":"Mirante da Serra","state":"Rondonia","country":"Brazil"},{"city":"Nova Brasilandia d'Oeste","state":"Rondonia","country":"Brazil"},{"city":"Nova Mamore","state":"Rondonia","country":"Brazil"},{"city":"Novo Horizonte do Oeste","state":"Rondonia","country":"Brazil"},{"city":"Ouro Preto do Oeste","state":"Rondonia","country":"Brazil"},{"city":"Pimenta Bueno","state":"Rondonia","country":"Brazil"},{"city":"Porto Velho","state":"Rondonia","country":"Brazil"},{"city":"Presidente Medici","state":"Rondonia","country":"Brazil"},{"city":"Rolim de Moura","state":"Rondonia","country":"Brazil"},{"city":"Santa Luzia d'Oeste","state":"Rondonia","country":"Brazil"},{"city":"Sao Miguel do Guapore","state":"Rondonia","country":"Brazil"},{"city":"Urupa","state":"Rondonia","country":"Brazil"},{"city":"Vale do Paraiso","state":"Rondonia","country":"Brazil"},{"city":"Vilhena","state":"Rondonia","country":"Brazil"},{"city":"Alto Alegre","state":"Roraima","country":"Brazil"},{"city":"Boa Vista","state":"Roraima","country":"Brazil"},{"city":"Bonfim","state":"Roraima","country":"Brazil"},{"city":"Caracarai","state":"Roraima","country":"Brazil"},{"city":"Mucajai","state":"Roraima","country":"Brazil"},{"city":"Normandia","state":"Roraima","country":"Brazil"},{"city":"Sao Joao da Baliza","state":"Roraima","country":"Brazil"},{"city":"Sao Luiz","state":"Roraima","country":"Brazil"},{"city":"Aquidaba","state":"Sergipe","country":"Brazil"},{"city":"Aracaju","state":"Sergipe","country":"Brazil"},{"city":"Araua","state":"Sergipe","country":"Brazil"},{"city":"Areia Branca","state":"Sergipe","country":"Brazil"},{"city":"Barra dos Coqueiros","state":"Sergipe","country":"Brazil"},{"city":"Boquim","state":"Sergipe","country":"Brazil"},{"city":"Campo do Brito","state":"Sergipe","country":"Brazil"},{"city":"Caninde de Sao Francisco","state":"Sergipe","country":"Brazil"},{"city":"Capela","state":"Sergipe","country":"Brazil"},{"city":"Carira","state":"Sergipe","country":"Brazil"},{"city":"Cristinapolis","state":"Sergipe","country":"Brazil"},{"city":"Estancia","state":"Sergipe","country":"Brazil"},{"city":"Frei Paulo","state":"Sergipe","country":"Brazil"},{"city":"Gararu","state":"Sergipe","country":"Brazil"},{"city":"Indiaroba","state":"Sergipe","country":"Brazil"},{"city":"Itabaiana","state":"Sergipe","country":"Brazil"},{"city":"Itabaianinha","state":"Sergipe","country":"Brazil"},{"city":"Itaporanga d'Ajuda","state":"Sergipe","country":"Brazil"},{"city":"Japaratuba","state":"Sergipe","country":"Brazil"},{"city":"Japoata","state":"Sergipe","country":"Brazil"},{"city":"Lagarto","state":"Sergipe","country":"Brazil"},{"city":"Laranjeiras","state":"Sergipe","country":"Brazil"},{"city":"Malhador","state":"Sergipe","country":"Brazil"},{"city":"Maruim","state":"Sergipe","country":"Brazil"},{"city":"Moita Bonita","state":"Sergipe","country":"Brazil"},{"city":"Monte Alegre de Sergipe","state":"Sergipe","country":"Brazil"},{"city":"Neopolis","state":"Sergipe","country":"Brazil"},{"city":"Nossa Senhora da Gloria","state":"Sergipe","country":"Brazil"},{"city":"Nossa Senhora das Dores","state":"Sergipe","country":"Brazil"},{"city":"Nossa Senhora do Socorro","state":"Sergipe","country":"Brazil"},{"city":"Pacatuba","state":"Sergipe","country":"Brazil"},{"city":"Poco Verde","state":"Sergipe","country":"Brazil"},{"city":"Porto da Folha","state":"Sergipe","country":"Brazil"},{"city":"Propria","state":"Sergipe","country":"Brazil"},{"city":"Riachao do Dantas","state":"Sergipe","country":"Brazil"},{"city":"Ribeiropolis","state":"Sergipe","country":"Brazil"},{"city":"Salgado","state":"Sergipe","country":"Brazil"},{"city":"Santa Luzia do Itanhy","state":"Sergipe","country":"Brazil"},{"city":"Santo Amaro das Brotas","state":"Sergipe","country":"Brazil"},{"city":"Sao Cristovao","state":"Sergipe","country":"Brazil"},{"city":"Simao Dias","state":"Sergipe","country":"Brazil"},{"city":"Tobias Barreto","state":"Sergipe","country":"Brazil"},{"city":"Tomar do Geru","state":"Sergipe","country":"Brazil"},{"city":"Umbauba","state":"Sergipe","country":"Brazil"},{"city":"Alvorada","state":"Tocantins","country":"Brazil"},{"city":"Ananas","state":"Tocantins","country":"Brazil"},{"city":"Araguacu","state":"Tocantins","country":"Brazil"},{"city":"Araguaina","state":"Tocantins","country":"Brazil"},{"city":"Araguatins","state":"Tocantins","country":"Brazil"},{"city":"Arraias","state":"Tocantins","country":"Brazil"},{"city":"Augustinopolis","state":"Tocantins","country":"Brazil"},{"city":"Axixa do Tocantins","state":"Tocantins","country":"Brazil"},{"city":"Colinas do Tocantins","state":"Tocantins","country":"Brazil"},{"city":"Dianopolis","state":"Tocantins","country":"Brazil"},{"city":"Formoso do Araguaia","state":"Tocantins","country":"Brazil"},{"city":"Goiatins","state":"Tocantins","country":"Brazil"},{"city":"Guarai","state":"Tocantins","country":"Brazil"},{"city":"Gurupi","state":"Tocantins","country":"Brazil"},{"city":"Miracema do Tocantins","state":"Tocantins","country":"Brazil"},{"city":"Miranorte","state":"Tocantins","country":"Brazil"},{"city":"Palmas","state":"Tocantins","country":"Brazil"},{"city":"Paraiso","state":"Tocantins","country":"Brazil"},{"city":"Parana","state":"Tocantins","country":"Brazil"},{"city":"Porto Nacional","state":"Tocantins","country":"Brazil"},{"city":"Sitio Novo do Tocantins","state":"Tocantins","country":"Brazil"},{"city":"Taguatinga","state":"Tocantins","country":"Brazil"},{"city":"Tocantinopolis","state":"Tocantins","country":"Brazil"},{"city":"Wanderlandia","state":"Tocantins","country":"Brazil"},{"city":"Xambioa","state":"Tocantins","country":"Brazil"}]