[{"city":"Airdrie","state":"Alberta","country":"Canada"},{"city":"Athabasca","state":"Alberta","country":"Canada"},{"city":"Banff","state":"Alberta","country":"Canada"},{"city":"Barrhead","state":"Alberta","country":"Canada"},{"city":"Bassano","state":"Alberta","country":"Canada"},{"city":"Beaumont","state":"Alberta","country":"Canada"},{"city":"Beaverlodge","state":"Alberta","country":"Canada"},{"city":"Black Diamond","state":"Alberta","country":"Canada"},{"city":"Blackfalds","state":"Alberta","country":"Canada"},{"city":"Blairmore","state":"Alberta","country":"Canada"},{"city":"Bon Accord","state":"Alberta","country":"Canada"},{"city":"Bonnyville","state":"Alberta","country":"Canada"},{"city":"Bow Island","state":"Alberta","country":"Canada"},{"city":"Brooks","state":"Alberta","country":"Canada"},{"city":"Calgary","state":"Alberta","country":"Canada"},{"city":"Calmar","state":"Alberta","country":"Canada"},{"city":"Camrose","state":"Alberta","country":"Canada"},{"city":"Canmore","state":"Alberta","country":"Canada"},{"city":"Cardston","state":"Alberta","country":"Canada"},{"city":"Carstairs","state":"Alberta","country":"Canada"},{"city":"Chateau Lake Louise","state":"Alberta","country":"Canada"},{"city":"Chestermere","state":"Alberta","country":"Canada"},{"city":"Clairmont","state":"Alberta","country":"Canada"},{"city":"Claresholm","state":"Alberta","country":"Canada"},{"city":"Coaldale","state":"Alberta","country":"Canada"},{"city":"Coalhurst","state":"Alberta","country":"Canada"},{"city":"Cochrane","state":"Alberta","country":"Canada"},{"city":"Crossfield","state":"Alberta","country":"Canada"},{"city":"Devon","state":"Alberta","country":"Canada"},{"city":"Didsbury","state":"Alberta","country":"Canada"},{"city":"Drayton Valley","state":"Alberta","country":"Canada"},{"city":"Drumheller","state":"Alberta","country":"Canada"},{"city":"Edmonton","state":"Alberta","country":"Canada"},{"city":"Edson","state":"Alberta","country":"Canada"},{"city":"Elk Point","state":"Alberta","country":"Canada"},{"city":"Fairview","state":"Alberta","country":"Canada"},{"city":"Falher","state":"Alberta","country":"Canada"},{"city":"Fort MacLeod","state":"Alberta","country":"Canada"},{"city":"Fox Creek","state":"Alberta","country":"Canada"},{"city":"Gibbons","state":"Alberta","country":"Canada"},{"city":"Grand Centre","state":"Alberta","country":"Canada"},{"city":"Grande Cache","state":"Alberta","country":"Canada"},{"city":"Grande Prairie","state":"Alberta","country":"Canada"},{"city":"Grimshaw","state":"Alberta","country":"Canada"},{"city":"Hanna","state":"Alberta","country":"Canada"},{"city":"High Level","state":"Alberta","country":"Canada"},{"city":"High Prairie","state":"Alberta","country":"Canada"},{"city":"High River","state":"Alberta","country":"Canada"},{"city":"Hinton","state":"Alberta","country":"Canada"},{"city":"Irricana","state":"Alberta","country":"Canada"},{"city":"Jasper","state":"Alberta","country":"Canada"},{"city":"Killam","state":"Alberta","country":"Canada"},{"city":"La Crete","state":"Alberta","country":"Canada"},{"city":"Lac la Biche","state":"Alberta","country":"Canada"},{"city":"Lacombe","state":"Alberta","country":"Canada"},{"city":"Lamont","state":"Alberta","country":"Canada"},{"city":"Leduc","state":"Alberta","country":"Canada"},{"city":"Lethbridge","state":"Alberta","country":"Canada"},{"city":"Lloydminster","state":"Alberta","country":"Canada"},{"city":"Magrath","state":"Alberta","country":"Canada"},{"city":"Manning","state":"Alberta","country":"Canada"},{"city":"Mayerthorpe","state":"Alberta","country":"Canada"},{"city":"McMurray","state":"Alberta","country":"Canada"},{"city":"Medicine Hat","state":"Alberta","country":"Canada"},{"city":"Millet","state":"Alberta","country":"Canada"},{"city":"Morinville","state":"Alberta","country":"Canada"},{"city":"Nanton","state":"Alberta","country":"Canada"},{"city":"Okotoks","state":"Alberta","country":"Canada"},{"city":"Olds","state":"Alberta","country":"Canada"},{"city":"Peace River","state":"Alberta","country":"Canada"},{"city":"Penhold","state":"Alberta","country":"Canada"},{"city":"Picture Butte","state":"Alberta","country":"Canada"},{"city":"Pincher Creek","state":"Alberta","country":"Canada"},{"city":"Ponoka","state":"Alberta","country":"Canada"},{"city":"Provost","state":"Alberta","country":"Canada"},{"city":"Raymond","state":"Alberta","country":"Canada"},{"city":"Red Deer","state":"Alberta","country":"Canada"},{"city":"Redwater","state":"Alberta","country":"Canada"},{"city":"Rimbey","state":"Alberta","country":"Canada"},{"city":"Rocky Mountain House","state":"Alberta","country":"Canada"},{"city":"Rocky View","state":"Alberta","country":"Canada"},{"city":"Saint Paul","state":"Alberta","country":"Canada"},{"city":"Sexsmith","state":"Alberta","country":"Canada"},{"city":"Sherwood Park","state":"Alberta","country":"Canada"},{"city":"Slave Lake","state":"Alberta","country":"Canada"},{"city":"Smoky Lake","state":"Alberta","country":"Canada"},{"city":"Spirit River","state":"Alberta","country":"Canada"},{"city":"Spruce Grove","state":"Alberta","country":"Canada"},{"city":"Stettler","state":"Alberta","country":"Canada"},{"city":"Stony Plain","state":"Alberta","country":"Canada"},{"city":"Strathmore","state":"Alberta","country":"Canada"},{"city":"Sundre","state":"Alberta","country":"Canada"},{"city":"Swan Hills","state":"Alberta","country":"Canada"},{"city":"Sylvan Lake","state":"Alberta","country":"Canada"},{"city":"Taber","state":"Alberta","country":"Canada"},{"city":"Three Hills","state":"Alberta","country":"Canada"},{"city":"Tofield","state":"Alberta","country":"Canada"},{"city":"Two Hills","state":"Alberta","country":"Canada"},{"city":"Valleyview","state":"Alberta","country":"Canada"},{"city":"Vegreville","state":"Alberta","country":"Canada"},{"city":"Vermilion","state":"Alberta","country":"Canada"},{"city":"Viking","state":"Alberta","country":"Canada"},{"city":"Vulcan","state":"Alberta","country":"Canada"},{"city":"Wainwright","state":"Alberta","country":"Canada"},{"city":"Wembley","state":"Alberta","country":"Canada"},{"city":"Westlock","state":"Alberta","country":"Canada"},{"city":"Wetaskiwin","state":"Alberta","country":"Canada"},{"city":"Whitecourt","state":"Alberta","country":"Canada"},{"city":"Wood Buffalo","state":"Alberta","country":"Canada"},{"city":"Altona","state":"Manitoba","country":"Canada"},{"city":"Beausejour","state":"Manitoba","country":"Canada"},{"city":"Boissevain","state":"Manitoba","country":"Canada"},{"city":"Brandon","state":"Manitoba","country":"Canada"},{"city":"Carberry","state":"Manitoba","country":"Canada"},{"city":"Carman","state":"Manitoba","country":"Canada"},{"city":"Dauphin","state":"Manitoba","country":"Canada"},{"city":"Deloraine","state":"Manitoba","country":"Canada"},{"city":"Dugald","state":"Manitoba","country":"Canada"},{"city":"Flin Flon","state":"Manitoba","country":"Canada"},{"city":"Gimli","state":"Manitoba","country":"Canada"},{"city":"Hamiota","state":"Manitoba","country":"Canada"},{"city":"Killarney","state":"Manitoba","country":"Canada"},{"city":"Lac du Bonnet","state":"Manitoba","country":"Canada"},{"city":"Leaf Rapids","state":"Manitoba","country":"Canada"},{"city":"Lorette","state":"Manitoba","country":"Canada"},{"city":"Melita","state":"Manitoba","country":"Canada"},{"city":"Minnedosa","state":"Manitoba","country":"Canada"},{"city":"Morden","state":"Manitoba","country":"Canada"},{"city":"Morris","state":"Manitoba","country":"Canada"},{"city":"Neepawa","state":"Manitoba","country":"Canada"},{"city":"Niverville","state":"Manitoba","country":"Canada"},{"city":"Pinawa","state":"Manitoba","country":"Canada"},{"city":"Portage la Prairie","state":"Manitoba","country":"Canada"},{"city":"Ritchot","state":"Manitoba","country":"Canada"},{"city":"Rivers","state":"Manitoba","country":"Canada"},{"city":"Roblin","state":"Manitoba","country":"Canada"},{"city":"Saint Adolphe","state":"Manitoba","country":"Canada"},{"city":"Sainte Anne","state":"Manitoba","country":"Canada"},{"city":"Sainte Rose du Lac","state":"Manitoba","country":"Canada"},{"city":"Selkirk","state":"Manitoba","country":"Canada"},{"city":"Shilo","state":"Manitoba","country":"Canada"},{"city":"Snow Lake","state":"Manitoba","country":"Canada"},{"city":"Souris","state":"Manitoba","country":"Canada"},{"city":"Springfield","state":"Manitoba","country":"Canada"},{"city":"Steinbach","state":"Manitoba","country":"Canada"},{"city":"Stonewall","state":"Manitoba","country":"Canada"},{"city":"Stony Mountain","state":"Manitoba","country":"Canada"},{"city":"Swan River","state":"Manitoba","country":"Canada"},{"city":"The Pas","state":"Manitoba","country":"Canada"},{"city":"Thompson","state":"Manitoba","country":"Canada"},{"city":"Virden","state":"Manitoba","country":"Canada"},{"city":"Winkler","state":"Manitoba","country":"Canada"},{"city":"Winnipeg","state":"Manitoba","country":"Canada"},{"city":"Clyde River","state":"Nunavut","country":"Canada"},{"city":"Iqaluit","state":"Nunavut","country":"Canada"},{"city":"Kangerdlinerk","state":"Nunavut","country":"Canada"},{"city":"Oqsuqtooq","state":"Nunavut","country":"Canada"},{"city":"Pangnirtung","state":"Nunavut","country":"Canada"},{"city":"Tununirusiq","state":"Nunavut","country":"Canada"},{"city":"Acton","state":"Ontario","country":"Canada"},{"city":"Ajax","state":"Ontario","country":"Canada"},{"city":"Alexandria","state":"Ontario","country":"Canada"},{"city":"Alfred","state":"Ontario","country":"Canada"},{"city":"Alliston","state":"Ontario","country":"Canada"},{"city":"Almonte","state":"Ontario","country":"Canada"},{"city":"Amherstburg","state":"Ontario","country":"Canada"},{"city":"Amigo Beach","state":"Ontario","country":"Canada"},{"city":"Angus-Borden","state":"Ontario","country":"Canada"},{"city":"Arnprior","state":"Ontario","country":"Canada"},{"city":"Arthur","state":"Ontario","country":"Canada"},{"city":"Athens","state":"Ontario","country":"Canada"},{"city":"Atikokan","state":"Ontario","country":"Canada"},{"city":"Attawapiskat","state":"Ontario","country":"Canada"},{"city":"Aurora","state":"Ontario","country":"Canada"},{"city":"Aylmer","state":"Ontario","country":"Canada"},{"city":"Ayr","state":"Ontario","country":"Canada"},{"city":"Barrie","state":"Ontario","country":"Canada"},{"city":"Barry's Bay","state":"Ontario","country":"Canada"},{"city":"Beamsville","state":"Ontario","country":"Canada"},{"city":"Beaverton","state":"Ontario","country":"Canada"},{"city":"Beeton","state":"Ontario","country":"Canada"},{"city":"Belleville","state":"Ontario","country":"Canada"},{"city":"Belmont","state":"Ontario","country":"Canada"},{"city":"Blenheim","state":"Ontario","country":"Canada"},{"city":"Blind River","state":"Ontario","country":"Canada"},{"city":"Bobcaygeon","state":"Ontario","country":"Canada"},{"city":"Bolton","state":"Ontario","country":"Canada"},{"city":"Bourget","state":"Ontario","country":"Canada"},{"city":"Bowmanville-Newcastle","state":"Ontario","country":"Canada"},{"city":"Bracebridge","state":"Ontario","country":"Canada"},{"city":"Bradford","state":"Ontario","country":"Canada"},{"city":"Brampton","state":"Ontario","country":"Canada"},{"city":"Brantford","state":"Ontario","country":"Canada"},{"city":"Bridgenorth-Chemong Park Area","state":"Ontario","country":"Canada"},{"city":"Brighton","state":"Ontario","country":"Canada"},{"city":"Brockville","state":"Ontario","country":"Canada"},{"city":"Brooklin","state":"Ontario","country":"Canada"},{"city":"Brussels","state":"Ontario","country":"Canada"},{"city":"Burford","state":"Ontario","country":"Canada"},{"city":"Burlington","state":"Ontario","country":"Canada"},{"city":"Caledon","state":"Ontario","country":"Canada"},{"city":"Caledon East","state":"Ontario","country":"Canada"},{"city":"Caledonia","state":"Ontario","country":"Canada"},{"city":"Cambridge","state":"Ontario","country":"Canada"},{"city":"Campbellford","state":"Ontario","country":"Canada"},{"city":"Campbellville","state":"Ontario","country":"Canada"},{"city":"Cannington","state":"Ontario","country":"Canada"},{"city":"Capreol","state":"Ontario","country":"Canada"},{"city":"Cardinal","state":"Ontario","country":"Canada"},{"city":"Carleton Place","state":"Ontario","country":"Canada"},{"city":"Carlisle","state":"Ontario","country":"Canada"},{"city":"Casselman","state":"Ontario","country":"Canada"},{"city":"Cayuga","state":"Ontario","country":"Canada"},{"city":"Chalk River","state":"Ontario","country":"Canada"},{"city":"Chapleau","state":"Ontario","country":"Canada"},{"city":"Chatham","state":"Ontario","country":"Canada"},{"city":"Chesley","state":"Ontario","country":"Canada"},{"city":"Chesterville","state":"Ontario","country":"Canada"},{"city":"Clinton","state":"Ontario","country":"Canada"},{"city":"Cobourg","state":"Ontario","country":"Canada"},{"city":"Cochrane","state":"Ontario","country":"Canada"},{"city":"Colborne","state":"Ontario","country":"Canada"},{"city":"Colchester","state":"Ontario","country":"Canada"},{"city":"Collingwood","state":"Ontario","country":"Canada"},{"city":"Concord","state":"Ontario","country":"Canada"},{"city":"Constance Bay","state":"Ontario","country":"Canada"},{"city":"Cookstown","state":"Ontario","country":"Canada"},{"city":"Cornwall","state":"Ontario","country":"Canada"},{"city":"Creemore","state":"Ontario","country":"Canada"},{"city":"Crystal Beach","state":"Ontario","country":"Canada"},{"city":"Deep River","state":"Ontario","country":"Canada"},{"city":"Delhi","state":"Ontario","country":"Canada"},{"city":"Deseronto","state":"Ontario","country":"Canada"},{"city":"Downsview","state":"Ontario","country":"Canada"},{"city":"Drayton","state":"Ontario","country":"Canada"},{"city":"Dresden","state":"Ontario","country":"Canada"},{"city":"Dryden","state":"Ontario","country":"Canada"},{"city":"Dundalk","state":"Ontario","country":"Canada"},{"city":"Dunnville","state":"Ontario","country":"Canada"},{"city":"Durham","state":"Ontario","country":"Canada"},{"city":"Dutton","state":"Ontario","country":"Canada"},{"city":"Eganville","state":"Ontario","country":"Canada"},{"city":"Elliot Lake","state":"Ontario","country":"Canada"},{"city":"Elmira","state":"Ontario","country":"Canada"},{"city":"Elmvale","state":"Ontario","country":"Canada"},{"city":"Embrun","state":"Ontario","country":"Canada"},{"city":"Englehart","state":"Ontario","country":"Canada"},{"city":"Erin","state":"Ontario","country":"Canada"},{"city":"Espanola","state":"Ontario","country":"Canada"},{"city":"Essex","state":"Ontario","country":"Canada"},{"city":"Etobicoke","state":"Ontario","country":"Canada"},{"city":"Everett","state":"Ontario","country":"Canada"},{"city":"Exeter","state":"Ontario","country":"Canada"},{"city":"Fenelon Falls","state":"Ontario","country":"Canada"},{"city":"Fergus","state":"Ontario","country":"Canada"},{"city":"Forest","state":"Ontario","country":"Canada"},{"city":"Fort Erie","state":"Ontario","country":"Canada"},{"city":"Fort Frances","state":"Ontario","country":"Canada"},{"city":"Frankford","state":"Ontario","country":"Canada"},{"city":"Gananoque","state":"Ontario","country":"Canada"},{"city":"Georgetown","state":"Ontario","country":"Canada"},{"city":"Georgina","state":"Ontario","country":"Canada"},{"city":"Geraldton","state":"Ontario","country":"Canada"},{"city":"Glencoe","state":"Ontario","country":"Canada"},{"city":"Goderich","state":"Ontario","country":"Canada"},{"city":"Golden","state":"Ontario","country":"Canada"},{"city":"Gormley","state":"Ontario","country":"Canada"},{"city":"Grand Bend","state":"Ontario","country":"Canada"},{"city":"Grand Valley","state":"Ontario","country":"Canada"},{"city":"Gravenhurst","state":"Ontario","country":"Canada"},{"city":"Guelph","state":"Ontario","country":"Canada"},{"city":"Hagersville","state":"Ontario","country":"Canada"},{"city":"Haileybury","state":"Ontario","country":"Canada"},{"city":"Hamilton","state":"Ontario","country":"Canada"},{"city":"Hanover","state":"Ontario","country":"Canada"},{"city":"Harriston","state":"Ontario","country":"Canada"},{"city":"Harrow","state":"Ontario","country":"Canada"},{"city":"Hastings","state":"Ontario","country":"Canada"},{"city":"Havelock","state":"Ontario","country":"Canada"},{"city":"Hawkesbury","state":"Ontario","country":"Canada"},{"city":"Hearst","state":"Ontario","country":"Canada"},{"city":"Hensall","state":"Ontario","country":"Canada"},{"city":"Hillsburgh","state":"Ontario","country":"Canada"},{"city":"Hornepayne","state":"Ontario","country":"Canada"},{"city":"Huntsville","state":"Ontario","country":"Canada"},{"city":"Ingersoll","state":"Ontario","country":"Canada"},{"city":"Innisfil","state":"Ontario","country":"Canada"},{"city":"Iroquois","state":"Ontario","country":"Canada"},{"city":"Iroquois Falls","state":"Ontario","country":"Canada"},{"city":"Jarvis","state":"Ontario","country":"Canada"},{"city":"Kanata","state":"Ontario","country":"Canada"},{"city":"Kapuskasing","state":"Ontario","country":"Canada"},{"city":"Kars","state":"Ontario","country":"Canada"},{"city":"Kemptville","state":"Ontario","country":"Canada"},{"city":"Kenora","state":"Ontario","country":"Canada"},{"city":"Kincardine","state":"Ontario","country":"Canada"},{"city":"Kingston","state":"Ontario","country":"Canada"},{"city":"Kirkland Lake","state":"Ontario","country":"Canada"},{"city":"Kitchener","state":"Ontario","country":"Canada"},{"city":"L'Original","state":"Ontario","country":"Canada"},{"city":"Lakefield","state":"Ontario","country":"Canada"},{"city":"Lanark","state":"Ontario","country":"Canada"},{"city":"Leamington","state":"Ontario","country":"Canada"},{"city":"Lindsay","state":"Ontario","country":"Canada"},{"city":"Listowel","state":"Ontario","country":"Canada"},{"city":"Little Current","state":"Ontario","country":"Canada"},{"city":"Lively","state":"Ontario","country":"Canada"},{"city":"London","state":"Ontario","country":"Canada"},{"city":"Longlac","state":"Ontario","country":"Canada"},{"city":"Lucan","state":"Ontario","country":"Canada"},{"city":"Lucknow","state":"Ontario","country":"Canada"},{"city":"Madoc","state":"Ontario","country":"Canada"},{"city":"Manitouwadge","state":"Ontario","country":"Canada"},{"city":"Maple","state":"Ontario","country":"Canada"},{"city":"Marathon","state":"Ontario","country":"Canada"},{"city":"Markdale","state":"Ontario","country":"Canada"},{"city":"Markham","state":"Ontario","country":"Canada"},{"city":"Marmora","state":"Ontario","country":"Canada"},{"city":"Mattawa","state":"Ontario","country":"Canada"},{"city":"Meaford","state":"Ontario","country":"Canada"},{"city":"Metcalfe","state":"Ontario","country":"Canada"},{"city":"Midland","state":"Ontario","country":"Canada"},{"city":"Mildmay","state":"Ontario","country":"Canada"},{"city":"Millbrook","state":"Ontario","country":"Canada"},{"city":"Milton","state":"Ontario","country":"Canada"},{"city":"Milverton","state":"Ontario","country":"Canada"},{"city":"Mississauga","state":"Ontario","country":"Canada"},{"city":"Mississauga Beach","state":"Ontario","country":"Canada"},{"city":"Mitchell","state":"Ontario","country":"Canada"},{"city":"Moose Factory","state":"Ontario","country":"Canada"},{"city":"Morrisburg","state":"Ontario","country":"Canada"},{"city":"Mount Albert","state":"Ontario","country":"Canada"},{"city":"Mount Brydges","state":"Ontario","country":"Canada"},{"city":"Mount Forest","state":"Ontario","country":"Canada"},{"city":"Munster","state":"Ontario","country":"Canada"},{"city":"Nanticoke","state":"Ontario","country":"Canada"},{"city":"Napanee","state":"Ontario","country":"Canada"},{"city":"Nepean","state":"Ontario","country":"Canada"},{"city":"New Hamburg","state":"Ontario","country":"Canada"},{"city":"Newmarket","state":"Ontario","country":"Canada"},{"city":"Newtonville","state":"Ontario","country":"Canada"},{"city":"Nobleton","state":"Ontario","country":"Canada"},{"city":"North Bay","state":"Ontario","country":"Canada"},{"city":"North Gower","state":"Ontario","country":"Canada"},{"city":"North York","state":"Ontario","country":"Canada"},{"city":"Norwich","state":"Ontario","country":"Canada"},{"city":"Norwood","state":"Ontario","country":"Canada"},{"city":"Oakville","state":"Ontario","country":"Canada"},{"city":"Omemee","state":"Ontario","country":"Canada"},{"city":"Onaping-Levack","state":"Ontario","country":"Canada"},{"city":"Ontario","state":"Ontario","country":"Canada"},{"city":"Orangeville","state":"Ontario","country":"Canada"},{"city":"Orillia","state":"Ontario","country":"Canada"},{"city":"Orono","state":"Ontario","country":"Canada"},{"city":"Osgoode","state":"Ontario","country":"Canada"},{"city":"Oshawa","state":"Ontario","country":"Canada"},{"city":"Ottawa","state":"Ontario","country":"Canada"},{"city":"Owen Sound","state":"Ontario","country":"Canada"},{"city":"Paisley","state":"Ontario","country":"Canada"},{"city":"Palmerston","state":"Ontario","country":"Canada"},{"city":"Paris","state":"Ontario","country":"Canada"},{"city":"Parkhill","state":"Ontario","country":"Canada"},{"city":"Parry Sound","state":"Ontario","country":"Canada"},{"city":"Pembroke","state":"Ontario","country":"Canada"},{"city":"Perth","state":"Ontario","country":"Canada"},{"city":"Petawawa","state":"Ontario","country":"Canada"},{"city":"Peterborough","state":"Ontario","country":"Canada"},{"city":"Petrolia","state":"Ontario","country":"Canada"},{"city":"Pickering","state":"Ontario","country":"Canada"},{"city":"Picton","state":"Ontario","country":"Canada"},{"city":"Porcupine","state":"Ontario","country":"Canada"},{"city":"Port Credit","state":"Ontario","country":"Canada"},{"city":"Port Dover","state":"Ontario","country":"Canada"},{"city":"Port Elgin","state":"Ontario","country":"Canada"},{"city":"Port Hope","state":"Ontario","country":"Canada"},{"city":"Port Perry","state":"Ontario","country":"Canada"},{"city":"Port Stanley","state":"Ontario","country":"Canada"},{"city":"Powassan","state":"Ontario","country":"Canada"},{"city":"Prescott","state":"Ontario","country":"Canada"},{"city":"Queensville","state":"Ontario","country":"Canada"},{"city":"Renfrew","state":"Ontario","country":"Canada"},{"city":"Richmond","state":"Ontario","country":"Canada"},{"city":"Richmond Hill","state":"Ontario","country":"Canada"},{"city":"Ridgetown","state":"Ontario","country":"Canada"},{"city":"Rockland","state":"Ontario","country":"Canada"},{"city":"Rockwood","state":"Ontario","country":"Canada"},{"city":"Rodney","state":"Ontario","country":"Canada"},{"city":"Saint Catharines","state":"Ontario","country":"Canada"},{"city":"Saint Catharines-Niagara","state":"Ontario","country":"Canada"},{"city":"Saint George","state":"Ontario","country":"Canada"},{"city":"Saint Jacobs","state":"Ontario","country":"Canada"},{"city":"Saint Marys","state":"Ontario","country":"Canada"},{"city":"Saint Thomas","state":"Ontario","country":"Canada"},{"city":"Sarnia","state":"Ontario","country":"Canada"},{"city":"Sault Sainte Marie","state":"Ontario","country":"Canada"},{"city":"Scarborough","state":"Ontario","country":"Canada"},{"city":"Schomberg","state":"Ontario","country":"Canada"},{"city":"Seaforth","state":"Ontario","country":"Canada"},{"city":"Shelburne","state":"Ontario","country":"Canada"},{"city":"Simcoe","state":"Ontario","country":"Canada"},{"city":"Sioux Lookout","state":"Ontario","country":"Canada"},{"city":"Smiths Falls","state":"Ontario","country":"Canada"},{"city":"Smithville","state":"Ontario","country":"Canada"},{"city":"South River","state":"Ontario","country":"Canada"},{"city":"Southampton","state":"Ontario","country":"Canada"},{"city":"Stayner","state":"Ontario","country":"Canada"},{"city":"Stirling","state":"Ontario","country":"Canada"},{"city":"Stoney Creek","state":"Ontario","country":"Canada"},{"city":"Stoney Point","state":"Ontario","country":"Canada"},{"city":"Stouffville","state":"Ontario","country":"Canada"},{"city":"Stratford","state":"Ontario","country":"Canada"},{"city":"Strathroy","state":"Ontario","country":"Canada"},{"city":"Sturgeon Falls","state":"Ontario","country":"Canada"},{"city":"Sudbury","state":"Ontario","country":"Canada"},{"city":"Sutton","state":"Ontario","country":"Canada"},{"city":"Tavistock","state":"Ontario","country":"Canada"},{"city":"Teeswater","state":"Ontario","country":"Canada"},{"city":"Terrace Bay","state":"Ontario","country":"Canada"},{"city":"Thamesford","state":"Ontario","country":"Canada"},{"city":"Thessalon","state":"Ontario","country":"Canada"},{"city":"Thornbury","state":"Ontario","country":"Canada"},{"city":"Thornhill","state":"Ontario","country":"Canada"},{"city":"Thunder Bay","state":"Ontario","country":"Canada"},{"city":"Tilbury","state":"Ontario","country":"Canada"},{"city":"Tilsonburg","state":"Ontario","country":"Canada"},{"city":"Timmins","state":"Ontario","country":"Canada"},{"city":"Toronto","state":"Ontario","country":"Canada"},{"city":"Tory Hill","state":"Ontario","country":"Canada"},{"city":"Tottenham","state":"Ontario","country":"Canada"},{"city":"Tweed","state":"Ontario","country":"Canada"},{"city":"Uxbridge","state":"Ontario","country":"Canada"},{"city":"Valley East","state":"Ontario","country":"Canada"},{"city":"Vankleek Hill","state":"Ontario","country":"Canada"},{"city":"Vaughan","state":"Ontario","country":"Canada"},{"city":"Vineland","state":"Ontario","country":"Canada"},{"city":"Walkerton","state":"Ontario","country":"Canada"},{"city":"Wallaceburg","state":"Ontario","country":"Canada"},{"city":"Wasaga Beach","state":"Ontario","country":"Canada"},{"city":"Waterdown","state":"Ontario","country":"Canada"},{"city":"Waterford","state":"Ontario","country":"Canada"},{"city":"Waterloo","state":"Ontario","country":"Canada"},{"city":"Watford","state":"Ontario","country":"Canada"},{"city":"Wawa","state":"Ontario","country":"Canada"},{"city":"Welland","state":"Ontario","country":"Canada"},{"city":"Wellesley","state":"Ontario","country":"Canada"},{"city":"Wellington","state":"Ontario","country":"Canada"},{"city":"West Lorne","state":"Ontario","country":"Canada"},{"city":"Wheatley","state":"Ontario","country":"Canada"},{"city":"Whitby","state":"Ontario","country":"Canada"},{"city":"Whitchurch-Stouffville","state":"Ontario","country":"Canada"},{"city":"Wiarton","state":"Ontario","country":"Canada"},{"city":"Wikwemikong","state":"Ontario","country":"Canada"},{"city":"Willowdale","state":"Ontario","country":"Canada"},{"city":"Winchester","state":"Ontario","country":"Canada"},{"city":"Windsor","state":"Ontario","country":"Canada"},{"city":"Wingham","state":"Ontario","country":"Canada"},{"city":"Woodbridge","state":"Ontario","country":"Canada"},{"city":"Woodstock","state":"Ontario","country":"Canada"},{"city":"Wyoming","state":"Ontario","country":"Canada"},{"city":"Acton Vale","state":"Quebec","country":"Canada"},{"city":"Albanel","state":"Quebec","country":"Canada"},{"city":"Alencon","state":"Quebec","country":"Canada"},{"city":"Alma","state":"Quebec","country":"Canada"},{"city":"Amos","state":"Quebec","country":"Canada"},{"city":"Amqui","state":"Quebec","country":"Canada"},{"city":"Anjou","state":"Quebec","country":"Canada"},{"city":"Asbestos","state":"Quebec","country":"Canada"},{"city":"Bagotville","state":"Quebec","country":"Canada"},{"city":"Baie-Comeau","state":"Quebec","country":"Canada"},{"city":"Baie-Saint-Paul","state":"Quebec","country":"Canada"},{"city":"Barraute","state":"Quebec","country":"Canada"},{"city":"Beauceville","state":"Quebec","country":"Canada"},{"city":"Beaupre","state":"Quebec","country":"Canada"},{"city":"Bedford","state":"Quebec","country":"Canada"},{"city":"Beloeil","state":"Quebec","country":"Canada"},{"city":"Bernierville","state":"Quebec","country":"Canada"},{"city":"Berthierville","state":"Quebec","country":"Canada"},{"city":"Betsiamites","state":"Quebec","country":"Canada"},{"city":"Boisbriand","state":"Quebec","country":"Canada"},{"city":"Bonaventure","state":"Quebec","country":"Canada"},{"city":"Boucherville","state":"Quebec","country":"Canada"},{"city":"Bromont","state":"Quebec","country":"Canada"},{"city":"Brossard","state":"Quebec","country":"Canada"},{"city":"Brownsburg","state":"Quebec","country":"Canada"},{"city":"Buckingham","state":"Quebec","country":"Canada"},{"city":"Cabano","state":"Quebec","country":"Canada"},{"city":"Candiac","state":"Quebec","country":"Canada"},{"city":"Cap-Chat","state":"Quebec","country":"Canada"},{"city":"Cap-aux-Meules","state":"Quebec","country":"Canada"},{"city":"Carleton","state":"Quebec","country":"Canada"},{"city":"Causapscal","state":"Quebec","country":"Canada"},{"city":"Chandler","state":"Quebec","country":"Canada"},{"city":"Chapais","state":"Quebec","country":"Canada"},{"city":"Charlesbourg","state":"Quebec","country":"Canada"},{"city":"Chateau-Richer","state":"Quebec","country":"Canada"},{"city":"Chibougamou","state":"Quebec","country":"Canada"},{"city":"Chicoutimi-Jonquiere","state":"Quebec","country":"Canada"},{"city":"Chisasibi","state":"Quebec","country":"Canada"},{"city":"Chute-aux-Outardes","state":"Quebec","country":"Canada"},{"city":"Clermont","state":"Quebec","country":"Canada"},{"city":"Coaticook","state":"Quebec","country":"Canada"},{"city":"Coleraine","state":"Quebec","country":"Canada"},{"city":"Contrecoeur","state":"Quebec","country":"Canada"},{"city":"Cookshire","state":"Quebec","country":"Canada"},{"city":"Cowansville","state":"Quebec","country":"Canada"},{"city":"Crabtree","state":"Quebec","country":"Canada"},{"city":"Danville","state":"Quebec","country":"Canada"},{"city":"Daveluyville","state":"Quebec","country":"Canada"},{"city":"Degelis","state":"Quebec","country":"Canada"},{"city":"Desbiens","state":"Quebec","country":"Canada"},{"city":"Disraeli","state":"Quebec","country":"Canada"},{"city":"Dolbeau","state":"Quebec","country":"Canada"},{"city":"Donnacona","state":"Quebec","country":"Canada"},{"city":"Dorval","state":"Quebec","country":"Canada"},{"city":"Drummondville","state":"Quebec","country":"Canada"},{"city":"East Angus","state":"Quebec","country":"Canada"},{"city":"East Broughton","state":"Quebec","country":"Canada"},{"city":"Farnham","state":"Quebec","country":"Canada"},{"city":"Ferme-Neuve","state":"Quebec","country":"Canada"},{"city":"Fermont","state":"Quebec","country":"Canada"},{"city":"Filion","state":"Quebec","country":"Canada"},{"city":"Forestville","state":"Quebec","country":"Canada"},{"city":"Fort-Coulonge","state":"Quebec","country":"Canada"},{"city":"Gaspe","state":"Quebec","country":"Canada"},{"city":"Gentilly","state":"Quebec","country":"Canada"},{"city":"Granby","state":"Quebec","country":"Canada"},{"city":"Grande-Riviere","state":"Quebec","country":"Canada"},{"city":"Grenville","state":"Quebec","country":"Canada"},{"city":"Ham Nord","state":"Quebec","country":"Canada"},{"city":"Hampstead","state":"Quebec","country":"Canada"},{"city":"Hauterive","state":"Quebec","country":"Canada"},{"city":"Havre-Saint-Pierre","state":"Quebec","country":"Canada"},{"city":"Hebertville","state":"Quebec","country":"Canada"},{"city":"Huntingdon","state":"Quebec","country":"Canada"},{"city":"Joliette","state":"Quebec","country":"Canada"},{"city":"Kingsey Falls","state":"Quebec","country":"Canada"},{"city":"L'Annonciation","state":"Quebec","country":"Canada"},{"city":"L'Ascension-de-Notre-Seigneur","state":"Quebec","country":"Canada"},{"city":"L'Epiphanie","state":"Quebec","country":"Canada"},{"city":"La Malbaie","state":"Quebec","country":"Canada"},{"city":"La Pocatiere","state":"Quebec","country":"Canada"},{"city":"La Sarre","state":"Quebec","country":"Canada"},{"city":"La Tuque","state":"Quebec","country":"Canada"},{"city":"Labelle","state":"Quebec","country":"Canada"},{"city":"Lac-Etchemin","state":"Quebec","country":"Canada"},{"city":"Lac-Lapierre","state":"Quebec","country":"Canada"},{"city":"Lac-Megantic","state":"Quebec","country":"Canada"},{"city":"Lac-au-Saumon","state":"Quebec","country":"Canada"},{"city":"Lachine","state":"Quebec","country":"Canada"},{"city":"Lachute","state":"Quebec","country":"Canada"},{"city":"Lacolle","state":"Quebec","country":"Canada"},{"city":"Lasalle","state":"Quebec","country":"Canada"},{"city":"Laurentides","state":"Quebec","country":"Canada"},{"city":"Laurier-Station","state":"Quebec","country":"Canada"},{"city":"Laval","state":"Quebec","country":"Canada"},{"city":"Lavaltrie","state":"Quebec","country":"Canada"},{"city":"Le Bic","state":"Quebec","country":"Canada"},{"city":"Lebel-sur-Quevillon","state":"Quebec","country":"Canada"},{"city":"Les Cedres","state":"Quebec","country":"Canada"},{"city":"Les Coteaux","state":"Quebec","country":"Canada"},{"city":"Les Escoumins","state":"Quebec","country":"Canada"},{"city":"Liniere","state":"Quebec","country":"Canada"},{"city":"Longueuil","state":"Quebec","country":"Canada"},{"city":"Louiseville","state":"Quebec","country":"Canada"},{"city":"Luceville","state":"Quebec","country":"Canada"},{"city":"Macamic","state":"Quebec","country":"Canada"},{"city":"Magog","state":"Quebec","country":"Canada"},{"city":"Malartic","state":"Quebec","country":"Canada"},{"city":"Maniwaki","state":"Quebec","country":"Canada"},{"city":"Marieville","state":"Quebec","country":"Canada"},{"city":"Maskinonge","state":"Quebec","country":"Canada"},{"city":"Matagami","state":"Quebec","country":"Canada"},{"city":"Matane","state":"Quebec","country":"Canada"},{"city":"Metabetchouan","state":"Quebec","country":"Canada"},{"city":"Mirabel","state":"Quebec","country":"Canada"},{"city":"Mistissini","state":"Quebec","country":"Canada"},{"city":"Mont-Joli","state":"Quebec","country":"Canada"},{"city":"Mont-Laurier","state":"Quebec","country":"Canada"},{"city":"Montmagny","state":"Quebec","country":"Canada"},{"city":"Montreal","state":"Quebec","country":"Canada"},{"city":"Murdochville","state":"Quebec","country":"Canada"},{"city":"Napierville","state":"Quebec","country":"Canada"},{"city":"New Richmond","state":"Quebec","country":"Canada"},{"city":"Nicolet","state":"Quebec","country":"Canada"},{"city":"Normandin","state":"Quebec","country":"Canada"},{"city":"Notre-Dame-du-Bon-Conseil","state":"Quebec","country":"Canada"},{"city":"Notre-Dame-du-Lac","state":"Quebec","country":"Canada"},{"city":"Notre-Dame-du-Mont-Carmel","state":"Quebec","country":"Canada"},{"city":"Oka-Kanesatake","state":"Quebec","country":"Canada"},{"city":"Ormstown","state":"Quebec","country":"Canada"},{"city":"Papineauville","state":"Quebec","country":"Canada"},{"city":"Pierreville","state":"Quebec","country":"Canada"},{"city":"Plessisville","state":"Quebec","country":"Canada"},{"city":"Pointe-Claire","state":"Quebec","country":"Canada"},{"city":"Pont-Rouge","state":"Quebec","country":"Canada"},{"city":"Port-Alfred-Bagotville","state":"Quebec","country":"Canada"},{"city":"Port-Cartier","state":"Quebec","country":"Canada"},{"city":"Portneuf","state":"Quebec","country":"Canada"},{"city":"Price","state":"Quebec","country":"Canada"},{"city":"Princeville","state":"Quebec","country":"Canada"},{"city":"Quebec","state":"Quebec","country":"Canada"},{"city":"Rawdon","state":"Quebec","country":"Canada"},{"city":"Repentigny","state":"Quebec","country":"Canada"},{"city":"Richmond","state":"Quebec","country":"Canada"},{"city":"Rigaud","state":"Quebec","country":"Canada"},{"city":"Rimouski","state":"Quebec","country":"Canada"},{"city":"Riviere-au-Renard","state":"Quebec","country":"Canada"},{"city":"Riviere-du-Loup","state":"Quebec","country":"Canada"},{"city":"Roberval","state":"Quebec","country":"Canada"},{"city":"Rougemont","state":"Quebec","country":"Canada"},{"city":"Rouyn-Noranda","state":"Quebec","country":"Canada"},{"city":"Saint-Agapit","state":"Quebec","country":"Canada"},{"city":"Saint-Alexandre","state":"Quebec","country":"Canada"},{"city":"Saint-Alexis-des-Monts","state":"Quebec","country":"Canada"},{"city":"Saint-Ambroise","state":"Quebec","country":"Canada"},{"city":"Saint-Andre-Avellin","state":"Quebec","country":"Canada"},{"city":"Saint-Anselme","state":"Quebec","country":"Canada"},{"city":"Saint-Apollinaire","state":"Quebec","country":"Canada"},{"city":"Saint-Augustin","state":"Quebec","country":"Canada"},{"city":"Saint-Basile-Sud","state":"Quebec","country":"Canada"},{"city":"Saint-Bruno","state":"Quebec","country":"Canada"},{"city":"Saint-Canut","state":"Quebec","country":"Canada"},{"city":"Saint-Cesaire","state":"Quebec","country":"Canada"},{"city":"Saint-Cyrill-de-Wendover","state":"Quebec","country":"Canada"},{"city":"Saint-Damase","state":"Quebec","country":"Canada"},{"city":"Saint-Damien-de-Buckland","state":"Quebec","country":"Canada"},{"city":"Saint-Denis","state":"Quebec","country":"Canada"},{"city":"Saint-Donat-de-Montcalm","state":"Quebec","country":"Canada"},{"city":"Saint-Ephrem-de-Tring","state":"Quebec","country":"Canada"},{"city":"Saint-Fabien","state":"Quebec","country":"Canada"},{"city":"Saint-Felicien","state":"Quebec","country":"Canada"},{"city":"Saint-Felix-de-Valois","state":"Quebec","country":"Canada"},{"city":"Saint-Gabriel","state":"Quebec","country":"Canada"},{"city":"Saint-Gedeon","state":"Quebec","country":"Canada"},{"city":"Saint-Georges","state":"Quebec","country":"Canada"},{"city":"Saint-Germain-de-Grantham","state":"Quebec","country":"Canada"},{"city":"Saint-Gregoire","state":"Quebec","country":"Canada"},{"city":"Saint-Henri-de-Levis","state":"Quebec","country":"Canada"},{"city":"Saint-Honore","state":"Quebec","country":"Canada"},{"city":"Saint-Hyacinthe","state":"Quebec","country":"Canada"},{"city":"Saint-Jacques","state":"Quebec","country":"Canada"},{"city":"Saint-Jean-Port-Joli","state":"Quebec","country":"Canada"},{"city":"Saint-Jean-de-Dieu","state":"Quebec","country":"Canada"},{"city":"Saint-Jean-sur-Richelieu","state":"Quebec","country":"Canada"},{"city":"Saint-Jerome","state":"Quebec","country":"Canada"},{"city":"Saint-Josephe-de-Beauce","state":"Quebec","country":"Canada"},{"city":"Saint-Josephe-de-Lanoraie","state":"Quebec","country":"Canada"},{"city":"Saint-Josephe-de-la-Riviere-Bl","state":"Quebec","country":"Canada"},{"city":"Saint-Jovite","state":"Quebec","country":"Canada"},{"city":"Saint-Laurent","state":"Quebec","country":"Canada"},{"city":"Saint-Liboire","state":"Quebec","country":"Canada"},{"city":"Saint-Marc-des-Carrieres","state":"Quebec","country":"Canada"},{"city":"Saint-Martin","state":"Quebec","country":"Canada"},{"city":"Saint-Michel-des-Saints","state":"Quebec","country":"Canada"},{"city":"Saint-Pacome","state":"Quebec","country":"Canada"},{"city":"Saint-Pascal","state":"Quebec","country":"Canada"},{"city":"Saint-Pie","state":"Quebec","country":"Canada"},{"city":"Saint-Prosper","state":"Quebec","country":"Canada"},{"city":"Saint-Raphael","state":"Quebec","country":"Canada"},{"city":"Saint-Raymond","state":"Quebec","country":"Canada"},{"city":"Saint-Remi","state":"Quebec","country":"Canada"},{"city":"Saint-Roch-de-l'Achigan","state":"Quebec","country":"Canada"},{"city":"Saint-Sauveur-des-Monts","state":"Quebec","country":"Canada"},{"city":"Saint-Tite","state":"Quebec","country":"Canada"},{"city":"Sainte-Adele","state":"Quebec","country":"Canada"},{"city":"Sainte-Agathe-des-Monts","state":"Quebec","country":"Canada"},{"city":"Sainte-Anne-des-Monts","state":"Quebec","country":"Canada"},{"city":"Sainte-Anne-des-Plaines","state":"Quebec","country":"Canada"},{"city":"Sainte-Catherine","state":"Quebec","country":"Canada"},{"city":"Sainte-Claire","state":"Quebec","country":"Canada"},{"city":"Sainte-Julienne","state":"Quebec","country":"Canada"},{"city":"Sainte-Justine","state":"Quebec","country":"Canada"},{"city":"Sainte-Madeleine","state":"Quebec","country":"Canada"},{"city":"Sainte-Marie","state":"Quebec","country":"Canada"},{"city":"Sainte-Martine","state":"Quebec","country":"Canada"},{"city":"Sainte-Sophie","state":"Quebec","country":"Canada"},{"city":"Sainte-Thecle","state":"Quebec","country":"Canada"},{"city":"Sainte-Therese","state":"Quebec","country":"Canada"},{"city":"Salaberry-de-Valleyfield","state":"Quebec","country":"Canada"},{"city":"Sayabec","state":"Quebec","country":"Canada"},{"city":"Senneterre","state":"Quebec","country":"Canada"},{"city":"Sept-Iles","state":"Quebec","country":"Canada"},{"city":"Shawinigan","state":"Quebec","country":"Canada"},{"city":"Shawville","state":"Quebec","country":"Canada"},{"city":"Sherbrooke","state":"Quebec","country":"Canada"},{"city":"Sorel","state":"Quebec","country":"Canada"},{"city":"St Faustin","state":"Quebec","country":"Canada"},{"city":"St. Hubert","state":"Quebec","country":"Canada"},{"city":"St. Jean Chrysostome","state":"Quebec","country":"Canada"},{"city":"Temiscaming","state":"Quebec","country":"Canada"},{"city":"Terrebonne","state":"Quebec","country":"Canada"},{"city":"Thetford Mines","state":"Quebec","country":"Canada"},{"city":"Thurso","state":"Quebec","country":"Canada"},{"city":"Trois-Pistoles","state":"Quebec","country":"Canada"},{"city":"Trois-Rivieres","state":"Quebec","country":"Canada"},{"city":"Val-David","state":"Quebec","country":"Canada"},{"city":"Val-d'Or","state":"Quebec","country":"Canada"},{"city":"Valcourt","state":"Quebec","country":"Canada"},{"city":"Vallee-Jonction","state":"Quebec","country":"Canada"},{"city":"Vaudreuil","state":"Quebec","country":"Canada"},{"city":"Vercheres","state":"Quebec","country":"Canada"},{"city":"Victoriaville","state":"Quebec","country":"Canada"},{"city":"Ville-Marie","state":"Quebec","country":"Canada"},{"city":"Warwick","state":"Quebec","country":"Canada"},{"city":"Waterloo","state":"Quebec","country":"Canada"},{"city":"Weedon Centre","state":"Quebec","country":"Canada"},{"city":"Westmount","state":"Quebec","country":"Canada"},{"city":"Wickham","state":"Quebec","country":"Canada"},{"city":"Windsor","state":"Quebec","country":"Canada"},{"city":"Yamachiche","state":"Quebec","country":"Canada"},{"city":"Assiniboia","state":"Saskatchewan","country":"Canada"},{"city":"Biggar","state":"Saskatchewan","country":"Canada"},{"city":"Canora","state":"Saskatchewan","country":"Canada"},{"city":"Carlyle","state":"Saskatchewan","country":"Canada"},{"city":"Carnduff","state":"Saskatchewan","country":"Canada"},{"city":"Caronport","state":"Saskatchewan","country":"Canada"},{"city":"Carrot","state":"Saskatchewan","country":"Canada"},{"city":"Dalmeny","state":"Saskatchewan","country":"Canada"},{"city":"Davidson","state":"Saskatchewan","country":"Canada"},{"city":"Esterhazy","state":"Saskatchewan","country":"Canada"},{"city":"Estevan","state":"Saskatchewan","country":"Canada"},{"city":"Eston","state":"Saskatchewan","country":"Canada"},{"city":"Foam Lake","state":"Saskatchewan","country":"Canada"},{"city":"Fort Qu'Appelle","state":"Saskatchewan","country":"Canada"},{"city":"Gravelbourg","state":"Saskatchewan","country":"Canada"},{"city":"Grenfell","state":"Saskatchewan","country":"Canada"},{"city":"Gull Lake","state":"Saskatchewan","country":"Canada"},{"city":"Hudson Bay","state":"Saskatchewan","country":"Canada"},{"city":"Humboldt","state":"Saskatchewan","country":"Canada"},{"city":"Indian Head","state":"Saskatchewan","country":"Canada"},{"city":"Kamsack","state":"Saskatchewan","country":"Canada"},{"city":"Kelvington","state":"Saskatchewan","country":"Canada"},{"city":"Kerrobert","state":"Saskatchewan","country":"Canada"},{"city":"Kindersley","state":"Saskatchewan","country":"Canada"},{"city":"Kipling","state":"Saskatchewan","country":"Canada"},{"city":"La Ronge","state":"Saskatchewan","country":"Canada"},{"city":"Langenburg","state":"Saskatchewan","country":"Canada"},{"city":"Langham","state":"Saskatchewan","country":"Canada"},{"city":"Lanigan","state":"Saskatchewan","country":"Canada"},{"city":"Lloydminster","state":"Saskatchewan","country":"Canada"},{"city":"Lumsden","state":"Saskatchewan","country":"Canada"},{"city":"Macklin","state":"Saskatchewan","country":"Canada"},{"city":"Maple Creek","state":"Saskatchewan","country":"Canada"},{"city":"Martensville","state":"Saskatchewan","country":"Canada"},{"city":"Meadow Lake","state":"Saskatchewan","country":"Canada"},{"city":"Melfort","state":"Saskatchewan","country":"Canada"},{"city":"Melville","state":"Saskatchewan","country":"Canada"},{"city":"Moose Jaw","state":"Saskatchewan","country":"Canada"},{"city":"Moosomin","state":"Saskatchewan","country":"Canada"},{"city":"Nipawin","state":"Saskatchewan","country":"Canada"},{"city":"North Battleford","state":"Saskatchewan","country":"Canada"},{"city":"Outlook","state":"Saskatchewan","country":"Canada"},{"city":"Oxbow","state":"Saskatchewan","country":"Canada"},{"city":"Pilot Butte","state":"Saskatchewan","country":"Canada"},{"city":"Preeceville","state":"Saskatchewan","country":"Canada"},{"city":"Prince Albert","state":"Saskatchewan","country":"Canada"},{"city":"Regina","state":"Saskatchewan","country":"Canada"},{"city":"Rosetown","state":"Saskatchewan","country":"Canada"},{"city":"Rosthem","state":"Saskatchewan","country":"Canada"},{"city":"Saskatoon","state":"Saskatchewan","country":"Canada"},{"city":"Shaunavon","state":"Saskatchewan","country":"Canada"},{"city":"Shellbrook","state":"Saskatchewan","country":"Canada"},{"city":"Swift Current","state":"Saskatchewan","country":"Canada"},{"city":"Tisdale","state":"Saskatchewan","country":"Canada"},{"city":"Unity","state":"Saskatchewan","country":"Canada"},{"city":"Wadena","state":"Saskatchewan","country":"Canada"},{"city":"Warman","state":"Saskatchewan","country":"Canada"},{"city":"Watrous","state":"Saskatchewan","country":"Canada"},{"city":"Weyburn","state":"Saskatchewan","country":"Canada"},{"city":"White City","state":"Saskatchewan","country":"Canada"},{"city":"Wilkie","state":"Saskatchewan","country":"Canada"},{"city":"Wynyard","state":"Saskatchewan","country":"Canada"},{"city":"Yorkton","state":"Saskatchewan","country":"Canada"},{"city":"Haines Junction","state":"Yukon","country":"Canada"},{"city":"Mayo","state":"Yukon","country":"Canada"},{"city":"Whitehorse","state":"Yukon","country":"Canada"}]