[{"city":"Aisen","state":"Aisen","country":"Chile"},{"city":"Chile Chico","state":"Aisen","country":"Chile"},{"city":"Cisnes","state":"Aisen","country":"Chile"},{"city":"Cochrane","state":"Aisen","country":"Chile"},{"city":"Coihaique","state":"Aisen","country":"Chile"},{"city":"Guaitecas","state":"Aisen","country":"Chile"},{"city":"Lago Verde","state":"Aisen","country":"Chile"},{"city":"O'Higgins","state":"Aisen","country":"Chile"},{"city":"Rio Ibanez","state":"Aisen","country":"Chile"},{"city":"Tortel","state":"Aisen","country":"Chile"},{"city":"Antofagasta","state":"Antofagasta","country":"Chile"},{"city":"Calama","state":"Antofagasta","country":"Chile"},{"city":"Maria Elena","state":"Antofagasta","country":"Chile"},{"city":"Mejilones","state":"Antofagasta","country":"Chile"},{"city":"Ollague","state":"Antofagasta","country":"Chile"},{"city":"San Pedro de Atacama","state":"Antofagasta","country":"Chile"},{"city":"Sierra Gorda","state":"Antofagasta","country":"Chile"},{"city":"Taltal","state":"Antofagasta","country":"Chile"},{"city":"Tocopilla","state":"Antofagasta","country":"Chile"},{"city":"Angol","state":"Araucania","country":"Chile"},{"city":"Carahue","state":"Araucania","country":"Chile"},{"city":"Collipulli","state":"Araucania","country":"Chile"},{"city":"Cunco","state":"Araucania","country":"Chile"},{"city":"Curacautin","state":"Araucania","country":"Chile"},{"city":"Curarrehue","state":"Araucania","country":"Chile"},{"city":"Ercilla","state":"Araucania","country":"Chile"},{"city":"Freire","state":"Araucania","country":"Chile"},{"city":"Galvarino","state":"Araucania","country":"Chile"},{"city":"Gorbea","state":"Araucania","country":"Chile"},{"city":"Lautaro","state":"Araucania","country":"Chile"},{"city":"Loncoche","state":"Araucania","country":"Chile"},{"city":"Lonquimay","state":"Araucania","country":"Chile"},{"city":"Los Sauces","state":"Araucania","country":"Chile"},{"city":"Lumaco","state":"Araucania","country":"Chile"},{"city":"Melipeuco","state":"Araucania","country":"Chile"},{"city":"Nueva Imperial","state":"Araucania","country":"Chile"},{"city":"Padre las Casas","state":"Araucania","country":"Chile"},{"city":"Perquenco","state":"Araucania","country":"Chile"},{"city":"Pitrufquen","state":"Araucania","country":"Chile"},{"city":"Pucon","state":"Araucania","country":"Chile"},{"city":"Puren","state":"Araucania","country":"Chile"},{"city":"Renaico","state":"Araucania","country":"Chile"},{"city":"Saavedra","state":"Araucania","country":"Chile"},{"city":"Temuco","state":"Araucania","country":"Chile"},{"city":"Teodoro Schmidt","state":"Araucania","country":"Chile"},{"city":"Tolten","state":"Araucania","country":"Chile"},{"city":"Traiguen","state":"Araucania","country":"Chile"},{"city":"Victoria","state":"Araucania","country":"Chile"},{"city":"Vilcun","state":"Araucania","country":"Chile"},{"city":"Villarica","state":"Araucania","country":"Chile"},{"city":"Alto del Carmen","state":"Atacama","country":"Chile"},{"city":"Caldera","state":"Atacama","country":"Chile"},{"city":"Chanaral","state":"Atacama","country":"Chile"},{"city":"Copiapo","state":"Atacama","country":"Chile"},{"city":"Diego de Almagro","state":"Atacama","country":"Chile"},{"city":"Freirina","state":"Atacama","country":"Chile"},{"city":"Huasco","state":"Atacama","country":"Chile"},{"city":"Tierra Amarilla","state":"Atacama","country":"Chile"},{"city":"Vallenar","state":"Atacama","country":"Chile"},{"city":"Andacollo","state":"Coquimbo","country":"Chile"},{"city":"Canela","state":"Coquimbo","country":"Chile"},{"city":"Combarbala","state":"Coquimbo","country":"Chile"},{"city":"Coquimbo","state":"Coquimbo","country":"Chile"},{"city":"Illapel","state":"Coquimbo","country":"Chile"},{"city":"La Higuera","state":"Coquimbo","country":"Chile"},{"city":"La Serena","state":"Coquimbo","country":"Chile"},{"city":"Los Vilos","state":"Coquimbo","country":"Chile"},{"city":"Monte Patria","state":"Coquimbo","country":"Chile"},{"city":"Ovalle","state":"Coquimbo","country":"Chile"},{"city":"Paiguano","state":"Coquimbo","country":"Chile"},{"city":"Punitaci","state":"Coquimbo","country":"Chile"},{"city":"Rio Hurtado","state":"Coquimbo","country":"Chile"},{"city":"Salamanca","state":"Coquimbo","country":"Chile"},{"city":"Vicuna","state":"Coquimbo","country":"Chile"},{"city":"Cabo de Horno","state":"Magellanes","country":"Chile"},{"city":"Laguna Blanca","state":"Magellanes","country":"Chile"},{"city":"Natales","state":"Magellanes","country":"Chile"},{"city":"Porvenir","state":"Magellanes","country":"Chile"},{"city":"Primavera","state":"Magellanes","country":"Chile"},{"city":"Punta Arenas","state":"Magellanes","country":"Chile"},{"city":"Rio Verde","state":"Magellanes","country":"Chile"},{"city":"San Gregorio","state":"Magellanes","country":"Chile"},{"city":"Timaukel","state":"Magellanes","country":"Chile"},{"city":"Torres del Paine","state":"Magellanes","country":"Chile"},{"city":"Cauquenes","state":"Maule","country":"Chile"},{"city":"Chanco","state":"Maule","country":"Chile"},{"city":"Colbun","state":"Maule","country":"Chile"},{"city":"Constitucion","state":"Maule","country":"Chile"},{"city":"Curepto","state":"Maule","country":"Chile"},{"city":"Curico","state":"Maule","country":"Chile"},{"city":"Empedrado","state":"Maule","country":"Chile"},{"city":"Hualane","state":"Maule","country":"Chile"},{"city":"Licanten","state":"Maule","country":"Chile"},{"city":"Linares","state":"Maule","country":"Chile"},{"city":"Longavi","state":"Maule","country":"Chile"},{"city":"Maule","state":"Maule","country":"Chile"},{"city":"Molina","state":"Maule","country":"Chile"},{"city":"Parral","state":"Maule","country":"Chile"},{"city":"Pelarco","state":"Maule","country":"Chile"},{"city":"Pelluhue","state":"Maule","country":"Chile"},{"city":"Pencahue","state":"Maule","country":"Chile"},{"city":"Rauco","state":"Maule","country":"Chile"},{"city":"Retiro","state":"Maule","country":"Chile"},{"city":"Rio Claro","state":"Maule","country":"Chile"},{"city":"Romeral","state":"Maule","country":"Chile"},{"city":"Sagrada Familia","state":"Maule","country":"Chile"},{"city":"San Clemente","state":"Maule","country":"Chile"},{"city":"San Javier","state":"Maule","country":"Chile"},{"city":"San Rafael","state":"Maule","country":"Chile"},{"city":"Talca","state":"Maule","country":"Chile"},{"city":"Teno","state":"Maule","country":"Chile"},{"city":"Vichuquen","state":"Maule","country":"Chile"},{"city":"Villa Alegre","state":"Maule","country":"Chile"},{"city":"Yerbas Buenas","state":"Maule","country":"Chile"},{"city":"Alhue","state":"Metropolitana","country":"Chile"},{"city":"Buin","state":"Metropolitana","country":"Chile"},{"city":"Calera de Tango","state":"Metropolitana","country":"Chile"},{"city":"Colina","state":"Metropolitana","country":"Chile"},{"city":"Curacavi","state":"Metropolitana","country":"Chile"},{"city":"El Monte","state":"Metropolitana","country":"Chile"},{"city":"Isla de Maipo","state":"Metropolitana","country":"Chile"},{"city":"Lampa","state":"Metropolitana","country":"Chile"},{"city":"Maria Pinto","state":"Metropolitana","country":"Chile"},{"city":"Melipilla","state":"Metropolitana","country":"Chile"},{"city":"Padre Hurtado","state":"Metropolitana","country":"Chile"},{"city":"Paine","state":"Metropolitana","country":"Chile"},{"city":"Penaflor","state":"Metropolitana","country":"Chile"},{"city":"Pirque","state":"Metropolitana","country":"Chile"},{"city":"Puente Alto","state":"Metropolitana","country":"Chile"},{"city":"Quilicura","state":"Metropolitana","country":"Chile"},{"city":"San Bernardo","state":"Metropolitana","country":"Chile"},{"city":"San Jose de Maipo","state":"Metropolitana","country":"Chile"},{"city":"San Pedro","state":"Metropolitana","country":"Chile"},{"city":"Santiago","state":"Metropolitana","country":"Chile"},{"city":"Talagante","state":"Metropolitana","country":"Chile"},{"city":"Tiltil","state":"Metropolitana","country":"Chile"},{"city":"Alhue","state":"Metropolitana de Santiago","country":"Chile"},{"city":"Buin","state":"Metropolitana de Santiago","country":"Chile"},{"city":"Calera de Tango","state":"Metropolitana de Santiago","country":"Chile"},{"city":"Colina","state":"Metropolitana de Santiago","country":"Chile"},{"city":"Curacavi","state":"Metropolitana de Santiago","country":"Chile"},{"city":"El Monte","state":"Metropolitana de Santiago","country":"Chile"},{"city":"Isla de Maipo","state":"Metropolitana de Santiago","country":"Chile"},{"city":"Lampa","state":"Metropolitana de Santiago","country":"Chile"},{"city":"Maria Pinto","state":"Metropolitana de Santiago","country":"Chile"},{"city":"Melipilla","state":"Metropolitana de Santiago","country":"Chile"},{"city":"Padre Hurtado","state":"Metropolitana de Santiago","country":"Chile"},{"city":"Paine","state":"Metropolitana de Santiago","country":"Chile"},{"city":"Penaflor","state":"Metropolitana de Santiago","country":"Chile"},{"city":"Pirque","state":"Metropolitana de Santiago","country":"Chile"},{"city":"Puente Alto","state":"Metropolitana de Santiago","country":"Chile"},{"city":"Quilicura","state":"Metropolitana de Santiago","country":"Chile"},{"city":"San Bernardo","state":"Metropolitana de Santiago","country":"Chile"},{"city":"San Jose de Maipo","state":"Metropolitana de Santiago","country":"Chile"},{"city":"San Pedro","state":"Metropolitana de Santiago","country":"Chile"},{"city":"Santiago","state":"Metropolitana de Santiago","country":"Chile"},{"city":"Talagante","state":"Metropolitana de Santiago","country":"Chile"},{"city":"Tiltil","state":"Metropolitana de Santiago","country":"Chile"},{"city":"Arica","state":"Tarapaca","country":"Chile"},{"city":"Camarones","state":"Tarapaca","country":"Chile"},{"city":"Camina","state":"Tarapaca","country":"Chile"},{"city":"Colchane","state":"Tarapaca","country":"Chile"},{"city":"General Lagos","state":"Tarapaca","country":"Chile"},{"city":"Huara","state":"Tarapaca","country":"Chile"},{"city":"Iquique","state":"Tarapaca","country":"Chile"},{"city":"Pica","state":"Tarapaca","country":"Chile"},{"city":"Pozo Almonte","state":"Tarapaca","country":"Chile"},{"city":"Putre","state":"Tarapaca","country":"Chile"},{"city":"Algarrobo","state":"Valparaiso","country":"Chile"},{"city":"Cabildo","state":"Valparaiso","country":"Chile"},{"city":"Calera","state":"Valparaiso","country":"Chile"},{"city":"Calle Larga","state":"Valparaiso","country":"Chile"},{"city":"Cartagena","state":"Valparaiso","country":"Chile"},{"city":"Casablanca","state":"Valparaiso","country":"Chile"},{"city":"Catemu","state":"Valparaiso","country":"Chile"},{"city":"Concon","state":"Valparaiso","country":"Chile"},{"city":"El Quisco","state":"Valparaiso","country":"Chile"},{"city":"El Tabo","state":"Valparaiso","country":"Chile"},{"city":"Hijuelas","state":"Valparaiso","country":"Chile"},{"city":"La Cruz","state":"Valparaiso","country":"Chile"},{"city":"La Ligua","state":"Valparaiso","country":"Chile"},{"city":"Limache","state":"Valparaiso","country":"Chile"},{"city":"Llaillay","state":"Valparaiso","country":"Chile"},{"city":"Los Andes","state":"Valparaiso","country":"Chile"},{"city":"Nogales","state":"Valparaiso","country":"Chile"},{"city":"Olmue","state":"Valparaiso","country":"Chile"},{"city":"Panquehue","state":"Valparaiso","country":"Chile"},{"city":"Papudo","state":"Valparaiso","country":"Chile"},{"city":"Petorca","state":"Valparaiso","country":"Chile"},{"city":"Puchuncavi","state":"Valparaiso","country":"Chile"},{"city":"Putaendeo","state":"Valparaiso","country":"Chile"},{"city":"Quillota","state":"Valparaiso","country":"Chile"},{"city":"Quilpue","state":"Valparaiso","country":"Chile"},{"city":"Quintero","state":"Valparaiso","country":"Chile"},{"city":"Rinconada","state":"Valparaiso","country":"Chile"},{"city":"San Antonio","state":"Valparaiso","country":"Chile"},{"city":"San Esteban","state":"Valparaiso","country":"Chile"},{"city":"San Felipe","state":"Valparaiso","country":"Chile"},{"city":"Santa Maria","state":"Valparaiso","country":"Chile"},{"city":"Santo Domingo","state":"Valparaiso","country":"Chile"},{"city":"Valparaiso","state":"Valparaiso","country":"Chile"},{"city":"Villa Alemana","state":"Valparaiso","country":"Chile"},{"city":"Vina del Mar","state":"Valparaiso","country":"Chile"},{"city":"Zapallar","state":"Valparaiso","country":"Chile"}]