[{"city":"Leticia","state":"Amazonas","country":"Colombia"},{"city":"Puerto Narino","state":"Amazonas","country":"Colombia"},{"city":"Abejorral","state":"Antioquia","country":"Colombia"},{"city":"Abriaqui","state":"Antioquia","country":"Colombia"},{"city":"Alejandria","state":"Antioquia","country":"Colombia"},{"city":"Amaga","state":"Antioquia","country":"Colombia"},{"city":"Amalfi","state":"Antioquia","country":"Colombia"},{"city":"Andes","state":"Antioquia","country":"Colombia"},{"city":"Angelopolis","state":"Antioquia","country":"Colombia"},{"city":"Angostura","state":"Antioquia","country":"Colombia"},{"city":"Anori","state":"Antioquia","country":"Colombia"},{"city":"Antioquia","state":"Antioquia","country":"Colombia"},{"city":"Anza","state":"Antioquia","country":"Colombia"},{"city":"Apartado","state":"Antioquia","country":"Colombia"},{"city":"Arboletes","state":"Antioquia","country":"Colombia"},{"city":"Argelia","state":"Antioquia","country":"Colombia"},{"city":"Armenia","state":"Antioquia","country":"Colombia"},{"city":"Barbosa","state":"Antioquia","country":"Colombia"},{"city":"Bello","state":"Antioquia","country":"Colombia"},{"city":"Belmira","state":"Antioquia","country":"Colombia"},{"city":"Betania","state":"Antioquia","country":"Colombia"},{"city":"Betulia","state":"Antioquia","country":"Colombia"},{"city":"Bolivar","state":"Antioquia","country":"Colombia"},{"city":"Briceno","state":"Antioquia","country":"Colombia"},{"city":"Buritica","state":"Antioquia","country":"Colombia"},{"city":"Caceres","state":"Antioquia","country":"Colombia"},{"city":"Caicedo","state":"Antioquia","country":"Colombia"},{"city":"Caldas","state":"Antioquia","country":"Colombia"},{"city":"Campamento","state":"Antioquia","country":"Colombia"},{"city":"Canasgordas","state":"Antioquia","country":"Colombia"},{"city":"Caracoli","state":"Antioquia","country":"Colombia"},{"city":"Caramanta","state":"Antioquia","country":"Colombia"},{"city":"Carepa","state":"Antioquia","country":"Colombia"},{"city":"Carmen de Viboral","state":"Antioquia","country":"Colombia"},{"city":"Carolina","state":"Antioquia","country":"Colombia"},{"city":"Caucasia","state":"Antioquia","country":"Colombia"},{"city":"Chigorodo","state":"Antioquia","country":"Colombia"},{"city":"Cisneros","state":"Antioquia","country":"Colombia"},{"city":"Cocorna","state":"Antioquia","country":"Colombia"},{"city":"Concepcion","state":"Antioquia","country":"Colombia"},{"city":"Concordia","state":"Antioquia","country":"Colombia"},{"city":"Copacabana","state":"Antioquia","country":"Colombia"},{"city":"Dabeiba","state":"Antioquia","country":"Colombia"},{"city":"Don Matias","state":"Antioquia","country":"Colombia"},{"city":"Ebejico","state":"Antioquia","country":"Colombia"},{"city":"El Bagre","state":"Antioquia","country":"Colombia"},{"city":"Entrerrios","state":"Antioquia","country":"Colombia"},{"city":"Envigado","state":"Antioquia","country":"Colombia"},{"city":"Fredonia","state":"Antioquia","country":"Colombia"},{"city":"Frontino","state":"Antioquia","country":"Colombia"},{"city":"Giraldo","state":"Antioquia","country":"Colombia"},{"city":"Girardota","state":"Antioquia","country":"Colombia"},{"city":"Gomez Plata","state":"Antioquia","country":"Colombia"},{"city":"Granada","state":"Antioquia","country":"Colombia"},{"city":"Guadalupe","state":"Antioquia","country":"Colombia"},{"city":"Guarne","state":"Antioquia","country":"Colombia"},{"city":"Guatape","state":"Antioquia","country":"Colombia"},{"city":"Heliconia","state":"Antioquia","country":"Colombia"},{"city":"Hispania","state":"Antioquia","country":"Colombia"},{"city":"Itagui","state":"Antioquia","country":"Colombia"},{"city":"Ituango","state":"Antioquia","country":"Colombia"},{"city":"Jardin","state":"Antioquia","country":"Colombia"},{"city":"Jerico","state":"Antioquia","country":"Colombia"},{"city":"La Ceja","state":"Antioquia","country":"Colombia"},{"city":"La Estrella","state":"Antioquia","country":"Colombia"},{"city":"La Pintada","state":"Antioquia","country":"Colombia"},{"city":"La Union","state":"Antioquia","country":"Colombia"},{"city":"Liborina","state":"Antioquia","country":"Colombia"},{"city":"Maceo","state":"Antioquia","country":"Colombia"},{"city":"Marinilla","state":"Antioquia","country":"Colombia"},{"city":"Medellin","state":"Antioquia","country":"Colombia"},{"city":"Montebello","state":"Antioquia","country":"Colombia"},{"city":"Murindo","state":"Antioquia","country":"Colombia"},{"city":"Mutata","state":"Antioquia","country":"Colombia"},{"city":"Narino","state":"Antioquia","country":"Colombia"},{"city":"Nechi","state":"Antioquia","country":"Colombia"},{"city":"Necocli","state":"Antioquia","country":"Colombia"},{"city":"Olaya","state":"Antioquia","country":"Colombia"},{"city":"Penol","state":"Antioquia","country":"Colombia"},{"city":"Peque","state":"Antioquia","country":"Colombia"},{"city":"Pueblorrico","state":"Antioquia","country":"Colombia"},{"city":"Puerto Berrio","state":"Antioquia","country":"Colombia"},{"city":"Puerto Nare","state":"Antioquia","country":"Colombia"},{"city":"Puerto Triunfo","state":"Antioquia","country":"Colombia"},{"city":"Remedios","state":"Antioquia","country":"Colombia"},{"city":"Retiro","state":"Antioquia","country":"Colombia"},{"city":"Rionegro","state":"Antioquia","country":"Colombia"},{"city":"Sabanalarga","state":"Antioquia","country":"Colombia"},{"city":"Sabaneta","state":"Antioquia","country":"Colombia"},{"city":"Salgar","state":"Antioquia","country":"Colombia"},{"city":"San Andres","state":"Antioquia","country":"Colombia"},{"city":"San Carlos","state":"Antioquia","country":"Colombia"},{"city":"San Francisco","state":"Antioquia","country":"Colombia"},{"city":"San Jeronimo","state":"Antioquia","country":"Colombia"},{"city":"San Jose de la Montana","state":"Antioquia","country":"Colombia"},{"city":"San Juan de Uraba","state":"Antioquia","country":"Colombia"},{"city":"San Luis","state":"Antioquia","country":"Colombia"},{"city":"San Pedro","state":"Antioquia","country":"Colombia"},{"city":"San Pedro de Uraba","state":"Antioquia","country":"Colombia"},{"city":"San Rafael","state":"Antioquia","country":"Colombia"},{"city":"San Roque","state":"Antioquia","country":"Colombia"},{"city":"San Vicente","state":"Antioquia","country":"Colombia"},{"city":"Santa Barbara","state":"Antioquia","country":"Colombia"},{"city":"Santa Rosa de Osos","state":"Antioquia","country":"Colombia"},{"city":"Santo Domingo","state":"Antioquia","country":"Colombia"},{"city":"Santuario","state":"Antioquia","country":"Colombia"},{"city":"Segovia","state":"Antioquia","country":"Colombia"},{"city":"Sonson","state":"Antioquia","country":"Colombia"},{"city":"Sopetran","state":"Antioquia","country":"Colombia"},{"city":"Tamesis","state":"Antioquia","country":"Colombia"},{"city":"Taraza","state":"Antioquia","country":"Colombia"},{"city":"Tarso","state":"Antioquia","country":"Colombia"},{"city":"Titiribi","state":"Antioquia","country":"Colombia"},{"city":"Toledo","state":"Antioquia","country":"Colombia"},{"city":"Turbo","state":"Antioquia","country":"Colombia"},{"city":"Uramita","state":"Antioquia","country":"Colombia"},{"city":"Urrao","state":"Antioquia","country":"Colombia"},{"city":"Valdivia","state":"Antioquia","country":"Colombia"},{"city":"Valparaiso","state":"Antioquia","country":"Colombia"},{"city":"Vegachi","state":"Antioquia","country":"Colombia"},{"city":"Venecia","state":"Antioquia","country":"Colombia"},{"city":"Vigia del Fuerte","state":"Antioquia","country":"Colombia"},{"city":"Yali","state":"Antioquia","country":"Colombia"},{"city":"Yarumal","state":"Antioquia","country":"Colombia"},{"city":"Yolombo","state":"Antioquia","country":"Colombia"},{"city":"Yondo","state":"Antioquia","country":"Colombia"},{"city":"Zaragoza","state":"Antioquia","country":"Colombia"},{"city":"Arauca","state":"Arauca","country":"Colombia"},{"city":"Arauquita","state":"Arauca","country":"Colombia"},{"city":"Cravo Norte","state":"Arauca","country":"Colombia"},{"city":"Fortul","state":"Arauca","country":"Colombia"},{"city":"Puerto Rondon","state":"Arauca","country":"Colombia"},{"city":"Saravena","state":"Arauca","country":"Colombia"},{"city":"Tame","state":"Arauca","country":"Colombia"},{"city":"Baranoa","state":"Atlantico","country":"Colombia"},{"city":"Barranquilla","state":"Atlantico","country":"Colombia"},{"city":"Campo de la Cruz","state":"Atlantico","country":"Colombia"},{"city":"Candelaria","state":"Atlantico","country":"Colombia"},{"city":"Galapa","state":"Atlantico","country":"Colombia"},{"city":"Juan de Acosta","state":"Atlantico","country":"Colombia"},{"city":"Luruaco","state":"Atlantico","country":"Colombia"},{"city":"Malambo","state":"Atlantico","country":"Colombia"},{"city":"Manati","state":"Atlantico","country":"Colombia"},{"city":"Palmar de Varela","state":"Atlantico","country":"Colombia"},{"city":"Piojo","state":"Atlantico","country":"Colombia"},{"city":"Polo Nuevo","state":"Atlantico","country":"Colombia"},{"city":"Ponedera","state":"Atlantico","country":"Colombia"},{"city":"Puerto Colombia","state":"Atlantico","country":"Colombia"},{"city":"Repelon","state":"Atlantico","country":"Colombia"},{"city":"Sabanagrande","state":"Atlantico","country":"Colombia"},{"city":"Sabanalarga","state":"Atlantico","country":"Colombia"},{"city":"Santa Lucia","state":"Atlantico","country":"Colombia"},{"city":"Santo Tomas","state":"Atlantico","country":"Colombia"},{"city":"Soledad","state":"Atlantico","country":"Colombia"},{"city":"Suan","state":"Atlantico","country":"Colombia"},{"city":"Tubara","state":"Atlantico","country":"Colombia"},{"city":"Usiacuri","state":"Atlantico","country":"Colombia"},{"city":"Bogota","state":"Bogota","country":"Colombia"},{"city":"Achi","state":"Bolivar","country":"Colombia"},{"city":"Altos del Rosario","state":"Bolivar","country":"Colombia"},{"city":"Arenal","state":"Bolivar","country":"Colombia"},{"city":"Arjona","state":"Bolivar","country":"Colombia"},{"city":"Arroyohondo","state":"Bolivar","country":"Colombia"},{"city":"Barranco de Loba","state":"Bolivar","country":"Colombia"},{"city":"Calamar","state":"Bolivar","country":"Colombia"},{"city":"Cantagallo","state":"Bolivar","country":"Colombia"},{"city":"Cartagena","state":"Bolivar","country":"Colombia"},{"city":"Cicuco","state":"Bolivar","country":"Colombia"},{"city":"Clemencia","state":"Bolivar","country":"Colombia"},{"city":"Cordoba","state":"Bolivar","country":"Colombia"},{"city":"El Carmen de Bolivar","state":"Bolivar","country":"Colombia"},{"city":"El Guamo","state":"Bolivar","country":"Colombia"},{"city":"El Penon","state":"Bolivar","country":"Colombia"},{"city":"Hatillo de Loba","state":"Bolivar","country":"Colombia"},{"city":"Magangue","state":"Bolivar","country":"Colombia"},{"city":"Mahates","state":"Bolivar","country":"Colombia"},{"city":"Margarita","state":"Bolivar","country":"Colombia"},{"city":"Maria la Baja","state":"Bolivar","country":"Colombia"},{"city":"Mompos","state":"Bolivar","country":"Colombia"},{"city":"Montecristo","state":"Bolivar","country":"Colombia"},{"city":"Morales","state":"Bolivar","country":"Colombia"},{"city":"Pinillos","state":"Bolivar","country":"Colombia"},{"city":"Regidor","state":"Bolivar","country":"Colombia"},{"city":"Rio Viejo","state":"Bolivar","country":"Colombia"},{"city":"San Cristobal","state":"Bolivar","country":"Colombia"},{"city":"San Estanislao","state":"Bolivar","country":"Colombia"},{"city":"San Fernando","state":"Bolivar","country":"Colombia"},{"city":"San Jacinto","state":"Bolivar","country":"Colombia"},{"city":"San Jacinto del Cauca","state":"Bolivar","country":"Colombia"},{"city":"San Juan Nepomuceno","state":"Bolivar","country":"Colombia"},{"city":"San Martin de Loba","state":"Bolivar","country":"Colombia"},{"city":"San Pablo","state":"Bolivar","country":"Colombia"},{"city":"Santa Catalina","state":"Bolivar","country":"Colombia"},{"city":"Santa Rosa","state":"Bolivar","country":"Colombia"},{"city":"Santa Rosa del Sur","state":"Bolivar","country":"Colombia"},{"city":"Simiti","state":"Bolivar","country":"Colombia"},{"city":"Soplaviento","state":"Bolivar","country":"Colombia"},{"city":"Talaigua Nuevo","state":"Bolivar","country":"Colombia"},{"city":"Tiquisio","state":"Bolivar","country":"Colombia"},{"city":"Turbaco","state":"Bolivar","country":"Colombia"},{"city":"Turbana","state":"Bolivar","country":"Colombia"},{"city":"Villanueva","state":"Bolivar","country":"Colombia"},{"city":"Zambrano","state":"Bolivar","country":"Colombia"},{"city":"Almeida","state":"Boyaca","country":"Colombia"},{"city":"Aquitania","state":"Boyaca","country":"Colombia"},{"city":"Arcabuco","state":"Boyaca","country":"Colombia"},{"city":"Belen","state":"Boyaca","country":"Colombia"},{"city":"Berbeo","state":"Boyaca","country":"Colombia"},{"city":"Beteitiva","state":"Boyaca","country":"Colombia"},{"city":"Boavita","state":"Boyaca","country":"Colombia"},{"city":"Boyaca","state":"Boyaca","country":"Colombia"},{"city":"Briceno","state":"Boyaca","country":"Colombia"},{"city":"Buenavista","state":"Boyaca","country":"Colombia"},{"city":"Busbanza","state":"Boyaca","country":"Colombia"},{"city":"Caldas","state":"Boyaca","country":"Colombia"},{"city":"Campohermoso","state":"Boyaca","country":"Colombia"},{"city":"Cerinza","state":"Boyaca","country":"Colombia"},{"city":"Chinavita","state":"Boyaca","country":"Colombia"},{"city":"Chiquinquira","state":"Boyaca","country":"Colombia"},{"city":"Chiquiza","state":"Boyaca","country":"Colombia"},{"city":"Chiscas","state":"Boyaca","country":"Colombia"},{"city":"Chita","state":"Boyaca","country":"Colombia"},{"city":"Chitaraque","state":"Boyaca","country":"Colombia"},{"city":"Chivata","state":"Boyaca","country":"Colombia"},{"city":"Chivor","state":"Boyaca","country":"Colombia"},{"city":"Cienega","state":"Boyaca","country":"Colombia"},{"city":"Combita","state":"Boyaca","country":"Colombia"},{"city":"Coper","state":"Boyaca","country":"Colombia"},{"city":"Corrales","state":"Boyaca","country":"Colombia"},{"city":"Covarachia","state":"Boyaca","country":"Colombia"},{"city":"Cubara","state":"Boyaca","country":"Colombia"},{"city":"Cucaita","state":"Boyaca","country":"Colombia"},{"city":"Cuitiva","state":"Boyaca","country":"Colombia"},{"city":"Duitama","state":"Boyaca","country":"Colombia"},{"city":"El Cocuy","state":"Boyaca","country":"Colombia"},{"city":"El Espino","state":"Boyaca","country":"Colombia"},{"city":"Firavitoba","state":"Boyaca","country":"Colombia"},{"city":"Floresta","state":"Boyaca","country":"Colombia"},{"city":"Gachantiva","state":"Boyaca","country":"Colombia"},{"city":"Gameza","state":"Boyaca","country":"Colombia"},{"city":"Garagoa","state":"Boyaca","country":"Colombia"},{"city":"Guacamayas","state":"Boyaca","country":"Colombia"},{"city":"Guateque","state":"Boyaca","country":"Colombia"},{"city":"Guayata","state":"Boyaca","country":"Colombia"},{"city":"Guican","state":"Boyaca","country":"Colombia"},{"city":"Iza","state":"Boyaca","country":"Colombia"},{"city":"Jenesano","state":"Boyaca","country":"Colombia"},{"city":"Jerico","state":"Boyaca","country":"Colombia"},{"city":"La Capilla","state":"Boyaca","country":"Colombia"},{"city":"La Uvita","state":"Boyaca","country":"Colombia"},{"city":"La Victoria","state":"Boyaca","country":"Colombia"},{"city":"Labranzagrande","state":"Boyaca","country":"Colombia"},{"city":"Leiva","state":"Boyaca","country":"Colombia"},{"city":"Macanal","state":"Boyaca","country":"Colombia"},{"city":"Maripi","state":"Boyaca","country":"Colombia"},{"city":"Miraflores","state":"Boyaca","country":"Colombia"},{"city":"Mongua","state":"Boyaca","country":"Colombia"},{"city":"Mongui","state":"Boyaca","country":"Colombia"},{"city":"Moniquira","state":"Boyaca","country":"Colombia"},{"city":"Motavita","state":"Boyaca","country":"Colombia"},{"city":"Muzo","state":"Boyaca","country":"Colombia"},{"city":"Nobsa","state":"Boyaca","country":"Colombia"},{"city":"Nuevo Colon","state":"Boyaca","country":"Colombia"},{"city":"Oicata","state":"Boyaca","country":"Colombia"},{"city":"Otanche","state":"Boyaca","country":"Colombia"},{"city":"Pachavita","state":"Boyaca","country":"Colombia"},{"city":"Paez","state":"Boyaca","country":"Colombia"},{"city":"Paipa","state":"Boyaca","country":"Colombia"},{"city":"Pajarito","state":"Boyaca","country":"Colombia"},{"city":"Panqueba","state":"Boyaca","country":"Colombia"},{"city":"Pauna","state":"Boyaca","country":"Colombia"},{"city":"Paya","state":"Boyaca","country":"Colombia"},{"city":"Paz del Rio","state":"Boyaca","country":"Colombia"},{"city":"Pesca","state":"Boyaca","country":"Colombia"},{"city":"Pisba","state":"Boyaca","country":"Colombia"},{"city":"Puerto Boyaca","state":"Boyaca","country":"Colombia"},{"city":"Quipama","state":"Boyaca","country":"Colombia"},{"city":"Ramiriqui","state":"Boyaca","country":"Colombia"},{"city":"Raquira","state":"Boyaca","country":"Colombia"},{"city":"Rondon","state":"Boyaca","country":"Colombia"},{"city":"Saboya","state":"Boyaca","country":"Colombia"},{"city":"Sachica","state":"Boyaca","country":"Colombia"},{"city":"Samaca","state":"Boyaca","country":"Colombia"},{"city":"San Eduardo","state":"Boyaca","country":"Colombia"},{"city":"San Jose de Pare","state":"Boyaca","country":"Colombia"},{"city":"San Luis de Gaceno","state":"Boyaca","country":"Colombia"},{"city":"San Mateo","state":"Boyaca","country":"Colombia"},{"city":"San Miguel de Sema","state":"Boyaca","country":"Colombia"},{"city":"San Pablo de Borbur","state":"Boyaca","country":"Colombia"},{"city":"Santa Maria","state":"Boyaca","country":"Colombia"},{"city":"Santa Rosa de Viterbo","state":"Boyaca","country":"Colombia"},{"city":"Santa Sofia","state":"Boyaca","country":"Colombia"},{"city":"Santana","state":"Boyaca","country":"Colombia"},{"city":"Sativanorte","state":"Boyaca","country":"Colombia"},{"city":"Sativasur","state":"Boyaca","country":"Colombia"},{"city":"Siachoque","state":"Boyaca","country":"Colombia"},{"city":"Soata","state":"Boyaca","country":"Colombia"},{"city":"Socha","state":"Boyaca","country":"Colombia"},{"city":"Socota","state":"Boyaca","country":"Colombia"},{"city":"Sogamoso","state":"Boyaca","country":"Colombia"},{"city":"Somondoco","state":"Boyaca","country":"Colombia"},{"city":"Sora","state":"Boyaca","country":"Colombia"},{"city":"Soraca","state":"Boyaca","country":"Colombia"},{"city":"Sotaquira","state":"Boyaca","country":"Colombia"},{"city":"Susacon","state":"Boyaca","country":"Colombia"},{"city":"Sutamarchan","state":"Boyaca","country":"Colombia"},{"city":"Sutatenza","state":"Boyaca","country":"Colombia"},{"city":"Tasco","state":"Boyaca","country":"Colombia"},{"city":"Tenza","state":"Boyaca","country":"Colombia"},{"city":"Tibana","state":"Boyaca","country":"Colombia"},{"city":"Tibasosa","state":"Boyaca","country":"Colombia"},{"city":"Tinjaca","state":"Boyaca","country":"Colombia"},{"city":"Tipacoque","state":"Boyaca","country":"Colombia"},{"city":"Toca","state":"Boyaca","country":"Colombia"},{"city":"Togui","state":"Boyaca","country":"Colombia"},{"city":"Topaga","state":"Boyaca","country":"Colombia"},{"city":"Tota","state":"Boyaca","country":"Colombia"},{"city":"Tunja","state":"Boyaca","country":"Colombia"},{"city":"Tunungua","state":"Boyaca","country":"Colombia"},{"city":"Turmeque","state":"Boyaca","country":"Colombia"},{"city":"Tuta","state":"Boyaca","country":"Colombia"},{"city":"Tutasa","state":"Boyaca","country":"Colombia"},{"city":"Umbita","state":"Boyaca","country":"Colombia"},{"city":"Ventaquemada","state":"Boyaca","country":"Colombia"},{"city":"Viracacha","state":"Boyaca","country":"Colombia"},{"city":"Zetaquira","state":"Boyaca","country":"Colombia"},{"city":"Aguadas","state":"Caldas","country":"Colombia"},{"city":"Anserma","state":"Caldas","country":"Colombia"},{"city":"Aranzazu","state":"Caldas","country":"Colombia"},{"city":"Belalcazar","state":"Caldas","country":"Colombia"},{"city":"Chinchina","state":"Caldas","country":"Colombia"},{"city":"Filadelfia","state":"Caldas","country":"Colombia"},{"city":"La Dorada","state":"Caldas","country":"Colombia"},{"city":"La Merced","state":"Caldas","country":"Colombia"},{"city":"Manizales","state":"Caldas","country":"Colombia"},{"city":"Manzanares","state":"Caldas","country":"Colombia"},{"city":"Marmato","state":"Caldas","country":"Colombia"},{"city":"Marquetalia","state":"Caldas","country":"Colombia"},{"city":"Marulanda","state":"Caldas","country":"Colombia"},{"city":"Neira","state":"Caldas","country":"Colombia"},{"city":"Norcasia","state":"Caldas","country":"Colombia"},{"city":"Pacora","state":"Caldas","country":"Colombia"},{"city":"Palestina","state":"Caldas","country":"Colombia"},{"city":"Pensilvania","state":"Caldas","country":"Colombia"},{"city":"Riosucio","state":"Caldas","country":"Colombia"},{"city":"Risaralda","state":"Caldas","country":"Colombia"},{"city":"Salamina","state":"Caldas","country":"Colombia"},{"city":"Samana","state":"Caldas","country":"Colombia"},{"city":"San Jose","state":"Caldas","country":"Colombia"},{"city":"Supia","state":"Caldas","country":"Colombia"},{"city":"Victoria","state":"Caldas","country":"Colombia"},{"city":"Villamaria","state":"Caldas","country":"Colombia"},{"city":"Viterbo","state":"Caldas","country":"Colombia"},{"city":"Albania","state":"Caqueta","country":"Colombia"},{"city":"Belen Andaquies","state":"Caqueta","country":"Colombia"},{"city":"Cartagena del Chaira","state":"Caqueta","country":"Colombia"},{"city":"Curillo","state":"Caqueta","country":"Colombia"},{"city":"El Doncello","state":"Caqueta","country":"Colombia"},{"city":"El Paujil","state":"Caqueta","country":"Colombia"},{"city":"Florencia","state":"Caqueta","country":"Colombia"},{"city":"La Montanita","state":"Caqueta","country":"Colombia"},{"city":"Milan","state":"Caqueta","country":"Colombia"},{"city":"Morelia","state":"Caqueta","country":"Colombia"},{"city":"Puerto Rico","state":"Caqueta","country":"Colombia"},{"city":"San Jose de Fragua","state":"Caqueta","country":"Colombia"},{"city":"San Vicente del Caguan","state":"Caqueta","country":"Colombia"},{"city":"Solano","state":"Caqueta","country":"Colombia"},{"city":"Solita","state":"Caqueta","country":"Colombia"},{"city":"Valparaiso","state":"Caqueta","country":"Colombia"},{"city":"Aguazul","state":"Casanare","country":"Colombia"},{"city":"Chameza","state":"Casanare","country":"Colombia"},{"city":"Hato Corozal","state":"Casanare","country":"Colombia"},{"city":"La Salina","state":"Casanare","country":"Colombia"},{"city":"Mani","state":"Casanare","country":"Colombia"},{"city":"Monterrey","state":"Casanare","country":"Colombia"},{"city":"Nunchia","state":"Casanare","country":"Colombia"},{"city":"Orocue","state":"Casanare","country":"Colombia"},{"city":"Paz de Ariporo","state":"Casanare","country":"Colombia"},{"city":"Pore","state":"Casanare","country":"Colombia"},{"city":"Recetor","state":"Casanare","country":"Colombia"},{"city":"Sabanalarga","state":"Casanare","country":"Colombia"},{"city":"Sacama","state":"Casanare","country":"Colombia"},{"city":"San Luis de Palenque","state":"Casanare","country":"Colombia"},{"city":"Tamara","state":"Casanare","country":"Colombia"},{"city":"Tauramena","state":"Casanare","country":"Colombia"},{"city":"Trinidad","state":"Casanare","country":"Colombia"},{"city":"Villanueva","state":"Casanare","country":"Colombia"},{"city":"Yopal","state":"Casanare","country":"Colombia"},{"city":"Almaguer","state":"Cauca","country":"Colombia"},{"city":"Argelia","state":"Cauca","country":"Colombia"},{"city":"Balboa","state":"Cauca","country":"Colombia"},{"city":"Bolivar","state":"Cauca","country":"Colombia"},{"city":"Buenos Aires","state":"Cauca","country":"Colombia"},{"city":"Cajibio","state":"Cauca","country":"Colombia"},{"city":"Caldono","state":"Cauca","country":"Colombia"},{"city":"Caloto","state":"Cauca","country":"Colombia"},{"city":"Corinto","state":"Cauca","country":"Colombia"},{"city":"El Bordo","state":"Cauca","country":"Colombia"},{"city":"El Tambo","state":"Cauca","country":"Colombia"},{"city":"Florencia","state":"Cauca","country":"Colombia"},{"city":"Guapi","state":"Cauca","country":"Colombia"},{"city":"Inza","state":"Cauca","country":"Colombia"},{"city":"Jambalo","state":"Cauca","country":"Colombia"},{"city":"La Sierra","state":"Cauca","country":"Colombia"},{"city":"La Vega","state":"Cauca","country":"Colombia"},{"city":"Lopez","state":"Cauca","country":"Colombia"},{"city":"Mercaderes","state":"Cauca","country":"Colombia"},{"city":"Miranda","state":"Cauca","country":"Colombia"},{"city":"Morales","state":"Cauca","country":"Colombia"},{"city":"Padilla","state":"Cauca","country":"Colombia"},{"city":"Paez","state":"Cauca","country":"Colombia"},{"city":"Piamonte","state":"Cauca","country":"Colombia"},{"city":"Piendamo","state":"Cauca","country":"Colombia"},{"city":"Popayan","state":"Cauca","country":"Colombia"},{"city":"Puerto Tejada","state":"Cauca","country":"Colombia"},{"city":"Purace","state":"Cauca","country":"Colombia"},{"city":"Rosas","state":"Cauca","country":"Colombia"},{"city":"San Sebastian","state":"Cauca","country":"Colombia"},{"city":"Santa Rosa","state":"Cauca","country":"Colombia"},{"city":"Santander de Quilichao","state":"Cauca","country":"Colombia"},{"city":"Silvia","state":"Cauca","country":"Colombia"},{"city":"Sotara","state":"Cauca","country":"Colombia"},{"city":"Suarez","state":"Cauca","country":"Colombia"},{"city":"Sucre","state":"Cauca","country":"Colombia"},{"city":"Timbio","state":"Cauca","country":"Colombia"},{"city":"Timbiqui","state":"Cauca","country":"Colombia"},{"city":"Toribio","state":"Cauca","country":"Colombia"},{"city":"Totoro","state":"Cauca","country":"Colombia"},{"city":"Villa Rica","state":"Cauca","country":"Colombia"},{"city":"Aguachica","state":"Cesar","country":"Colombia"},{"city":"Agustin Codazzi","state":"Cesar","country":"Colombia"},{"city":"Astrea","state":"Cesar","country":"Colombia"},{"city":"Becerril","state":"Cesar","country":"Colombia"},{"city":"Bosconia","state":"Cesar","country":"Colombia"},{"city":"Chimichagua","state":"Cesar","country":"Colombia"},{"city":"Chiriguana","state":"Cesar","country":"Colombia"},{"city":"Curumani","state":"Cesar","country":"Colombia"},{"city":"El Copey","state":"Cesar","country":"Colombia"},{"city":"El Paso","state":"Cesar","country":"Colombia"},{"city":"Gamarra","state":"Cesar","country":"Colombia"},{"city":"Gonzalez","state":"Cesar","country":"Colombia"},{"city":"La Gloria","state":"Cesar","country":"Colombia"},{"city":"La Jagua Ibirico","state":"Cesar","country":"Colombia"},{"city":"Manaure","state":"Cesar","country":"Colombia"},{"city":"Pailitas","state":"Cesar","country":"Colombia"},{"city":"Pelaya","state":"Cesar","country":"Colombia"},{"city":"Pueblo Bello","state":"Cesar","country":"Colombia"},{"city":"Rio de Oro","state":"Cesar","country":"Colombia"},{"city":"Robles la Paz","state":"Cesar","country":"Colombia"},{"city":"San Alberto","state":"Cesar","country":"Colombia"},{"city":"San Diego","state":"Cesar","country":"Colombia"},{"city":"San Martin","state":"Cesar","country":"Colombia"},{"city":"Tamalameque","state":"Cesar","country":"Colombia"},{"city":"Valledupar","state":"Cesar","country":"Colombia"},{"city":"Acandi","state":"Choco","country":"Colombia"},{"city":"Alto Baudo","state":"Choco","country":"Colombia"},{"city":"Atrato","state":"Choco","country":"Colombia"},{"city":"Bagado","state":"Choco","country":"Colombia"},{"city":"Bahia Solano","state":"Choco","country":"Colombia"},{"city":"Bajo Baudo","state":"Choco","country":"Colombia"},{"city":"Bojaya","state":"Choco","country":"Colombia"},{"city":"Canton de San Pablo","state":"Choco","country":"Colombia"},{"city":"Carmen del Darien","state":"Choco","country":"Colombia"},{"city":"Certegui","state":"Choco","country":"Colombia"},{"city":"Condoto","state":"Choco","country":"Colombia"},{"city":"El Carmen","state":"Choco","country":"Colombia"},{"city":"Istmina","state":"Choco","country":"Colombia"},{"city":"Jurado","state":"Choco","country":"Colombia"},{"city":"Litoral del San Juan","state":"Choco","country":"Colombia"},{"city":"Lloro","state":"Choco","country":"Colombia"},{"city":"Medio Atrato","state":"Choco","country":"Colombia"},{"city":"Medio Baudo","state":"Choco","country":"Colombia"},{"city":"Medio San Juan","state":"Choco","country":"Colombia"},{"city":"Novita","state":"Choco","country":"Colombia"},{"city":"Nuqui","state":"Choco","country":"Colombia"},{"city":"Quibdo","state":"Choco","country":"Colombia"},{"city":"Rio Iro","state":"Choco","country":"Colombia"},{"city":"Rio Quito","state":"Choco","country":"Colombia"},{"city":"Riosucio","state":"Choco","country":"Colombia"},{"city":"San Jose del Palmar","state":"Choco","country":"Colombia"},{"city":"Sipi","state":"Choco","country":"Colombia"},{"city":"Tado","state":"Choco","country":"Colombia"},{"city":"Unguia","state":"Choco","country":"Colombia"},{"city":"Union Panamericana","state":"Choco","country":"Colombia"},{"city":"Ayapel","state":"Cordoba","country":"Colombia"},{"city":"Buenavista","state":"Cordoba","country":"Colombia"},{"city":"Canalete","state":"Cordoba","country":"Colombia"},{"city":"Cerete","state":"Cordoba","country":"Colombia"},{"city":"Chima","state":"Cordoba","country":"Colombia"},{"city":"Chinu","state":"Cordoba","country":"Colombia"},{"city":"Cienaga de Oro","state":"Cordoba","country":"Colombia"},{"city":"Cotorra","state":"Cordoba","country":"Colombia"},{"city":"La Apartada","state":"Cordoba","country":"Colombia"},{"city":"Lorica","state":"Cordoba","country":"Colombia"},{"city":"Los Cordobas","state":"Cordoba","country":"Colombia"},{"city":"Momil","state":"Cordoba","country":"Colombia"},{"city":"Monitos","state":"Cordoba","country":"Colombia"},{"city":"Montelibano","state":"Cordoba","country":"Colombia"},{"city":"Monteria","state":"Cordoba","country":"Colombia"},{"city":"Planeta Rica","state":"Cordoba","country":"Colombia"},{"city":"Pueblo Nuevo","state":"Cordoba","country":"Colombia"},{"city":"Puerto Escondido","state":"Cordoba","country":"Colombia"},{"city":"Puerto Libertador","state":"Cordoba","country":"Colombia"},{"city":"Purisima","state":"Cordoba","country":"Colombia"},{"city":"Sahagun","state":"Cordoba","country":"Colombia"},{"city":"San Andres Sotavento","state":"Cordoba","country":"Colombia"},{"city":"San Antero","state":"Cordoba","country":"Colombia"},{"city":"San Bernardo Viento","state":"Cordoba","country":"Colombia"},{"city":"San Carlos","state":"Cordoba","country":"Colombia"},{"city":"San Pelayo","state":"Cordoba","country":"Colombia"},{"city":"Tierralta","state":"Cordoba","country":"Colombia"},{"city":"Valencia","state":"Cordoba","country":"Colombia"},{"city":"Agua de Dios","state":"Cundinamarca","country":"Colombia"},{"city":"Alban","state":"Cundinamarca","country":"Colombia"},{"city":"Anapoima","state":"Cundinamarca","country":"Colombia"},{"city":"Anolaima","state":"Cundinamarca","country":"Colombia"},{"city":"Arbelaez","state":"Cundinamarca","country":"Colombia"},{"city":"Beltran","state":"Cundinamarca","country":"Colombia"},{"city":"Bituima","state":"Cundinamarca","country":"Colombia"},{"city":"Bojaca","state":"Cundinamarca","country":"Colombia"},{"city":"Cabrera","state":"Cundinamarca","country":"Colombia"},{"city":"Cachipay","state":"Cundinamarca","country":"Colombia"},{"city":"Cajica","state":"Cundinamarca","country":"Colombia"},{"city":"Caparrapi","state":"Cundinamarca","country":"Colombia"},{"city":"Caqueza","state":"Cundinamarca","country":"Colombia"},{"city":"Carmen de Carupa","state":"Cundinamarca","country":"Colombia"},{"city":"Chaguani","state":"Cundinamarca","country":"Colombia"},{"city":"Chia","state":"Cundinamarca","country":"Colombia"},{"city":"Chipaque","state":"Cundinamarca","country":"Colombia"},{"city":"Choachi","state":"Cundinamarca","country":"Colombia"},{"city":"Choconta","state":"Cundinamarca","country":"Colombia"},{"city":"Cogua","state":"Cundinamarca","country":"Colombia"},{"city":"Cota","state":"Cundinamarca","country":"Colombia"},{"city":"Cucunuba","state":"Cundinamarca","country":"Colombia"},{"city":"El Colegio","state":"Cundinamarca","country":"Colombia"},{"city":"El Penon","state":"Cundinamarca","country":"Colombia"},{"city":"El Rosal","state":"Cundinamarca","country":"Colombia"},{"city":"Facatativa","state":"Cundinamarca","country":"Colombia"},{"city":"Fomeque","state":"Cundinamarca","country":"Colombia"},{"city":"Fosca","state":"Cundinamarca","country":"Colombia"},{"city":"Funza","state":"Cundinamarca","country":"Colombia"},{"city":"Fuquene","state":"Cundinamarca","country":"Colombia"},{"city":"Fusagasuga","state":"Cundinamarca","country":"Colombia"},{"city":"Gachala","state":"Cundinamarca","country":"Colombia"},{"city":"Gachancipa","state":"Cundinamarca","country":"Colombia"},{"city":"Gacheta","state":"Cundinamarca","country":"Colombia"},{"city":"Gama","state":"Cundinamarca","country":"Colombia"},{"city":"Girardot","state":"Cundinamarca","country":"Colombia"},{"city":"Granada","state":"Cundinamarca","country":"Colombia"},{"city":"Guacheta","state":"Cundinamarca","country":"Colombia"},{"city":"Guaduas","state":"Cundinamarca","country":"Colombia"},{"city":"Guasca","state":"Cundinamarca","country":"Colombia"},{"city":"Guataqui","state":"Cundinamarca","country":"Colombia"},{"city":"Guatavita","state":"Cundinamarca","country":"Colombia"},{"city":"Guayabal de Siquima","state":"Cundinamarca","country":"Colombia"},{"city":"Guayabetal","state":"Cundinamarca","country":"Colombia"},{"city":"Gutierrez","state":"Cundinamarca","country":"Colombia"},{"city":"Jerusalen","state":"Cundinamarca","country":"Colombia"},{"city":"Junin","state":"Cundinamarca","country":"Colombia"},{"city":"La Calera","state":"Cundinamarca","country":"Colombia"},{"city":"La Mesa","state":"Cundinamarca","country":"Colombia"},{"city":"La Palma","state":"Cundinamarca","country":"Colombia"},{"city":"La Pena","state":"Cundinamarca","country":"Colombia"},{"city":"La Vega","state":"Cundinamarca","country":"Colombia"},{"city":"Lenguazaque","state":"Cundinamarca","country":"Colombia"},{"city":"Macheta","state":"Cundinamarca","country":"Colombia"},{"city":"Madrid","state":"Cundinamarca","country":"Colombia"},{"city":"Manta","state":"Cundinamarca","country":"Colombia"},{"city":"Medina","state":"Cundinamarca","country":"Colombia"},{"city":"Mosquera","state":"Cundinamarca","country":"Colombia"},{"city":"Narino","state":"Cundinamarca","country":"Colombia"},{"city":"Nemocon","state":"Cundinamarca","country":"Colombia"},{"city":"Nilo","state":"Cundinamarca","country":"Colombia"},{"city":"Nimaima","state":"Cundinamarca","country":"Colombia"},{"city":"Nocaima","state":"Cundinamarca","country":"Colombia"},{"city":"Ospina Perez","state":"Cundinamarca","country":"Colombia"},{"city":"Pacho","state":"Cundinamarca","country":"Colombia"},{"city":"Paime","state":"Cundinamarca","country":"Colombia"},{"city":"Pandi","state":"Cundinamarca","country":"Colombia"},{"city":"Paratebueno","state":"Cundinamarca","country":"Colombia"},{"city":"Pasca","state":"Cundinamarca","country":"Colombia"},{"city":"Puerto Salgar","state":"Cundinamarca","country":"Colombia"},{"city":"Puli","state":"Cundinamarca","country":"Colombia"},{"city":"Quebradanegra","state":"Cundinamarca","country":"Colombia"},{"city":"Quetame","state":"Cundinamarca","country":"Colombia"},{"city":"Quipile","state":"Cundinamarca","country":"Colombia"},{"city":"Rafael Reyes","state":"Cundinamarca","country":"Colombia"},{"city":"Ricaurte","state":"Cundinamarca","country":"Colombia"},{"city":"San Antonio del Tequendama","state":"Cundinamarca","country":"Colombia"},{"city":"San Bernardo","state":"Cundinamarca","country":"Colombia"},{"city":"San Cayetano","state":"Cundinamarca","country":"Colombia"},{"city":"San Francisco","state":"Cundinamarca","country":"Colombia"},{"city":"San Juan de Rioseco","state":"Cundinamarca","country":"Colombia"},{"city":"Sasaima","state":"Cundinamarca","country":"Colombia"},{"city":"Sesquile","state":"Cundinamarca","country":"Colombia"},{"city":"Sibate","state":"Cundinamarca","country":"Colombia"},{"city":"Silvania","state":"Cundinamarca","country":"Colombia"},{"city":"Simijaca","state":"Cundinamarca","country":"Colombia"},{"city":"Soacha","state":"Cundinamarca","country":"Colombia"},{"city":"Sopo","state":"Cundinamarca","country":"Colombia"},{"city":"Subachoque","state":"Cundinamarca","country":"Colombia"},{"city":"Suesca","state":"Cundinamarca","country":"Colombia"},{"city":"Supata","state":"Cundinamarca","country":"Colombia"},{"city":"Susa","state":"Cundinamarca","country":"Colombia"},{"city":"Sutatausa","state":"Cundinamarca","country":"Colombia"},{"city":"Tabio","state":"Cundinamarca","country":"Colombia"},{"city":"Tausa","state":"Cundinamarca","country":"Colombia"},{"city":"Tena","state":"Cundinamarca","country":"Colombia"},{"city":"Tenjo","state":"Cundinamarca","country":"Colombia"},{"city":"Tibacuy","state":"Cundinamarca","country":"Colombia"},{"city":"Tibirita","state":"Cundinamarca","country":"Colombia"},{"city":"Tocaima","state":"Cundinamarca","country":"Colombia"},{"city":"Tocancipa","state":"Cundinamarca","country":"Colombia"},{"city":"Topaipi","state":"Cundinamarca","country":"Colombia"},{"city":"Ubala","state":"Cundinamarca","country":"Colombia"},{"city":"Ubaque","state":"Cundinamarca","country":"Colombia"},{"city":"Ubate","state":"Cundinamarca","country":"Colombia"},{"city":"Une","state":"Cundinamarca","country":"Colombia"},{"city":"Utica","state":"Cundinamarca","country":"Colombia"},{"city":"Vergara","state":"Cundinamarca","country":"Colombia"},{"city":"Viani","state":"Cundinamarca","country":"Colombia"},{"city":"Villagomez","state":"Cundinamarca","country":"Colombia"},{"city":"Villapinzon","state":"Cundinamarca","country":"Colombia"},{"city":"Villeta","state":"Cundinamarca","country":"Colombia"},{"city":"Viota","state":"Cundinamarca","country":"Colombia"},{"city":"Yacopi","state":"Cundinamarca","country":"Colombia"},{"city":"Zipacon","state":"Cundinamarca","country":"Colombia"},{"city":"Zipaquira","state":"Cundinamarca","country":"Colombia"},{"city":"Inirida","state":"Guainia","country":"Colombia"},{"city":"Calamar","state":"Guaviare","country":"Colombia"},{"city":"El Retorno","state":"Guaviare","country":"Colombia"},{"city":"Miraflores","state":"Guaviare","country":"Colombia"},{"city":"San Jose del Guaviare","state":"Guaviare","country":"Colombia"},{"city":"Acevedo","state":"Huila","country":"Colombia"},{"city":"Agrado","state":"Huila","country":"Colombia"},{"city":"Aipe","state":"Huila","country":"Colombia"},{"city":"Algeciras","state":"Huila","country":"Colombia"},{"city":"Altamira","state":"Huila","country":"Colombia"},{"city":"Baraya","state":"Huila","country":"Colombia"},{"city":"Campoalegre","state":"Huila","country":"Colombia"},{"city":"Colombia","state":"Huila","country":"Colombia"},{"city":"Elias","state":"Huila","country":"Colombia"},{"city":"Garzon","state":"Huila","country":"Colombia"},{"city":"Gigante","state":"Huila","country":"Colombia"},{"city":"Guadalupe","state":"Huila","country":"Colombia"},{"city":"Hobo","state":"Huila","country":"Colombia"},{"city":"Iquira","state":"Huila","country":"Colombia"},{"city":"Isnos","state":"Huila","country":"Colombia"},{"city":"La Argentina","state":"Huila","country":"Colombia"},{"city":"La Plata","state":"Huila","country":"Colombia"},{"city":"Nataga","state":"Huila","country":"Colombia"},{"city":"Neiva","state":"Huila","country":"Colombia"},{"city":"Oporapa","state":"Huila","country":"Colombia"},{"city":"Paicol","state":"Huila","country":"Colombia"},{"city":"Palermo","state":"Huila","country":"Colombia"},{"city":"Palestina","state":"Huila","country":"Colombia"},{"city":"Pital","state":"Huila","country":"Colombia"},{"city":"Pitalito","state":"Huila","country":"Colombia"},{"city":"Rivera","state":"Huila","country":"Colombia"},{"city":"Saladoblanco","state":"Huila","country":"Colombia"},{"city":"San Agustin","state":"Huila","country":"Colombia"},{"city":"Santa Maria","state":"Huila","country":"Colombia"},{"city":"Suaza","state":"Huila","country":"Colombia"},{"city":"Tarqui","state":"Huila","country":"Colombia"},{"city":"Tello","state":"Huila","country":"Colombia"},{"city":"Teruel","state":"Huila","country":"Colombia"},{"city":"Tesalia","state":"Huila","country":"Colombia"},{"city":"Timana","state":"Huila","country":"Colombia"},{"city":"Villavieja","state":"Huila","country":"Colombia"},{"city":"Yaguara","state":"Huila","country":"Colombia"},{"city":"Algarrobo","state":"Magdalena","country":"Colombia"},{"city":"Aracataca","state":"Magdalena","country":"Colombia"},{"city":"Ariguani","state":"Magdalena","country":"Colombia"},{"city":"Cerro San Antonio","state":"Magdalena","country":"Colombia"},{"city":"Chivolo","state":"Magdalena","country":"Colombia"},{"city":"Cienaga","state":"Magdalena","country":"Colombia"},{"city":"Concordia","state":"Magdalena","country":"Colombia"},{"city":"El Banco","state":"Magdalena","country":"Colombia"},{"city":"El Pinon","state":"Magdalena","country":"Colombia"},{"city":"El Reten","state":"Magdalena","country":"Colombia"},{"city":"Fundacion","state":"Magdalena","country":"Colombia"},{"city":"Guamal","state":"Magdalena","country":"Colombia"},{"city":"Nueva Granada","state":"Magdalena","country":"Colombia"},{"city":"Pedraza","state":"Magdalena","country":"Colombia"},{"city":"Pijino del Carmen","state":"Magdalena","country":"Colombia"},{"city":"Pivijay","state":"Magdalena","country":"Colombia"},{"city":"Plato","state":"Magdalena","country":"Colombia"},{"city":"Puebloviejo","state":"Magdalena","country":"Colombia"},{"city":"Remolino","state":"Magdalena","country":"Colombia"},{"city":"Sabanas de San Angel","state":"Magdalena","country":"Colombia"},{"city":"Salamina","state":"Magdalena","country":"Colombia"},{"city":"San Sebastian","state":"Magdalena","country":"Colombia"},{"city":"San Zenon","state":"Magdalena","country":"Colombia"},{"city":"Santa Ana","state":"Magdalena","country":"Colombia"},{"city":"Santa Barbara de Pinto","state":"Magdalena","country":"Colombia"},{"city":"Santa Marta","state":"Magdalena","country":"Colombia"},{"city":"Sitionuevo","state":"Magdalena","country":"Colombia"},{"city":"Tenerife","state":"Magdalena","country":"Colombia"},{"city":"Zapayan","state":"Magdalena","country":"Colombia"},{"city":"Zona Bananera","state":"Magdalena","country":"Colombia"},{"city":"Acacias","state":"Meta","country":"Colombia"},{"city":"Barranca de Upia","state":"Meta","country":"Colombia"},{"city":"Cabuyaro","state":"Meta","country":"Colombia"},{"city":"Castilla la Nueva","state":"Meta","country":"Colombia"},{"city":"Cubarral","state":"Meta","country":"Colombia"},{"city":"Cumaral","state":"Meta","country":"Colombia"},{"city":"El Calvario","state":"Meta","country":"Colombia"},{"city":"El Castillo","state":"Meta","country":"Colombia"},{"city":"El Dorado","state":"Meta","country":"Colombia"},{"city":"Fuente de Oro","state":"Meta","country":"Colombia"},{"city":"Granada","state":"Meta","country":"Colombia"},{"city":"Guamal","state":"Meta","country":"Colombia"},{"city":"La Macarena","state":"Meta","country":"Colombia"},{"city":"La Uribe","state":"Meta","country":"Colombia"},{"city":"Lejanias","state":"Meta","country":"Colombia"},{"city":"Mapiripan","state":"Meta","country":"Colombia"},{"city":"Mesetas","state":"Meta","country":"Colombia"},{"city":"Puerto Concordia","state":"Meta","country":"Colombia"},{"city":"Puerto Gaitan","state":"Meta","country":"Colombia"},{"city":"Puerto Lleras","state":"Meta","country":"Colombia"},{"city":"Puerto Lopez","state":"Meta","country":"Colombia"},{"city":"Puerto Rico","state":"Meta","country":"Colombia"},{"city":"Restrepo","state":"Meta","country":"Colombia"},{"city":"San Carlos Guaroa","state":"Meta","country":"Colombia"},{"city":"San Juan de Arama","state":"Meta","country":"Colombia"},{"city":"San Juanito","state":"Meta","country":"Colombia"},{"city":"San Martin","state":"Meta","country":"Colombia"},{"city":"Villavicencio","state":"Meta","country":"Colombia"},{"city":"Vista Hermosa","state":"Meta","country":"Colombia"},{"city":"Alban","state":"Narino","country":"Colombia"},{"city":"Aldana","state":"Narino","country":"Colombia"},{"city":"Ancuya","state":"Narino","country":"Colombia"},{"city":"Arboleda","state":"Narino","country":"Colombia"},{"city":"Barbacoas","state":"Narino","country":"Colombia"},{"city":"Belen","state":"Narino","country":"Colombia"},{"city":"Buesaco","state":"Narino","country":"Colombia"},{"city":"Chachagui","state":"Narino","country":"Colombia"},{"city":"Colon","state":"Narino","country":"Colombia"},{"city":"Consaca","state":"Narino","country":"Colombia"},{"city":"Contadero","state":"Narino","country":"Colombia"},{"city":"Cordoba","state":"Narino","country":"Colombia"},{"city":"Cuaspud","state":"Narino","country":"Colombia"},{"city":"Cumbal","state":"Narino","country":"Colombia"},{"city":"Cumbitara","state":"Narino","country":"Colombia"},{"city":"El Charco","state":"Narino","country":"Colombia"},{"city":"El Penol","state":"Narino","country":"Colombia"},{"city":"El Rosario","state":"Narino","country":"Colombia"},{"city":"El Tablon","state":"Narino","country":"Colombia"},{"city":"El Tambo","state":"Narino","country":"Colombia"},{"city":"Funes","state":"Narino","country":"Colombia"},{"city":"Guachucal","state":"Narino","country":"Colombia"},{"city":"Guaitarilla","state":"Narino","country":"Colombia"},{"city":"Gualmatan","state":"Narino","country":"Colombia"},{"city":"Iles","state":"Narino","country":"Colombia"},{"city":"Imues","state":"Narino","country":"Colombia"},{"city":"Ipiales","state":"Narino","country":"Colombia"},{"city":"La Cruz","state":"Narino","country":"Colombia"},{"city":"La Florida","state":"Narino","country":"Colombia"},{"city":"La Llanada","state":"Narino","country":"Colombia"},{"city":"La Tola","state":"Narino","country":"Colombia"},{"city":"La Union","state":"Narino","country":"Colombia"},{"city":"Leiva","state":"Narino","country":"Colombia"},{"city":"Linares","state":"Narino","country":"Colombia"},{"city":"Los Andes","state":"Narino","country":"Colombia"},{"city":"Magui","state":"Narino","country":"Colombia"},{"city":"Mallama","state":"Narino","country":"Colombia"},{"city":"Mosquera","state":"Narino","country":"Colombia"},{"city":"Narino","state":"Narino","country":"Colombia"},{"city":"Olaya Herrera","state":"Narino","country":"Colombia"},{"city":"Ospina","state":"Narino","country":"Colombia"},{"city":"Pasto","state":"Narino","country":"Colombia"},{"city":"Pizarro","state":"Narino","country":"Colombia"},{"city":"Policarpa","state":"Narino","country":"Colombia"},{"city":"Potosi","state":"Narino","country":"Colombia"},{"city":"Providencia","state":"Narino","country":"Colombia"},{"city":"Puerres","state":"Narino","country":"Colombia"},{"city":"Pupiales","state":"Narino","country":"Colombia"},{"city":"Ricaurte","state":"Narino","country":"Colombia"},{"city":"Roberto Payan","state":"Narino","country":"Colombia"},{"city":"Samaniego","state":"Narino","country":"Colombia"},{"city":"San Bernardo","state":"Narino","country":"Colombia"},{"city":"San Lorenzo","state":"Narino","country":"Colombia"},{"city":"San Pablo","state":"Narino","country":"Colombia"},{"city":"San Pedro de Cartago","state":"Narino","country":"Colombia"},{"city":"Sandona","state":"Narino","country":"Colombia"},{"city":"Santa Barbara","state":"Narino","country":"Colombia"},{"city":"Santacruz","state":"Narino","country":"Colombia"},{"city":"Sapuyes","state":"Narino","country":"Colombia"},{"city":"Taminango","state":"Narino","country":"Colombia"},{"city":"Tangua","state":"Narino","country":"Colombia"},{"city":"Tumaco","state":"Narino","country":"Colombia"},{"city":"Tuquerres","state":"Narino","country":"Colombia"},{"city":"Yacuanquer","state":"Narino","country":"Colombia"},{"city":"Colon","state":"Putumayo","country":"Colombia"},{"city":"Mocoa","state":"Putumayo","country":"Colombia"},{"city":"Orito","state":"Putumayo","country":"Colombia"},{"city":"Puerto Asis","state":"Putumayo","country":"Colombia"},{"city":"Puerto Caycedo","state":"Putumayo","country":"Colombia"},{"city":"Puerto Guzman","state":"Putumayo","country":"Colombia"},{"city":"Puerto Leguizamo","state":"Putumayo","country":"Colombia"},{"city":"San Francisco","state":"Putumayo","country":"Colombia"},{"city":"San Miguel","state":"Putumayo","country":"Colombia"},{"city":"Santiago","state":"Putumayo","country":"Colombia"},{"city":"Sibundoy","state":"Putumayo","country":"Colombia"},{"city":"Valle del Guamuez","state":"Putumayo","country":"Colombia"},{"city":"Villagarzon","state":"Putumayo","country":"Colombia"},{"city":"Armenia","state":"Quindio","country":"Colombia"},{"city":"Buenavista","state":"Quindio","country":"Colombia"},{"city":"Calarca","state":"Quindio","country":"Colombia"},{"city":"Circasia","state":"Quindio","country":"Colombia"},{"city":"Cordoba","state":"Quindio","country":"Colombia"},{"city":"Filandia","state":"Quindio","country":"Colombia"},{"city":"Genova","state":"Quindio","country":"Colombia"},{"city":"La Tebaida","state":"Quindio","country":"Colombia"},{"city":"Montenegro","state":"Quindio","country":"Colombia"},{"city":"Pijao","state":"Quindio","country":"Colombia"},{"city":"Quimbaya","state":"Quindio","country":"Colombia"},{"city":"Salento","state":"Quindio","country":"Colombia"},{"city":"Apia","state":"Risaralda","country":"Colombia"},{"city":"Balboa","state":"Risaralda","country":"Colombia"},{"city":"Belen de Umbria","state":"Risaralda","country":"Colombia"},{"city":"Dos Quebradas","state":"Risaralda","country":"Colombia"},{"city":"Guatica","state":"Risaralda","country":"Colombia"},{"city":"La Celia","state":"Risaralda","country":"Colombia"},{"city":"La Virginia","state":"Risaralda","country":"Colombia"},{"city":"Marsella","state":"Risaralda","country":"Colombia"},{"city":"Mistrato","state":"Risaralda","country":"Colombia"},{"city":"Pereira","state":"Risaralda","country":"Colombia"},{"city":"Pueblo Rico","state":"Risaralda","country":"Colombia"},{"city":"Quinchia","state":"Risaralda","country":"Colombia"},{"city":"Santa Rosa de Cabal","state":"Risaralda","country":"Colombia"},{"city":"Santuario","state":"Risaralda","country":"Colombia"},{"city":"Aguada","state":"Santander","country":"Colombia"},{"city":"Albania","state":"Santander","country":"Colombia"},{"city":"Aratoca","state":"Santander","country":"Colombia"},{"city":"Barbosa","state":"Santander","country":"Colombia"},{"city":"Barichara","state":"Santander","country":"Colombia"},{"city":"Barrancabermeja","state":"Santander","country":"Colombia"},{"city":"Betulia","state":"Santander","country":"Colombia"},{"city":"Bolivar","state":"Santander","country":"Colombia"},{"city":"Bucaramanga","state":"Santander","country":"Colombia"},{"city":"Cabrera","state":"Santander","country":"Colombia"},{"city":"California","state":"Santander","country":"Colombia"},{"city":"Capitanejo","state":"Santander","country":"Colombia"},{"city":"Carcasi","state":"Santander","country":"Colombia"},{"city":"Cepita","state":"Santander","country":"Colombia"},{"city":"Cerrito","state":"Santander","country":"Colombia"},{"city":"Charala","state":"Santander","country":"Colombia"},{"city":"Charta","state":"Santander","country":"Colombia"},{"city":"Chima","state":"Santander","country":"Colombia"},{"city":"Chipata","state":"Santander","country":"Colombia"},{"city":"Cimitarra","state":"Santander","country":"Colombia"},{"city":"Concepcion","state":"Santander","country":"Colombia"},{"city":"Confines","state":"Santander","country":"Colombia"},{"city":"Contratacion","state":"Santander","country":"Colombia"},{"city":"Coromoro","state":"Santander","country":"Colombia"},{"city":"Curiti","state":"Santander","country":"Colombia"},{"city":"El Carmen","state":"Santander","country":"Colombia"},{"city":"El Guacamayo","state":"Santander","country":"Colombia"},{"city":"El Penon","state":"Santander","country":"Colombia"},{"city":"El Playon","state":"Santander","country":"Colombia"},{"city":"Encino","state":"Santander","country":"Colombia"},{"city":"Enciso","state":"Santander","country":"Colombia"},{"city":"Florian","state":"Santander","country":"Colombia"},{"city":"Floridablanca","state":"Santander","country":"Colombia"},{"city":"Galan","state":"Santander","country":"Colombia"},{"city":"Gambita","state":"Santander","country":"Colombia"},{"city":"Giron","state":"Santander","country":"Colombia"},{"city":"Guaca","state":"Santander","country":"Colombia"},{"city":"Guadalupe","state":"Santander","country":"Colombia"},{"city":"Guapota","state":"Santander","country":"Colombia"},{"city":"Guavata","state":"Santander","country":"Colombia"},{"city":"Guepsa","state":"Santander","country":"Colombia"},{"city":"Hato","state":"Santander","country":"Colombia"},{"city":"Jesus Maria","state":"Santander","country":"Colombia"},{"city":"Jordan","state":"Santander","country":"Colombia"},{"city":"La Belleza","state":"Santander","country":"Colombia"},{"city":"La Paz","state":"Santander","country":"Colombia"},{"city":"Landazuri","state":"Santander","country":"Colombia"},{"city":"Lebrija","state":"Santander","country":"Colombia"},{"city":"Los Santos","state":"Santander","country":"Colombia"},{"city":"Macaravita","state":"Santander","country":"Colombia"},{"city":"Malaga","state":"Santander","country":"Colombia"},{"city":"Matanza","state":"Santander","country":"Colombia"},{"city":"Mogotes","state":"Santander","country":"Colombia"},{"city":"Molagavita","state":"Santander","country":"Colombia"},{"city":"Ocamonte","state":"Santander","country":"Colombia"},{"city":"Oiba","state":"Santander","country":"Colombia"},{"city":"Onzaga","state":"Santander","country":"Colombia"},{"city":"Palmar","state":"Santander","country":"Colombia"},{"city":"Palmas del Socorro","state":"Santander","country":"Colombia"},{"city":"Paramo","state":"Santander","country":"Colombia"},{"city":"Piedecuesta","state":"Santander","country":"Colombia"},{"city":"Pinchote","state":"Santander","country":"Colombia"},{"city":"Puente Nacional","state":"Santander","country":"Colombia"},{"city":"Puerto Parra","state":"Santander","country":"Colombia"},{"city":"Puerto Wilches","state":"Santander","country":"Colombia"},{"city":"Rionegro","state":"Santander","country":"Colombia"},{"city":"Sabana de Torres","state":"Santander","country":"Colombia"},{"city":"San Andres","state":"Santander","country":"Colombia"},{"city":"San Benito","state":"Santander","country":"Colombia"},{"city":"San Gil","state":"Santander","country":"Colombia"},{"city":"San Joaquin","state":"Santander","country":"Colombia"},{"city":"San Jose de Miranda","state":"Santander","country":"Colombia"},{"city":"San Miguel","state":"Santander","country":"Colombia"},{"city":"San Vicente de Chucuri","state":"Santander","country":"Colombia"},{"city":"Santa Barbara","state":"Santander","country":"Colombia"},{"city":"Santa Helena","state":"Santander","country":"Colombia"},{"city":"Simacota","state":"Santander","country":"Colombia"},{"city":"Socorro","state":"Santander","country":"Colombia"},{"city":"Suaita","state":"Santander","country":"Colombia"},{"city":"Sucre","state":"Santander","country":"Colombia"},{"city":"Surata","state":"Santander","country":"Colombia"},{"city":"Tona","state":"Santander","country":"Colombia"},{"city":"Valle San Jose","state":"Santander","country":"Colombia"},{"city":"Velez","state":"Santander","country":"Colombia"},{"city":"Vetas","state":"Santander","country":"Colombia"},{"city":"Villanueva","state":"Santander","country":"Colombia"},{"city":"Zapatoca","state":"Santander","country":"Colombia"},{"city":"Buenavista","state":"Sucre","country":"Colombia"},{"city":"Caimito","state":"Sucre","country":"Colombia"},{"city":"Chalan","state":"Sucre","country":"Colombia"},{"city":"Coloso","state":"Sucre","country":"Colombia"},{"city":"Corozal","state":"Sucre","country":"Colombia"},{"city":"El Roble","state":"Sucre","country":"Colombia"},{"city":"Galeras","state":"Sucre","country":"Colombia"},{"city":"Guaranda","state":"Sucre","country":"Colombia"},{"city":"La Union","state":"Sucre","country":"Colombia"},{"city":"Los Palmitos","state":"Sucre","country":"Colombia"},{"city":"Majagual","state":"Sucre","country":"Colombia"},{"city":"Morroa","state":"Sucre","country":"Colombia"},{"city":"Ovejas","state":"Sucre","country":"Colombia"},{"city":"Palmito","state":"Sucre","country":"Colombia"},{"city":"Sampues","state":"Sucre","country":"Colombia"},{"city":"San Benito Abad","state":"Sucre","country":"Colombia"},{"city":"San Juan de Betulia","state":"Sucre","country":"Colombia"},{"city":"San Marcos","state":"Sucre","country":"Colombia"},{"city":"San Onofre","state":"Sucre","country":"Colombia"},{"city":"San Pedro","state":"Sucre","country":"Colombia"},{"city":"Since","state":"Sucre","country":"Colombia"},{"city":"Sincelejo","state":"Sucre","country":"Colombia"},{"city":"Sucre","state":"Sucre","country":"Colombia"},{"city":"Tolu","state":"Sucre","country":"Colombia"},{"city":"Toluviejo","state":"Sucre","country":"Colombia"},{"city":"Alpujarra","state":"Tolima","country":"Colombia"},{"city":"Alvarado","state":"Tolima","country":"Colombia"},{"city":"Ambalema","state":"Tolima","country":"Colombia"},{"city":"Anzoategui","state":"Tolima","country":"Colombia"},{"city":"Ataco","state":"Tolima","country":"Colombia"},{"city":"Cajamarca","state":"Tolima","country":"Colombia"},{"city":"Carmen de Apicala","state":"Tolima","country":"Colombia"},{"city":"Casabianca","state":"Tolima","country":"Colombia"},{"city":"Chaparral","state":"Tolima","country":"Colombia"},{"city":"Coello","state":"Tolima","country":"Colombia"},{"city":"Coyaima","state":"Tolima","country":"Colombia"},{"city":"Cunday","state":"Tolima","country":"Colombia"},{"city":"Dolores","state":"Tolima","country":"Colombia"},{"city":"Espinal","state":"Tolima","country":"Colombia"},{"city":"Falan","state":"Tolima","country":"Colombia"},{"city":"Flandes","state":"Tolima","country":"Colombia"},{"city":"Fresno","state":"Tolima","country":"Colombia"},{"city":"Guamo","state":"Tolima","country":"Colombia"},{"city":"Guayabal","state":"Tolima","country":"Colombia"},{"city":"Herveo","state":"Tolima","country":"Colombia"},{"city":"Honda","state":"Tolima","country":"Colombia"},{"city":"Ibague","state":"Tolima","country":"Colombia"},{"city":"Icononzo","state":"Tolima","country":"Colombia"},{"city":"Lerida","state":"Tolima","country":"Colombia"},{"city":"Libano","state":"Tolima","country":"Colombia"},{"city":"Mariquita","state":"Tolima","country":"Colombia"},{"city":"Melgar","state":"Tolima","country":"Colombia"},{"city":"Murillo","state":"Tolima","country":"Colombia"},{"city":"Natagaima","state":"Tolima","country":"Colombia"},{"city":"Ortega","state":"Tolima","country":"Colombia"},{"city":"Palocabildo","state":"Tolima","country":"Colombia"},{"city":"Piedras","state":"Tolima","country":"Colombia"},{"city":"Planadas","state":"Tolima","country":"Colombia"},{"city":"Prado","state":"Tolima","country":"Colombia"},{"city":"Purificacion","state":"Tolima","country":"Colombia"},{"city":"Rioblanco","state":"Tolima","country":"Colombia"},{"city":"Roncesvalles","state":"Tolima","country":"Colombia"},{"city":"Rovira","state":"Tolima","country":"Colombia"},{"city":"Saldana","state":"Tolima","country":"Colombia"},{"city":"San Antonio","state":"Tolima","country":"Colombia"},{"city":"San Luis","state":"Tolima","country":"Colombia"},{"city":"Santa Isabel","state":"Tolima","country":"Colombia"},{"city":"Suarez","state":"Tolima","country":"Colombia"},{"city":"Valle de San Juan","state":"Tolima","country":"Colombia"},{"city":"Venadillo","state":"Tolima","country":"Colombia"},{"city":"Villahermosa","state":"Tolima","country":"Colombia"},{"city":"Villarrica","state":"Tolima","country":"Colombia"},{"city":"Acaricuara","state":"Vaupes","country":"Colombia"},{"city":"Mitu","state":"Vaupes","country":"Colombia"},{"city":"Papunaua","state":"Vaupes","country":"Colombia"},{"city":"Taraira","state":"Vaupes","country":"Colombia"},{"city":"Villa Fatima","state":"Vaupes","country":"Colombia"},{"city":"Yavarate","state":"Vaupes","country":"Colombia"},{"city":"Cumaribo","state":"Vichada","country":"Colombia"},{"city":"La Primavera","state":"Vichada","country":"Colombia"},{"city":"Puerto Carreno","state":"Vichada","country":"Colombia"},{"city":"Santa Rosalia","state":"Vichada","country":"Colombia"}]