[{"city":"Maarianhamina","state":"Ahvenanmaa","country":"Finland"},{"city":"Imatra","state":"Etela-Karjala","country":"Finland"},{"city":"Joutseno","state":"Etela-Karjala","country":"Finland"},{"city":"Lappeenranta","state":"Etela-Karjala","country":"Finland"},{"city":"Hyllykallio","state":"Etela-Pohjanmaa","country":"Finland"},{"city":"Ilmajoki","state":"Etela-Pohjanmaa","country":"Finland"},{"city":"Kauhajoki","state":"Etela-Pohjanmaa","country":"Finland"},{"city":"Kurikka","state":"Etela-Pohjanmaa","country":"Finland"},{"city":"Lapua","state":"Etela-Pohjanmaa","country":"Finland"},{"city":"Seinajoki","state":"Etela-Pohjanmaa","country":"Finland"},{"city":"Mikkeli","state":"Etela-Savo","country":"Finland"},{"city":"Savonlinna","state":"Etela-Savo","country":"Finland"},{"city":"Loviisa","state":"Ita-Uusimaa","country":"Finland"},{"city":"Orimattila","state":"Ita-Uusimaa","country":"Finland"},{"city":"Porvoo","state":"Ita-Uusimaa","country":"Finland"},{"city":"Kajaani","state":"Kainuu","country":"Finland"},{"city":"Forssa","state":"Kanta-Hame","country":"Finland"},{"city":"Hameenlinna","state":"Kanta-Hame","country":"Finland"},{"city":"Janakkala","state":"Kanta-Hame","country":"Finland"},{"city":"Riihimaki","state":"Kanta-Hame","country":"Finland"},{"city":"Kokkola","state":"Keski-Pohjanmaa","country":"Finland"},{"city":"Aanekoski","state":"Keski-Suomi","country":"Finland"},{"city":"Jamsa","state":"Keski-Suomi","country":"Finland"},{"city":"Jyvaskyla","state":"Keski-Suomi","country":"Finland"},{"city":"Keuruu","state":"Keski-Suomi","country":"Finland"},{"city":"Laukaa","state":"Keski-Suomi","country":"Finland"},{"city":"Lieto","state":"Keski-Suomi","country":"Finland"},{"city":"Anjalankoski","state":"Kymenlaakso","country":"Finland"},{"city":"Hamina","state":"Kymenlaakso","country":"Finland"},{"city":"Kotka","state":"Kymenlaakso","country":"Finland"},{"city":"Kouvola","state":"Kymenlaakso","country":"Finland"},{"city":"Kuusankoski","state":"Kymenlaakso","country":"Finland"},{"city":"Valkeala","state":"Kymenlaakso","country":"Finland"},{"city":"Vehkalahti","state":"Kymenlaakso","country":"Finland"},{"city":"Kemi","state":"Lappi","country":"Finland"},{"city":"Kemijarvi","state":"Lappi","country":"Finland"},{"city":"Rovaniemi","state":"Lappi","country":"Finland"},{"city":"Sonka","state":"Lappi","country":"Finland"},{"city":"Tornio","state":"Lappi","country":"Finland"},{"city":"Jakobstad","state":"Ostrobothnia","country":"Finland"},{"city":"Oulunsalo","state":"Ostrobothnia","country":"Finland"},{"city":"Heinola","state":"Paijat-Hame","country":"Finland"},{"city":"Hollola","state":"Paijat-Hame","country":"Finland"},{"city":"Lahti","state":"Paijat-Hame","country":"Finland"},{"city":"Nastola","state":"Paijat-Hame","country":"Finland"},{"city":"Kangasala","state":"Pirkanmaa","country":"Finland"},{"city":"Lempaala","state":"Pirkanmaa","country":"Finland"},{"city":"Nokia","state":"Pirkanmaa","country":"Finland"},{"city":"Pirkkala","state":"Pirkanmaa","country":"Finland"},{"city":"Sastamala","state":"Pirkanmaa","country":"Finland"},{"city":"Tampere","state":"Pirkanmaa","country":"Finland"},{"city":"Valkeakoski","state":"Pirkanmaa","country":"Finland"},{"city":"Ylojarvi","state":"Pirkanmaa","country":"Finland"},{"city":"Kristiinankaupunki","state":"Pohjanmaa","country":"Finland"},{"city":"Mustasaari","state":"Pohjanmaa","country":"Finland"},{"city":"Pietarsaari","state":"Pohjanmaa","country":"Finland"},{"city":"Uusikarlepyy","state":"Pohjanmaa","country":"Finland"},{"city":"Vaasa","state":"Pohjanmaa","country":"Finland"},{"city":"Joensuu","state":"Pohjois-Karjala","country":"Finland"},{"city":"Lieksa","state":"Pohjois-Karjala","country":"Finland"},{"city":"Haukipudas","state":"Pohjois-Pohjanmaa","country":"Finland"},{"city":"Kempele","state":"Pohjois-Pohjanmaa","country":"Finland"},{"city":"Kuusamo","state":"Pohjois-Pohjanmaa","country":"Finland"},{"city":"Muhos","state":"Pohjois-Pohjanmaa","country":"Finland"},{"city":"Nivala","state":"Pohjois-Pohjanmaa","country":"Finland"},{"city":"Oulainen","state":"Pohjois-Pohjanmaa","country":"Finland"},{"city":"Oulu","state":"Pohjois-Pohjanmaa","country":"Finland"},{"city":"Raahe","state":"Pohjois-Pohjanmaa","country":"Finland"},{"city":"Ylivieska","state":"Pohjois-Pohjanmaa","country":"Finland"},{"city":"Iisalmi","state":"Pohjois-Savo","country":"Finland"},{"city":"Kuopio","state":"Pohjois-Savo","country":"Finland"},{"city":"Sillinjarvi","state":"Pohjois-Savo","country":"Finland"},{"city":"Varkaus","state":"Pohjois-Savo","country":"Finland"},{"city":"Saarijarvi","state":"Saarijarvi","country":"Finland"},{"city":"Eura","state":"Satakunta","country":"Finland"},{"city":"Eurajoki","state":"Satakunta","country":"Finland"},{"city":"Harjavalta","state":"Satakunta","country":"Finland"},{"city":"Huittinen","state":"Satakunta","country":"Finland"},{"city":"Kankaanpaa","state":"Satakunta","country":"Finland"},{"city":"Kokemaki","state":"Satakunta","country":"Finland"},{"city":"Lappi","state":"Satakunta","country":"Finland"},{"city":"Nakkila","state":"Satakunta","country":"Finland"},{"city":"Noormarkku","state":"Satakunta","country":"Finland"},{"city":"Pori","state":"Satakunta","country":"Finland"},{"city":"Rauma","state":"Satakunta","country":"Finland"},{"city":"Sakyla","state":"Satakunta","country":"Finland"},{"city":"Ulvila","state":"Satakunta","country":"Finland"},{"city":"Vammala","state":"Satakunta","country":"Finland"},{"city":"Espoo","state":"Uusimaa","country":"Finland"},{"city":"Hanko","state":"Uusimaa","country":"Finland"},{"city":"Helsinki","state":"Uusimaa","country":"Finland"},{"city":"Hyvinkaa","state":"Uusimaa","country":"Finland"},{"city":"Jarvenpaa","state":"Uusimaa","country":"Finland"},{"city":"Kauniainen","state":"Uusimaa","country":"Finland"},{"city":"Kerava","state":"Uusimaa","country":"Finland"},{"city":"Kirkkonummi","state":"Uusimaa","country":"Finland"},{"city":"Lohja","state":"Uusimaa","country":"Finland"},{"city":"Mantsala","state":"Uusimaa","country":"Finland"},{"city":"Nurmijarvi","state":"Uusimaa","country":"Finland"},{"city":"Sipoo","state":"Uusimaa","country":"Finland"},{"city":"Tammisaari","state":"Uusimaa","country":"Finland"},{"city":"Tuusula","state":"Uusimaa","country":"Finland"},{"city":"Vantaa","state":"Uusimaa","country":"Finland"},{"city":"Vihti","state":"Uusimaa","country":"Finland"},{"city":"Kaarina","state":"Varsinais-Suomi","country":"Finland"},{"city":"Naantali","state":"Varsinais-Suomi","country":"Finland"},{"city":"Parainen","state":"Varsinais-Suomi","country":"Finland"},{"city":"Raisio","state":"Varsinais-Suomi","country":"Finland"},{"city":"Salo","state":"Varsinais-Suomi","country":"Finland"},{"city":"Turku","state":"Varsinais-Suomi","country":"Finland"},{"city":"Uusikaupunki","state":"Varsinais-Suomi","country":"Finland"}]