[{"city":"Amberieu-en-Bugey","state":"Ain","country":"France"},{"city":"Bellegarde-sur-Valserine","state":"Ain","country":"France"},{"city":"Bourg-en-Bresse","state":"Ain","country":"France"},{"city":"Oyonnax","state":"Ain","country":"France"},{"city":"Chateau-Thierry","state":"Aisne","country":"France"},{"city":"Chauny","state":"Aisne","country":"France"},{"city":"Hirson","state":"Aisne","country":"France"},{"city":"Laon","state":"Aisne","country":"France"},{"city":"Saint-Quentin","state":"Aisne","country":"France"},{"city":"Soissons","state":"Aisne","country":"France"},{"city":"Strassbourg","state":"Aisne","country":"France"},{"city":"Tergnier","state":"Aisne","country":"France"},{"city":"Cusset","state":"Allier","country":"France"},{"city":"Montlucon","state":"Allier","country":"France"},{"city":"Moulins","state":"Allier","country":"France"},{"city":"Vichy","state":"Allier","country":"France"},{"city":"Yzeure","state":"Allier","country":"France"},{"city":"Antibes","state":"Alpes-Maritimes","country":"France"},{"city":"Beausoleil","state":"Alpes-Maritimes","country":"France"},{"city":"Cagnes-sur-Mer","state":"Alpes-Maritimes","country":"France"},{"city":"Cannes","state":"Alpes-Maritimes","country":"France"},{"city":"Carros","state":"Alpes-Maritimes","country":"France"},{"city":"Grasse","state":"Alpes-Maritimes","country":"France"},{"city":"La Trinite","state":"Alpes-Maritimes","country":"France"},{"city":"Le Cannet","state":"Alpes-Maritimes","country":"France"},{"city":"Mandelieu-la-Napoule","state":"Alpes-Maritimes","country":"France"},{"city":"Menton","state":"Alpes-Maritimes","country":"France"},{"city":"Mougins","state":"Alpes-Maritimes","country":"France"},{"city":"Nice","state":"Alpes-Maritimes","country":"France"},{"city":"Roquebrune-Cap-Martin","state":"Alpes-Maritimes","country":"France"},{"city":"Saint-Laurent-du-Var","state":"Alpes-Maritimes","country":"France"},{"city":"Valbonne","state":"Alpes-Maritimes","country":"France"},{"city":"Vallauris","state":"Alpes-Maritimes","country":"France"},{"city":"Vence","state":"Alpes-Maritimes","country":"France"},{"city":"Villeneuve-Loubet","state":"Alpes-Maritimes","country":"France"},{"city":"Digne-les-Bains","state":"Alpes-de-Haute-Provence","country":"France"},{"city":"Manosque","state":"Alpes-de-Haute-Provence","country":"France"},{"city":"Adainville","state":"Alsace","country":"France"},{"city":"Alby-sur-Cheran","state":"Alsace","country":"France"},{"city":"Aubervilliers","state":"Alsace","country":"France"},{"city":"Auterive","state":"Alsace","country":"France"},{"city":"Baillet","state":"Alsace","country":"France"},{"city":"Beaune","state":"Alsace","country":"France"},{"city":"Beauzelle","state":"Alsace","country":"France"},{"city":"Bonnet De Mure","state":"Alsace","country":"France"},{"city":"Bormes-les-Mimosas","state":"Alsace","country":"France"},{"city":"Brindas","state":"Alsace","country":"France"},{"city":"Burlats","state":"Alsace","country":"France"},{"city":"Buzancais","state":"Alsace","country":"France"},{"city":"Candillargues","state":"Alsace","country":"France"},{"city":"Carry-le-Rouet","state":"Alsace","country":"France"},{"city":"Cassis","state":"Alsace","country":"France"},{"city":"Cessenon-Sur-Orb","state":"Alsace","country":"France"},{"city":"Chanac","state":"Alsace","country":"France"},{"city":"Chevigny","state":"Alsace","country":"France"},{"city":"Cogolin","state":"Alsace","country":"France"},{"city":"Collioure","state":"Alsace","country":"France"},{"city":"Cremieu","state":"Alsace","country":"France"},{"city":"Drulingen","state":"Alsace","country":"France"},{"city":"Ecouen","state":"Alsace","country":"France"},{"city":"Eschau","state":"Alsace","country":"France"},{"city":"Feignies","state":"Alsace","country":"France"},{"city":"Ferus","state":"Alsace","country":"France"},{"city":"Fourqueux","state":"Alsace","country":"France"},{"city":"Franqueville","state":"Alsace","country":"France"},{"city":"Gignac","state":"Alsace","country":"France"},{"city":"Gravigny","state":"Alsace","country":"France"},{"city":"Hangenbieten","state":"Alsace","country":"France"},{"city":"Hunspach","state":"Alsace","country":"France"},{"city":"Kilstett","state":"Alsace","country":"France"},{"city":"La Chevroliere","state":"Alsace","country":"France"},{"city":"La-Fare-Les-Oliviers","state":"Alsace","country":"France"},{"city":"Lanvellec","state":"Alsace","country":"France"},{"city":"Le Faget","state":"Alsace","country":"France"},{"city":"Lesigny","state":"Alsace","country":"France"},{"city":"Lesquin","state":"Alsace","country":"France"},{"city":"Limonest","state":"Alsace","country":"France"},{"city":"Messein","state":"Alsace","country":"France"},{"city":"Morgat","state":"Alsace","country":"France"},{"city":"Mundolsheim","state":"Alsace","country":"France"},{"city":"Nantiat","state":"Alsace","country":"France"},{"city":"Niederbronn-les-Bain","state":"Alsace","country":"France"},{"city":"Nimes","state":"Alsace","country":"France"},{"city":"Opoul","state":"Alsace","country":"France"},{"city":"Pance","state":"Alsace","country":"France"},{"city":"Peronne","state":"Alsace","country":"France"},{"city":"Ploneour Lanvern","state":"Alsace","country":"France"},{"city":"Realmont","state":"Alsace","country":"France"},{"city":"Reichstett","state":"Alsace","country":"France"},{"city":"Saint Aubin","state":"Alsace","country":"France"},{"city":"Saint Christophe","state":"Alsace","country":"France"},{"city":"Saint Martin d\u00c3\u00a2\u00c2\u0080\u00c2\u0099Here","state":"Alsace","country":"France"},{"city":"Saint-Berthevin","state":"Alsace","country":"France"},{"city":"Saint-Cergues","state":"Alsace","country":"France"},{"city":"Sancerre","state":"Alsace","country":"France"},{"city":"Sarzeau","state":"Alsace","country":"France"},{"city":"Seltz","state":"Alsace","country":"France"},{"city":"Seyssins","state":"Alsace","country":"France"},{"city":"Souffelweyersheim","state":"Alsace","country":"France"},{"city":"Vireux-Molhain","state":"Alsace","country":"France"},{"city":"Voves","state":"Alsace","country":"France"},{"city":"Wambrechies","state":"Alsace","country":"France"},{"city":"Wervocq Sud","state":"Alsace","country":"France"},{"city":"Abzac","state":"Aquitaine","country":"France"},{"city":"Bidart","state":"Aquitaine","country":"France"},{"city":"Biganos","state":"Aquitaine","country":"France"},{"city":"Buzet-sur-Baise","state":"Aquitaine","country":"France"},{"city":"Coursac","state":"Aquitaine","country":"France"},{"city":"Hasparren","state":"Aquitaine","country":"France"},{"city":"Landiras","state":"Aquitaine","country":"France"},{"city":"Le Haillan","state":"Aquitaine","country":"France"},{"city":"Ledat","state":"Aquitaine","country":"France"},{"city":"Martillac","state":"Aquitaine","country":"France"},{"city":"Puyoo","state":"Aquitaine","country":"France"},{"city":"Saint-Jean-dIllac","state":"Aquitaine","country":"France"},{"city":"Seignosse","state":"Aquitaine","country":"France"},{"city":"Tresses","state":"Aquitaine","country":"France"},{"city":"Annonay","state":"Ardeche","country":"France"},{"city":"Aubenas","state":"Ardeche","country":"France"},{"city":"Guilherand-Granges","state":"Ardeche","country":"France"},{"city":"Privas","state":"Ardeche","country":"France"},{"city":"Tournon-sur-Rhone","state":"Ardeche","country":"France"},{"city":"Charleville-Mezieres","state":"Ardennes","country":"France"},{"city":"Les Hautes-Rivieres","state":"Ardennes","country":"France"},{"city":"Revin","state":"Ardennes","country":"France"},{"city":"Sedan","state":"Ardennes","country":"France"},{"city":"Foix","state":"Ariege","country":"France"},{"city":"Pamier","state":"Ariege","country":"France"},{"city":"Bar-sur-Seine","state":"Aube","country":"France"},{"city":"Romilly-sur-Seine","state":"Aube","country":"France"},{"city":"Saint-Andre-les-Vergers","state":"Aube","country":"France"},{"city":"Sainte-Savine","state":"Aube","country":"France"},{"city":"Troyes","state":"Aube","country":"France"},{"city":"Carcassonne","state":"Aude","country":"France"},{"city":"Castelnaudary","state":"Aude","country":"France"},{"city":"Limoux","state":"Aude","country":"France"},{"city":"Narbonne","state":"Aude","country":"France"},{"city":"Ambert","state":"Auvergne","country":"France"},{"city":"Creuzier-le-Vieux","state":"Auvergne","country":"France"},{"city":"Ferrieres","state":"Auvergne","country":"France"},{"city":"Peschadoires","state":"Auvergne","country":"France"},{"city":"Riotord","state":"Auvergne","country":"France"},{"city":"Saint-Pal-de-Chalencon","state":"Auvergne","country":"France"},{"city":"Saint-Romain-Lachalm","state":"Auvergne","country":"France"},{"city":"Saint-Vidal","state":"Auvergne","country":"France"},{"city":"Sainte-Sigolene","state":"Auvergne","country":"France"},{"city":"Millau","state":"Aveyron","country":"France"},{"city":"Onet-le-Chataeu","state":"Aveyron","country":"France"},{"city":"Rodez","state":"Aveyron","country":"France"},{"city":"Villefranche-de-Rouergue","state":"Aveyron","country":"France"},{"city":"Bischheim","state":"Bas-Rhin","country":"France"},{"city":"Bischwiller","state":"Bas-Rhin","country":"France"},{"city":"Haguenau","state":"Bas-Rhin","country":"France"},{"city":"Hoenheim","state":"Bas-Rhin","country":"France"},{"city":"Illkirch-Graffenstaden","state":"Bas-Rhin","country":"France"},{"city":"Lingolsheim","state":"Bas-Rhin","country":"France"},{"city":"Obernai","state":"Bas-Rhin","country":"France"},{"city":"Ostwald","state":"Bas-Rhin","country":"France"},{"city":"Saverne","state":"Bas-Rhin","country":"France"},{"city":"Schiltigheim","state":"Bas-Rhin","country":"France"},{"city":"Selestat","state":"Bas-Rhin","country":"France"},{"city":"Strasbourg","state":"Bas-Rhin","country":"France"},{"city":"Deauville","state":"Basse-Normandie","country":"France"},{"city":"Aix-en-Provence","state":"Bouches-du-Rhone","country":"France"},{"city":"Allauch","state":"Bouches-du-Rhone","country":"France"},{"city":"Arles","state":"Bouches-du-Rhone","country":"France"},{"city":"Aubagne","state":"Bouches-du-Rhone","country":"France"},{"city":"Berre-l'Etang","state":"Bouches-du-Rhone","country":"France"},{"city":"Bouc-Bel-Air","state":"Bouches-du-Rhone","country":"France"},{"city":"Chateauneuf-les-Martigues","state":"Bouches-du-Rhone","country":"France"},{"city":"Chateaurenard","state":"Bouches-du-Rhone","country":"France"},{"city":"Fos-sur-Mer","state":"Bouches-du-Rhone","country":"France"},{"city":"Gardanne","state":"Bouches-du-Rhone","country":"France"},{"city":"Istres","state":"Bouches-du-Rhone","country":"France"},{"city":"La Ciotat","state":"Bouches-du-Rhone","country":"France"},{"city":"Les Pennes-Mirabeau","state":"Bouches-du-Rhone","country":"France"},{"city":"Maillane","state":"Bouches-du-Rhone","country":"France"},{"city":"Marignane","state":"Bouches-du-Rhone","country":"France"},{"city":"Marseille","state":"Bouches-du-Rhone","country":"France"},{"city":"Martigues","state":"Bouches-du-Rhone","country":"France"},{"city":"Miramas","state":"Bouches-du-Rhone","country":"France"},{"city":"Plan-de-Cuques","state":"Bouches-du-Rhone","country":"France"},{"city":"Port-de-Bouc","state":"Bouches-du-Rhone","country":"France"},{"city":"Rognac","state":"Bouches-du-Rhone","country":"France"},{"city":"Saint-Martin-de-Crau","state":"Bouches-du-Rhone","country":"France"},{"city":"Saint-Remy-de-Provence","state":"Bouches-du-Rhone","country":"France"},{"city":"Salon-de-Provence","state":"Bouches-du-Rhone","country":"France"},{"city":"Septemes-les-Vallons","state":"Bouches-du-Rhone","country":"France"},{"city":"Tarascon","state":"Bouches-du-Rhone","country":"France"},{"city":"Vitrolles","state":"Bouches-du-Rhone","country":"France"},{"city":"Migennes","state":"Bourgogne","country":"France"},{"city":"Javene","state":"Bretagne","country":"France"},{"city":"Plouha","state":"Bretagne","country":"France"},{"city":"Brehan","state":"Brittany","country":"France"},{"city":"Broons","state":"Brittany","country":"France"},{"city":"Guipry","state":"Brittany","country":"France"},{"city":"Miniac-Morvan","state":"Brittany","country":"France"},{"city":"Ploudaniel","state":"Brittany","country":"France"},{"city":"Vern-sur-Seiche","state":"Brittany","country":"France"},{"city":"Aillant-sur-Tholon","state":"Burgundy","country":"France"},{"city":"Bayeux","state":"Calvados","country":"France"},{"city":"Caen","state":"Calvados","country":"France"},{"city":"Herouville-Saint-Clair","state":"Calvados","country":"France"},{"city":"Lisieux","state":"Calvados","country":"France"},{"city":"Mondeville","state":"Calvados","country":"France"},{"city":"Vire","state":"Calvados","country":"France"},{"city":"Aurillac","state":"Cantal","country":"France"},{"city":"Brumath","state":"Cedex","country":"France"},{"city":"Courtaboeuf","state":"Cedex","country":"France"},{"city":"Iregny","state":"Cedex","country":"France"},{"city":"cedex","state":"Cedex","country":"France"},{"city":"Azay-le-Rideau","state":"Centre","country":"France"},{"city":"Chevillon-sur-Huillard","state":"Centre","country":"France"},{"city":"Cloyes-sur-le-Loir","state":"Centre","country":"France"},{"city":"Gellainville","state":"Centre","country":"France"},{"city":"La Chaussse-Saint-Victor","state":"Centre","country":"France"},{"city":"La Ville-aux-Clercs","state":"Centre","country":"France"},{"city":"Ladon","state":"Centre","country":"France"},{"city":"Le Chatelet","state":"Centre","country":"France"},{"city":"Angouleme","state":"Charente","country":"France"},{"city":"Cognac","state":"Charente","country":"France"},{"city":"Lencloitre","state":"Charente","country":"France"},{"city":"Soyaux","state":"Charente","country":"France"},{"city":"La Rochelle","state":"Charente-Maritime","country":"France"},{"city":"Rochefort","state":"Charente-Maritime","country":"France"},{"city":"Royan","state":"Charente-Maritime","country":"France"},{"city":"Saintes","state":"Charente-Maritime","country":"France"},{"city":"Bourges","state":"Cher","country":"France"},{"city":"Saint-Amand-Montrond","state":"Cher","country":"France"},{"city":"Saint-Doulchard","state":"Cher","country":"France"},{"city":"Vierzon","state":"Cher","country":"France"},{"city":"Brive-la-Gaillarde","state":"Correze","country":"France"},{"city":"Tulle","state":"Correze","country":"France"},{"city":"Ussel","state":"Correze","country":"France"},{"city":"Ajaccio","state":"Corse-du-Sud","country":"France"},{"city":"Porto-Vecchio","state":"Corse-du-Sud","country":"France"},{"city":"Beaune","state":"Cote-d'Or","country":"France"},{"city":"Chenove","state":"Cote-d'Or","country":"France"},{"city":"Dijon","state":"Cote-d'Or","country":"France"},{"city":"Quetigny","state":"Cote-d'Or","country":"France"},{"city":"Talant","state":"Cote-d'Or","country":"France"},{"city":"Dinan","state":"Cotes-d'Armor","country":"France"},{"city":"Lamballe","state":"Cotes-d'Armor","country":"France"},{"city":"Lannion","state":"Cotes-d'Armor","country":"France"},{"city":"Loudeac","state":"Cotes-d'Armor","country":"France"},{"city":"Plerin","state":"Cotes-d'Armor","country":"France"},{"city":"Ploufragan","state":"Cotes-d'Armor","country":"France"},{"city":"Saint-Brieuc","state":"Cotes-d'Armor","country":"France"},{"city":"Gueret","state":"Creuse","country":"France"},{"city":"Crolles","state":"Crolles","country":"France"},{"city":"Bressuire","state":"Deux-Sevres","country":"France"},{"city":"Niort","state":"Deux-Sevres","country":"France"},{"city":"Parthenay","state":"Deux-Sevres","country":"France"},{"city":"Thouars","state":"Deux-Sevres","country":"France"},{"city":"Bergerac","state":"Dordogne","country":"France"},{"city":"Perigueux","state":"Dordogne","country":"France"},{"city":"Sarlat-la-Caneda","state":"Dordogne","country":"France"},{"city":"Audincourt","state":"Doubs","country":"France"},{"city":"Besancon","state":"Doubs","country":"France"},{"city":"Beure","state":"Doubs","country":"France"},{"city":"Montbeliard","state":"Doubs","country":"France"},{"city":"Pontarlier","state":"Doubs","country":"France"},{"city":"Valentigney","state":"Doubs","country":"France"},{"city":"Bourg-les-Valence","state":"Drome","country":"France"},{"city":"Montelimar","state":"Drome","country":"France"},{"city":"Pierrelatte","state":"Drome","country":"France"},{"city":"Romans-sur-Isere","state":"Drome","country":"France"},{"city":"Valence","state":"Drome","country":"France"},{"city":"Athis-Mons","state":"Essonne","country":"France"},{"city":"Bretigny-sur-Orge","state":"Essonne","country":"France"},{"city":"Brunoy","state":"Essonne","country":"France"},{"city":"Bures-sur-Yvette","state":"Essonne","country":"France"},{"city":"Chilly-Mazarin","state":"Essonne","country":"France"},{"city":"Corbeil-Essonnes","state":"Essonne","country":"France"},{"city":"Courcouronnes","state":"Essonne","country":"France"},{"city":"Dourdan","state":"Essonne","country":"France"},{"city":"Draveil","state":"Essonne","country":"France"},{"city":"Epinay-sous-Senart","state":"Essonne","country":"France"},{"city":"Epinay-sur-Orge","state":"Essonne","country":"France"},{"city":"Etampes","state":"Essonne","country":"France"},{"city":"Evry","state":"Essonne","country":"France"},{"city":"Fleury-Merogis","state":"Essonne","country":"France"},{"city":"Gif-sur-Yvette","state":"Essonne","country":"France"},{"city":"Grigny","state":"Essonne","country":"France"},{"city":"Igny","state":"Essonne","country":"France"},{"city":"Juvisy-sur-Orge","state":"Essonne","country":"France"},{"city":"Les Ulis","state":"Essonne","country":"France"},{"city":"Longjumeau","state":"Essonne","country":"France"},{"city":"Massy","state":"Essonne","country":"France"},{"city":"Mennecy","state":"Essonne","country":"France"},{"city":"Montgeron","state":"Essonne","country":"France"},{"city":"Morangis","state":"Essonne","country":"France"},{"city":"Morsang-sur-Orge","state":"Essonne","country":"France"},{"city":"Orsay","state":"Essonne","country":"France"},{"city":"Palaiseau","state":"Essonne","country":"France"},{"city":"Ris-Orangis","state":"Essonne","country":"France"},{"city":"Saint-Michel-sur-Orge","state":"Essonne","country":"France"},{"city":"Sainte-Genevieve-des-Bois","state":"Essonne","country":"France"},{"city":"Savigny-sur-Orge","state":"Essonne","country":"France"},{"city":"Verrieres-le-Buisson","state":"Essonne","country":"France"},{"city":"Vigneux-sur-Seine","state":"Essonne","country":"France"},{"city":"Villebon-sur-Yvette","state":"Essonne","country":"France"},{"city":"Viry-Chatillon","state":"Essonne","country":"France"},{"city":"Yerres","state":"Essonne","country":"France"},{"city":"Bernay","state":"Eure","country":"France"},{"city":"Evreux","state":"Eure","country":"France"},{"city":"Gisors","state":"Eure","country":"France"},{"city":"Louviers","state":"Eure","country":"France"},{"city":"Pont-Audemer","state":"Eure","country":"France"},{"city":"Val-de-Reuil","state":"Eure","country":"France"},{"city":"Vernon","state":"Eure","country":"France"},{"city":"Chartres","state":"Eure-et-Loir","country":"France"},{"city":"Chateaudun","state":"Eure-et-Loir","country":"France"},{"city":"Dreux","state":"Eure-et-Loir","country":"France"},{"city":"Luce","state":"Eure-et-Loir","country":"France"},{"city":"Mainvillier","state":"Eure-et-Loir","country":"France"},{"city":"Nogent-le-Rotrou","state":"Eure-et-Loir","country":"France"},{"city":"Vernouillet","state":"Eure-et-Loir","country":"France"},{"city":"Feucherolles","state":"Feucherolles","country":"France"},{"city":"Brest","state":"Finistere","country":"France"},{"city":"Concarneau","state":"Finistere","country":"France"},{"city":"Douarnenez","state":"Finistere","country":"France"},{"city":"Guipavas","state":"Finistere","country":"France"},{"city":"Landerneau","state":"Finistere","country":"France"},{"city":"Le Relecq-Kerhoun","state":"Finistere","country":"France"},{"city":"Morlaix","state":"Finistere","country":"France"},{"city":"Plougastel-Daoulas","state":"Finistere","country":"France"},{"city":"Plouzane","state":"Finistere","country":"France"},{"city":"Quimper","state":"Finistere","country":"France"},{"city":"Quimperle","state":"Finistere","country":"France"},{"city":"Charquemont","state":"Franche-Comte","country":"France"},{"city":"Chemaudin","state":"Franche-Comte","country":"France"},{"city":"Pelousey","state":"Franche-Comte","country":"France"},{"city":"Perrigny","state":"Franche-Comte","country":"France"},{"city":"Pirey","state":"Franche-Comte","country":"France"},{"city":"Villers-le-Lac","state":"Franche-Comte","country":"France"},{"city":"Ales","state":"Gard","country":"France"},{"city":"Bagnols-sur-Ceze","state":"Gard","country":"France"},{"city":"Beaucaire","state":"Gard","country":"France"},{"city":"Nimes","state":"Gard","country":"France"},{"city":"Pont-Saint-Esprit","state":"Gard","country":"France"},{"city":"Saint-Gilles","state":"Gard","country":"France"},{"city":"Vauvert","state":"Gard","country":"France"},{"city":"Villeneuve-les-Avignon","state":"Gard","country":"France"},{"city":"Auch","state":"Gers","country":"France"},{"city":"Beraut","state":"Gers","country":"France"},{"city":"Ambares-et-Lagrave","state":"Gironde","country":"France"},{"city":"Arcachon","state":"Gironde","country":"France"},{"city":"Begles","state":"Gironde","country":"France"},{"city":"Blanquefort","state":"Gironde","country":"France"},{"city":"Bordeaux","state":"Gironde","country":"France"},{"city":"Bruges","state":"Gironde","country":"France"},{"city":"Cenon","state":"Gironde","country":"France"},{"city":"Cestas","state":"Gironde","country":"France"},{"city":"Eysines","state":"Gironde","country":"France"},{"city":"Floirac","state":"Gironde","country":"France"},{"city":"Gradignan","state":"Gironde","country":"France"},{"city":"Gujan-Mestras","state":"Gironde","country":"France"},{"city":"La Teste-de-Buch","state":"Gironde","country":"France"},{"city":"Le Bouscat","state":"Gironde","country":"France"},{"city":"Libourne","state":"Gironde","country":"France"},{"city":"Lormont","state":"Gironde","country":"France"},{"city":"Merignac","state":"Gironde","country":"France"},{"city":"Pessac","state":"Gironde","country":"France"},{"city":"Saint-Medard-en-Jalles","state":"Gironde","country":"France"},{"city":"Talence","state":"Gironde","country":"France"},{"city":"Villenave-d'Ornon","state":"Gironde","country":"France"},{"city":"Cernay","state":"Haut-Rhin","country":"France"},{"city":"Colmar","state":"Haut-Rhin","country":"France"},{"city":"Guebwiller","state":"Haut-Rhin","country":"France"},{"city":"Illzach","state":"Haut-Rhin","country":"France"},{"city":"Kingersheim","state":"Haut-Rhin","country":"France"},{"city":"Mulhouse","state":"Haut-Rhin","country":"France"},{"city":"Riediesheim","state":"Haut-Rhin","country":"France"},{"city":"Rixheim","state":"Haut-Rhin","country":"France"},{"city":"Saint-Louis","state":"Haut-Rhin","country":"France"},{"city":"Wittelsheim","state":"Haut-Rhin","country":"France"},{"city":"Wittenheim","state":"Haut-Rhin","country":"France"},{"city":"Bastia","state":"Haute-Corse","country":"France"},{"city":"Balma","state":"Haute-Garonne","country":"France"},{"city":"Blagnac","state":"Haute-Garonne","country":"France"},{"city":"Colomiers","state":"Haute-Garonne","country":"France"},{"city":"Cugnaux","state":"Haute-Garonne","country":"France"},{"city":"L'Union","state":"Haute-Garonne","country":"France"},{"city":"Muret","state":"Haute-Garonne","country":"France"},{"city":"Plaisance-du-Touch","state":"Haute-Garonne","country":"France"},{"city":"Ramonville-Saint-Agne","state":"Haute-Garonne","country":"France"},{"city":"Saint-Gaudens","state":"Haute-Garonne","country":"France"},{"city":"Saint-Orens-de-Gameville","state":"Haute-Garonne","country":"France"},{"city":"Toulouse","state":"Haute-Garonne","country":"France"},{"city":"Tournefeuille","state":"Haute-Garonne","country":"France"},{"city":"Blanzac","state":"Haute-Loire","country":"France"},{"city":"Le Puy-en-Velay","state":"Haute-Loire","country":"France"},{"city":"Chaumont","state":"Haute-Marne","country":"France"},{"city":"Langres","state":"Haute-Marne","country":"France"},{"city":"Saint-Dizier","state":"Haute-Marne","country":"France"},{"city":"Hericourt","state":"Haute-Saone","country":"France"},{"city":"Lure","state":"Haute-Saone","country":"France"},{"city":"Luxeuil-les-Bains","state":"Haute-Saone","country":"France"},{"city":"Vesoul","state":"Haute-Saone","country":"France"},{"city":"Annecy","state":"Haute-Savoie","country":"France"},{"city":"Annecy-le-Vieux","state":"Haute-Savoie","country":"France"},{"city":"Annemasse","state":"Haute-Savoie","country":"France"},{"city":"Archamps","state":"Haute-Savoie","country":"France"},{"city":"Bonneville","state":"Haute-Savoie","country":"France"},{"city":"Chamonix-Mont-Blanc","state":"Haute-Savoie","country":"France"},{"city":"Cluses","state":"Haute-Savoie","country":"France"},{"city":"Contamine sur Arve","state":"Haute-Savoie","country":"France"},{"city":"Cran-Gevrier","state":"Haute-Savoie","country":"France"},{"city":"Passy","state":"Haute-Savoie","country":"France"},{"city":"Rumilly","state":"Haute-Savoie","country":"France"},{"city":"Sallanches","state":"Haute-Savoie","country":"France"},{"city":"Seynod","state":"Haute-Savoie","country":"France"},{"city":"Thonon-les-Bains","state":"Haute-Savoie","country":"France"},{"city":"Gaillard","state":"Haute-Vienne","country":"France"},{"city":"Limoges","state":"Haute-Vienne","country":"France"},{"city":"Saint-Junien","state":"Haute-Vienne","country":"France"},{"city":"Briancon","state":"Hautes-Alpes","country":"France"},{"city":"Gap","state":"Hautes-Alpes","country":"France"},{"city":"Lourdes","state":"Hautes-Pyrenees","country":"France"},{"city":"Tarbes","state":"Hautes-Pyrenees","country":"France"},{"city":"Antony","state":"Hauts-de-Seine","country":"France"},{"city":"Asnieres-sur-Seine","state":"Hauts-de-Seine","country":"France"},{"city":"Bagneux","state":"Hauts-de-Seine","country":"France"},{"city":"Bois-Colombes","state":"Hauts-de-Seine","country":"France"},{"city":"Boulogne-Billancourt","state":"Hauts-de-Seine","country":"France"},{"city":"Bourg-la-Reine","state":"Hauts-de-Seine","country":"France"},{"city":"Chatenay-Malabry","state":"Hauts-de-Seine","country":"France"},{"city":"Chatillon","state":"Hauts-de-Seine","country":"France"},{"city":"Chaville","state":"Hauts-de-Seine","country":"France"},{"city":"Clamart","state":"Hauts-de-Seine","country":"France"},{"city":"Clichy","state":"Hauts-de-Seine","country":"France"},{"city":"Colombes","state":"Hauts-de-Seine","country":"France"},{"city":"Courbevoie","state":"Hauts-de-Seine","country":"France"},{"city":"Fontenay-aux-Roses","state":"Hauts-de-Seine","country":"France"},{"city":"Garches","state":"Hauts-de-Seine","country":"France"},{"city":"Gennevillers","state":"Hauts-de-Seine","country":"France"},{"city":"Issy-les-Moulineaux","state":"Hauts-de-Seine","country":"France"},{"city":"La Garenne-Colombes","state":"Hauts-de-Seine","country":"France"},{"city":"Le Plessis-Robinson","state":"Hauts-de-Seine","country":"France"},{"city":"Levallois-Perret","state":"Hauts-de-Seine","country":"France"},{"city":"Malakoff","state":"Hauts-de-Seine","country":"France"},{"city":"Meudon","state":"Hauts-de-Seine","country":"France"},{"city":"Montrouge","state":"Hauts-de-Seine","country":"France"},{"city":"Nanterre","state":"Hauts-de-Seine","country":"France"},{"city":"Neuilly-sur-Seine","state":"Hauts-de-Seine","country":"France"},{"city":"Puteaux","state":"Hauts-de-Seine","country":"France"},{"city":"Rueil-Malmaison","state":"Hauts-de-Seine","country":"France"},{"city":"Saint-Cloud","state":"Hauts-de-Seine","country":"France"},{"city":"Sceaux","state":"Hauts-de-Seine","country":"France"},{"city":"Sevres","state":"Hauts-de-Seine","country":"France"},{"city":"Suresnes","state":"Hauts-de-Seine","country":"France"},{"city":"Vanves","state":"Hauts-de-Seine","country":"France"},{"city":"Ville-d'Avray","state":"Hauts-de-Seine","country":"France"},{"city":"Villeneuve-la-Garenne","state":"Hauts-de-Seine","country":"France"},{"city":"Agde","state":"Herault","country":"France"},{"city":"Beziers","state":"Herault","country":"France"},{"city":"Castelnau-le-Lez","state":"Herault","country":"France"},{"city":"Frontignan","state":"Herault","country":"France"},{"city":"Lattes","state":"Herault","country":"France"},{"city":"Lunel","state":"Herault","country":"France"},{"city":"Mauguio","state":"Herault","country":"France"},{"city":"Montpellier","state":"Herault","country":"France"},{"city":"Sete","state":"Herault","country":"France"},{"city":"Champagne-sur-Oise","state":"Ile-de-France","country":"France"},{"city":"Croissy-Beaubourg","state":"Ile-de-France","country":"France"},{"city":"Gennevilliers","state":"Ile-de-France","country":"France"},{"city":"Le Mesnil-le-Roi","state":"Ile-de-France","country":"France"},{"city":"Le Plessis-Bouchard","state":"Ile-de-France","country":"France"},{"city":"Rebais","state":"Ile-de-France","country":"France"},{"city":"Saint-Thibault-des-Vignes","state":"Ile-de-France","country":"France"},{"city":"Cesson-Sevigne","state":"Ille-et-Vilaine","country":"France"},{"city":"Dinard","state":"Ille-et-Vilaine","country":"France"},{"city":"Fougeres","state":"Ille-et-Vilaine","country":"France"},{"city":"Rennes","state":"Ille-et-Vilaine","country":"France"},{"city":"Saint-Malo","state":"Ille-et-Vilaine","country":"France"},{"city":"Vitre","state":"Ille-et-Vilaine","country":"France"},{"city":"Chateauroux","state":"Indre","country":"France"},{"city":"Issoudun","state":"Indre","country":"France"},{"city":"Amboise","state":"Indre-et-Loire","country":"France"},{"city":"Joue-les-Tours","state":"Indre-et-Loire","country":"France"},{"city":"Saint-Avertin","state":"Indre-et-Loire","country":"France"},{"city":"Saint-Cyr-sur-Loire","state":"Indre-et-Loire","country":"France"},{"city":"Saint-Pierre-des-Corps","state":"Indre-et-Loire","country":"France"},{"city":"Tours","state":"Indre-et-Loire","country":"France"},{"city":"Bourgoin-Jallieu","state":"Isere","country":"France"},{"city":"Crolles","state":"Isere","country":"France"},{"city":"Echirolles","state":"Isere","country":"France"},{"city":"Fontaine","state":"Isere","country":"France"},{"city":"Grenoble","state":"Isere","country":"France"},{"city":"Le Pont-de-Claix","state":"Isere","country":"France"},{"city":"Meylan","state":"Isere","country":"France"},{"city":"Saint-Egreve","state":"Isere","country":"France"},{"city":"Saint-Martin-d'Heres","state":"Isere","country":"France"},{"city":"Seyssinet-Pariset","state":"Isere","country":"France"},{"city":"Vienne","state":"Isere","country":"France"},{"city":"Villefontaine","state":"Isere","country":"France"},{"city":"Voiron","state":"Isere","country":"France"},{"city":"Champagnole","state":"Jura","country":"France"},{"city":"Dole","state":"Jura","country":"France"},{"city":"Lons-le-Saunier","state":"Jura","country":"France"},{"city":"Saint-Claude","state":"Jura","country":"France"},{"city":"Sebastiangasse","state":"Klagenfurt","country":"France"},{"city":"Biscarrosse","state":"Landes","country":"France"},{"city":"Dax","state":"Landes","country":"France"},{"city":"Hagetmau","state":"Landes","country":"France"},{"city":"Landes","state":"Landes","country":"France"},{"city":"Mont-de-Marsan","state":"Landes","country":"France"},{"city":"Saint-Paul-les-Dax","state":"Landes","country":"France"},{"city":"Tarnos","state":"Landes","country":"France"},{"city":"Codolet","state":"Languedoc-Roussillon","country":"France"},{"city":"Cuxac-d'Aude","state":"Languedoc-Roussillon","country":"France"},{"city":"Gigean","state":"Languedoc-Roussillon","country":"France"},{"city":"Grabels","state":"Languedoc-Roussillon","country":"France"},{"city":"Lamalou-les-Bains","state":"Languedoc-Roussillon","country":"France"},{"city":"Perols","state":"Languedoc-Roussillon","country":"France"},{"city":"Peyrens","state":"Languedoc-Roussillon","country":"France"},{"city":"Tuchan","state":"Languedoc-Roussillon","country":"France"},{"city":"Larcay","state":"Larcay","country":"France"},{"city":"Voutezac","state":"Limousin","country":"France"},{"city":"Blois","state":"Loir-et-Cher","country":"France"},{"city":"Romorantin-Lanthenay","state":"Loir-et-Cher","country":"France"},{"city":"Vendome","state":"Loir-et-Cher","country":"France"},{"city":"Andrezieux-Boutheon","state":"Loire","country":"France"},{"city":"Firminy","state":"Loire","country":"France"},{"city":"La Ricamarie","state":"Loire","country":"France"},{"city":"Le Chambon-Feugerolles","state":"Loire","country":"France"},{"city":"Montbrison","state":"Loire","country":"France"},{"city":"Riorges","state":"Loire","country":"France"},{"city":"Rive-de-Gier","state":"Loire","country":"France"},{"city":"Roanne","state":"Loire","country":"France"},{"city":"Roche-la-Moliere","state":"Loire","country":"France"},{"city":"Saint-Chamond","state":"Loire","country":"France"},{"city":"Saint-Etienne","state":"Loire","country":"France"},{"city":"Saint-Just-Saint-Rambert","state":"Loire","country":"France"},{"city":"Bouguenais","state":"Loire-Atlantique","country":"France"},{"city":"Carquefou","state":"Loire-Atlantique","country":"France"},{"city":"Chateaubriant","state":"Loire-Atlantique","country":"France"},{"city":"Coueron","state":"Loire-Atlantique","country":"France"},{"city":"Guerande","state":"Loire-Atlantique","country":"France"},{"city":"La Baule-Escoublac","state":"Loire-Atlantique","country":"France"},{"city":"La Chapelle-sur-Erdre","state":"Loire-Atlantique","country":"France"},{"city":"Nantes","state":"Loire-Atlantique","country":"France"},{"city":"Orvault","state":"Loire-Atlantique","country":"France"},{"city":"Reze","state":"Loire-Atlantique","country":"France"},{"city":"Saint Etienne de Mer Morte","state":"Loire-Atlantique","country":"France"},{"city":"Saint-Herblain","state":"Loire-Atlantique","country":"France"},{"city":"Saint-Nazaire","state":"Loire-Atlantique","country":"France"},{"city":"Saint-Sebastien-sur-Loire","state":"Loire-Atlantique","country":"France"},{"city":"Sainte-Luce-sur-Loire","state":"Loire-Atlantique","country":"France"},{"city":"Vertou","state":"Loire-Atlantique","country":"France"},{"city":"Amilly","state":"Loiret","country":"France"},{"city":"Chalette-sur-Loing","state":"Loiret","country":"France"},{"city":"Fleury-les-Aubrais","state":"Loiret","country":"France"},{"city":"Gien","state":"Loiret","country":"France"},{"city":"Montargis","state":"Loiret","country":"France"},{"city":"Olivet","state":"Loiret","country":"France"},{"city":"Orleans","state":"Loiret","country":"France"},{"city":"Pithiviers","state":"Loiret","country":"France"},{"city":"Saint-Jean-de-Braye","state":"Loiret","country":"France"},{"city":"Saint-Jean-de-la-Ruelle","state":"Loiret","country":"France"},{"city":"Saran","state":"Loiret","country":"France"},{"city":"Montbronn","state":"Lorraine","country":"France"},{"city":"Cahors","state":"Lot","country":"France"},{"city":"Figeac","state":"Lot","country":"France"},{"city":"Agen","state":"Lot-et-Garonne","country":"France"},{"city":"Le Passage","state":"Lot-et-Garonne","country":"France"},{"city":"Marmande","state":"Lot-et-Garonne","country":"France"},{"city":"Tonneins","state":"Lot-et-Garonne","country":"France"},{"city":"Villeneuve-sur-Lot","state":"Lot-et-Garonne","country":"France"},{"city":"Mende","state":"Lozere","country":"France"},{"city":"Angers","state":"Maine-et-Loire","country":"France"},{"city":"Avrille","state":"Maine-et-Loire","country":"France"},{"city":"Cholet","state":"Maine-et-Loire","country":"France"},{"city":"Les Ponts-de-Ce","state":"Maine-et-Loire","country":"France"},{"city":"Saint-Barthelemy-d'Anjou","state":"Maine-et-Loire","country":"France"},{"city":"Saumur","state":"Maine-et-Loire","country":"France"},{"city":"Torfou","state":"Maine-et-Loire","country":"France"},{"city":"Trelaze","state":"Maine-et-Loire","country":"France"},{"city":"Cherbourg","state":"Manche","country":"France"},{"city":"Coutances","state":"Manche","country":"France"},{"city":"Equeurdreville-Hainneville","state":"Manche","country":"France"},{"city":"Granville","state":"Manche","country":"France"},{"city":"Octeville","state":"Manche","country":"France"},{"city":"Saint-Lo","state":"Manche","country":"France"},{"city":"Tourlaville","state":"Manche","country":"France"},{"city":"Chalons-en-Champagne","state":"Marne","country":"France"},{"city":"Epernay","state":"Marne","country":"France"},{"city":"Reims","state":"Marne","country":"France"},{"city":"Tinqueux","state":"Marne","country":"France"},{"city":"Vitry-le-Francois","state":"Marne","country":"France"},{"city":"Chateau-Gontier","state":"Mayenne","country":"France"},{"city":"Laval","state":"Mayenne","country":"France"},{"city":"Mayenne","state":"Mayenne","country":"France"},{"city":"Montsurs","state":"Mayenne","country":"France"},{"city":"Dombasle-sur-Meurthe","state":"Meurthe-et-Moselle","country":"France"},{"city":"Jarville-la-Malgrange","state":"Meurthe-et-Moselle","country":"France"},{"city":"Laxou","state":"Meurthe-et-Moselle","country":"France"},{"city":"Longwy","state":"Meurthe-et-Moselle","country":"France"},{"city":"Luneville","state":"Meurthe-et-Moselle","country":"France"},{"city":"Nancy","state":"Meurthe-et-Moselle","country":"France"},{"city":"Pont-a-Mousson","state":"Meurthe-et-Moselle","country":"France"},{"city":"Saint-Max","state":"Meurthe-et-Moselle","country":"France"},{"city":"Toul","state":"Meurthe-et-Moselle","country":"France"},{"city":"Vandoeuvre-les-Nancy","state":"Meurthe-et-Moselle","country":"France"},{"city":"Villers-les-Nancy","state":"Meurthe-et-Moselle","country":"France"},{"city":"Villerupt","state":"Meurthe-et-Moselle","country":"France"},{"city":"Bar-le-Duc","state":"Meuse","country":"France"},{"city":"Verdun","state":"Meuse","country":"France"},{"city":"Boissezon","state":"Midi-Pyrenees","country":"France"},{"city":"Hauterive","state":"Midi-Pyrenees","country":"France"},{"city":"Launaguet","state":"Midi-Pyrenees","country":"France"},{"city":"Mauleon","state":"Midi-Pyrenees","country":"France"},{"city":"Maurens-Scopont","state":"Midi-Pyrenees","country":"France"},{"city":"Auray","state":"Morbihan","country":"France"},{"city":"Guidel","state":"Morbihan","country":"France"},{"city":"Hennebont","state":"Morbihan","country":"France"},{"city":"Lanester","state":"Morbihan","country":"France"},{"city":"Lorient","state":"Morbihan","country":"France"},{"city":"Ploemeur","state":"Morbihan","country":"France"},{"city":"Pontivy","state":"Morbihan","country":"France"},{"city":"Vannes","state":"Morbihan","country":"France"},{"city":"Amneville","state":"Moselle","country":"France"},{"city":"Behren-les-Forbach","state":"Moselle","country":"France"},{"city":"Creutzwald","state":"Moselle","country":"France"},{"city":"Fameck","state":"Moselle","country":"France"},{"city":"Florange","state":"Moselle","country":"France"},{"city":"Forbach","state":"Moselle","country":"France"},{"city":"Freyming-Merlebach","state":"Moselle","country":"France"},{"city":"Hagondange","state":"Moselle","country":"France"},{"city":"Hayange","state":"Moselle","country":"France"},{"city":"Hombourg-Haut","state":"Moselle","country":"France"},{"city":"Maizieres-les-Metz","state":"Moselle","country":"France"},{"city":"Marly","state":"Moselle","country":"France"},{"city":"Metz","state":"Moselle","country":"France"},{"city":"Montigny-les-Metz","state":"Moselle","country":"France"},{"city":"Moyeuvre-Grande","state":"Moselle","country":"France"},{"city":"Rombas","state":"Moselle","country":"France"},{"city":"Saint-Avold","state":"Moselle","country":"France"},{"city":"Sarrebourg","state":"Moselle","country":"France"},{"city":"Sarreguemines","state":"Moselle","country":"France"},{"city":"Stiring-Wendel","state":"Moselle","country":"France"},{"city":"Thionville","state":"Moselle","country":"France"},{"city":"Uckange","state":"Moselle","country":"France"},{"city":"Woippy","state":"Moselle","country":"France"},{"city":"Yutz","state":"Moselle","country":"France"},{"city":"Cosne-Cours-sur-Loire","state":"Nievre","country":"France"},{"city":"Nevers","state":"Nievre","country":"France"},{"city":"Varennes-Vauzelles","state":"Nievre","country":"France"},{"city":"Aniche","state":"Nord","country":"France"},{"city":"Annoeullin","state":"Nord","country":"France"},{"city":"Anzin","state":"Nord","country":"France"},{"city":"Armentieres","state":"Nord","country":"France"},{"city":"Aulnoye-Aymeries","state":"Nord","country":"France"},{"city":"Bailleul","state":"Nord","country":"France"},{"city":"Bondues","state":"Nord","country":"France"},{"city":"Bruay-sur-l'Escaut","state":"Nord","country":"France"},{"city":"Cambrai","state":"Nord","country":"France"},{"city":"Cappelle-la-Grande","state":"Nord","country":"France"},{"city":"Caudry","state":"Nord","country":"France"},{"city":"Comines","state":"Nord","country":"France"},{"city":"Conde-sur-l'Escaut","state":"Nord","country":"France"},{"city":"Coudekerque-Branche","state":"Nord","country":"France"},{"city":"Croix","state":"Nord","country":"France"},{"city":"Denain","state":"Nord","country":"France"},{"city":"Douai","state":"Nord","country":"France"},{"city":"Douchy-les-Mines","state":"Nord","country":"France"},{"city":"Dunkerque","state":"Nord","country":"France"},{"city":"Escaudain","state":"Nord","country":"France"},{"city":"Fache-Thumesnil","state":"Nord","country":"France"},{"city":"Fourmies","state":"Nord","country":"France"},{"city":"Grande-Synthe","state":"Nord","country":"France"},{"city":"Graveline","state":"Nord","country":"France"},{"city":"Halluin","state":"Nord","country":"France"},{"city":"Haubourdin","state":"Nord","country":"France"},{"city":"Hautmont","state":"Nord","country":"France"},{"city":"Hazebrouck","state":"Nord","country":"France"},{"city":"Hem","state":"Nord","country":"France"},{"city":"Hulluch","state":"Nord","country":"France"},{"city":"Jeumont","state":"Nord","country":"France"},{"city":"La Madeleine","state":"Nord","country":"France"},{"city":"Lambersart","state":"Nord","country":"France"},{"city":"Leers","state":"Nord","country":"France"},{"city":"Lille","state":"Nord","country":"France"},{"city":"Lomme","state":"Nord","country":"France"},{"city":"Loos","state":"Nord","country":"France"},{"city":"Lys-lez-Lannoy","state":"Nord","country":"France"},{"city":"Marcq-en-Baroeul","state":"Nord","country":"France"},{"city":"Marennes","state":"Nord","country":"France"},{"city":"Marly","state":"Nord","country":"France"},{"city":"Marquette-lez-Lille","state":"Nord","country":"France"},{"city":"Maubeuge","state":"Nord","country":"France"},{"city":"Merville","state":"Nord","country":"France"},{"city":"Mons-en-Baroeul","state":"Nord","country":"France"},{"city":"Mouvaux","state":"Nord","country":"France"},{"city":"Neuville-en-Ferrain","state":"Nord","country":"France"},{"city":"Onnaing","state":"Nord","country":"France"},{"city":"Raismes","state":"Nord","country":"France"},{"city":"Ronchin","state":"Nord","country":"France"},{"city":"Roncq","state":"Nord","country":"France"},{"city":"Roubaix","state":"Nord","country":"France"},{"city":"Saint-Amand-les-Eaux","state":"Nord","country":"France"},{"city":"Saint-Andre-lez-Lille","state":"Nord","country":"France"},{"city":"Saint-Pol-sur-Mer","state":"Nord","country":"France"},{"city":"Saint-Saulve","state":"Nord","country":"France"},{"city":"Seclin","state":"Nord","country":"France"},{"city":"Sin-le-Noble","state":"Nord","country":"France"},{"city":"Somain","state":"Nord","country":"France"},{"city":"Tourcoing","state":"Nord","country":"France"},{"city":"Valenciennes","state":"Nord","country":"France"},{"city":"Vieux-Conde","state":"Nord","country":"France"},{"city":"Villeneuve-d'Ascq","state":"Nord","country":"France"},{"city":"Wasquehal","state":"Nord","country":"France"},{"city":"Wattignies","state":"Nord","country":"France"},{"city":"Wattrelos","state":"Nord","country":"France"},{"city":"Waziers","state":"Nord","country":"France"},{"city":"Esquelbecq","state":"Nord-Pas-de-Calais","country":"France"},{"city":"Beauvais","state":"Oise","country":"France"},{"city":"Chantilly","state":"Oise","country":"France"},{"city":"Clermont","state":"Oise","country":"France"},{"city":"Compiegne","state":"Oise","country":"France"},{"city":"Creil","state":"Oise","country":"France"},{"city":"Crepy-en-Valois","state":"Oise","country":"France"},{"city":"Gouvieux","state":"Oise","country":"France"},{"city":"Meru","state":"Oise","country":"France"},{"city":"Montataire","state":"Oise","country":"France"},{"city":"Nogent-sur-Oise","state":"Oise","country":"France"},{"city":"Noyon","state":"Oise","country":"France"},{"city":"Pont-Sainte-Maxence","state":"Oise","country":"France"},{"city":"Senlis","state":"Oise","country":"France"},{"city":"Alencon","state":"Orne","country":"France"},{"city":"Argentan","state":"Orne","country":"France"},{"city":"Flers","state":"Orne","country":"France"},{"city":"L'Aigle","state":"Orne","country":"France"},{"city":"Paris","state":"Paris","country":"France"},{"city":"Aire-sur-la-Lys","state":"Pas-de-Calais","country":"France"},{"city":"Arras","state":"Pas-de-Calais","country":"France"},{"city":"Auchel","state":"Pas-de-Calais","country":"France"},{"city":"Avion","state":"Pas-de-Calais","country":"France"},{"city":"Berck","state":"Pas-de-Calais","country":"France"},{"city":"Bethune","state":"Pas-de-Calais","country":"France"},{"city":"Boulogne-sur-Mer","state":"Pas-de-Calais","country":"France"},{"city":"Bruay-la-Brussiere","state":"Pas-de-Calais","country":"France"},{"city":"Bully-les-Mines","state":"Pas-de-Calais","country":"France"},{"city":"Calais","state":"Pas-de-Calais","country":"France"},{"city":"Carvin","state":"Pas-de-Calais","country":"France"},{"city":"Courrieres","state":"Pas-de-Calais","country":"France"},{"city":"Etaples","state":"Pas-de-Calais","country":"France"},{"city":"Harnes","state":"Pas-de-Calais","country":"France"},{"city":"Henin-Beaumont","state":"Pas-de-Calais","country":"France"},{"city":"Le Portel","state":"Pas-de-Calais","country":"France"},{"city":"Lens","state":"Pas-de-Calais","country":"France"},{"city":"Libercourt","state":"Pas-de-Calais","country":"France"},{"city":"Lievin","state":"Pas-de-Calais","country":"France"},{"city":"Lillers","state":"Pas-de-Calais","country":"France"},{"city":"Longuenesse","state":"Pas-de-Calais","country":"France"},{"city":"Marck","state":"Pas-de-Calais","country":"France"},{"city":"Mericourt","state":"Pas-de-Calais","country":"France"},{"city":"Montigny-en-Gohelle","state":"Pas-de-Calais","country":"France"},{"city":"Noeux-les-Mines","state":"Pas-de-Calais","country":"France"},{"city":"Oignies","state":"Pas-de-Calais","country":"France"},{"city":"Outreau","state":"Pas-de-Calais","country":"France"},{"city":"Rouvroy","state":"Pas-de-Calais","country":"France"},{"city":"Saint-Martin-Boulogne","state":"Pas-de-Calais","country":"France"},{"city":"Saint-Omer","state":"Pas-de-Calais","country":"France"},{"city":"Sallaumines","state":"Pas-de-Calais","country":"France"},{"city":"Vendin-le-Vieil","state":"Pas-de-Calais","country":"France"},{"city":"Loiron","state":"Pays-de-la-Loire","country":"France"},{"city":"Marolles-les-Braults","state":"Pays-de-la-Loire","country":"France"},{"city":"Mortagne-sur-Sevre","state":"Pays-de-la-Loire","country":"France"},{"city":"Mouzillon","state":"Pays-de-la-Loire","country":"France"},{"city":"Noirmoutier-en-l'\u00c3\u008ele","state":"Pays-de-la-Loire","country":"France"},{"city":"Friville","state":"Picardy","country":"France"},{"city":"Liancourt","state":"Picardy","country":"France"},{"city":"Maizy","state":"Picardy","country":"France"},{"city":"Oust-Marest","state":"Picardy","country":"France"},{"city":"Puiseux-le-Hauberger","state":"Picardy","country":"France"},{"city":"Saint-Crepin-Ibouvillers","state":"Picardy","country":"France"},{"city":"Aubiere","state":"Puy-de-Dome","country":"France"},{"city":"Beaumont","state":"Puy-de-Dome","country":"France"},{"city":"Chamalieres","state":"Puy-de-Dome","country":"France"},{"city":"Clermont-Ferrand","state":"Puy-de-Dome","country":"France"},{"city":"Cournon-d'Auvergne","state":"Puy-de-Dome","country":"France"},{"city":"Gerzat","state":"Puy-de-Dome","country":"France"},{"city":"Issoire","state":"Puy-de-Dome","country":"France"},{"city":"Riom","state":"Puy-de-Dome","country":"France"},{"city":"Thiers","state":"Puy-de-Dome","country":"France"},{"city":"Anglet","state":"Pyrenees-Atlantiques","country":"France"},{"city":"Bayonne","state":"Pyrenees-Atlantiques","country":"France"},{"city":"Biarritz","state":"Pyrenees-Atlantiques","country":"France"},{"city":"Billere","state":"Pyrenees-Atlantiques","country":"France"},{"city":"Hendaye","state":"Pyrenees-Atlantiques","country":"France"},{"city":"Lons","state":"Pyrenees-Atlantiques","country":"France"},{"city":"Oloron-Sainte-Marie","state":"Pyrenees-Atlantiques","country":"France"},{"city":"Orthez","state":"Pyrenees-Atlantiques","country":"France"},{"city":"Pau","state":"Pyrenees-Atlantiques","country":"France"},{"city":"Saint-Jean-de-Luz","state":"Pyrenees-Atlantiques","country":"France"},{"city":"Perpignan","state":"Pyrenees-Orientales","country":"France"},{"city":"Saint-Esteve","state":"Pyrenees-Orientales","country":"France"},{"city":"Quelmes","state":"Quelmes","country":"France"},{"city":"Brignais","state":"Rhone","country":"France"},{"city":"Bron","state":"Rhone","country":"France"},{"city":"Caluire-et-Cuire","state":"Rhone","country":"France"},{"city":"Decines-Charpieu","state":"Rhone","country":"France"},{"city":"Ecully","state":"Rhone","country":"France"},{"city":"Francheville","state":"Rhone","country":"France"},{"city":"Genas","state":"Rhone","country":"France"},{"city":"Genay","state":"Rhone","country":"France"},{"city":"Givors","state":"Rhone","country":"France"},{"city":"Lyon","state":"Rhone","country":"France"},{"city":"Meyzieu","state":"Rhone","country":"France"},{"city":"Mions","state":"Rhone","country":"France"},{"city":"Oullins","state":"Rhone","country":"France"},{"city":"Pierre-Benite","state":"Rhone","country":"France"},{"city":"Rillieux-la-Pape","state":"Rhone","country":"France"},{"city":"Saint-Fons","state":"Rhone","country":"France"},{"city":"Saint-Genis-Laval","state":"Rhone","country":"France"},{"city":"Saint-Priest","state":"Rhone","country":"France"},{"city":"Sainte-Foy-les-Lyon","state":"Rhone","country":"France"},{"city":"Tarare","state":"Rhone","country":"France"},{"city":"Tassin-la-Demi-Lune","state":"Rhone","country":"France"},{"city":"Vaulx-en-Velin","state":"Rhone","country":"France"},{"city":"Venissieux","state":"Rhone","country":"France"},{"city":"Villefranche-sur-Saone","state":"Rhone","country":"France"},{"city":"Villeurbanne","state":"Rhone","country":"France"},{"city":"Beauvoir-en-Royans","state":"Rhone-Alpes","country":"France"},{"city":"Belley","state":"Rhone-Alpes","country":"France"},{"city":"Bons-en-Chablais","state":"Rhone-Alpes","country":"France"},{"city":"Chalain-d'Uzore","state":"Rhone-Alpes","country":"France"},{"city":"Chassieu","state":"Rhone-Alpes","country":"France"},{"city":"Chavanod","state":"Rhone-Alpes","country":"France"},{"city":"Chazay-d-Azergues","state":"Rhone-Alpes","country":"France"},{"city":"Chimilin","state":"Rhone-Alpes","country":"France"},{"city":"Civrieux-d Azergues","state":"Rhone-Alpes","country":"France"},{"city":"Corbas","state":"Rhone-Alpes","country":"France"},{"city":"Courzieu","state":"Rhone-Alpes","country":"France"},{"city":"Dardilly","state":"Rhone-Alpes","country":"France"},{"city":"Guereins","state":"Rhone-Alpes","country":"France"},{"city":"Izernore","state":"Rhone-Alpes","country":"France"},{"city":"La Talaudiere","state":"Rhone-Alpes","country":"France"},{"city":"La Tronche","state":"Rhone-Alpes","country":"France"},{"city":"La Verpilliere","state":"Rhone-Alpes","country":"France"},{"city":"Le Cheylard","state":"Rhone-Alpes","country":"France"},{"city":"Le Cheylas","state":"Rhone-Alpes","country":"France"},{"city":"Mery","state":"Rhone-Alpes","country":"France"},{"city":"Moirans","state":"Rhone-Alpes","country":"France"},{"city":"Montalieu-Vercieu","state":"Rhone-Alpes","country":"France"},{"city":"Montmiral","state":"Rhone-Alpes","country":"France"},{"city":"Peronnas","state":"Rhone-Alpes","country":"France"},{"city":"Poncin","state":"Rhone-Alpes","country":"France"},{"city":"Quincie-en-Beaujolais","state":"Rhone-Alpes","country":"France"},{"city":"Saint-Quentin-sur-Isere","state":"Rhone-Alpes","country":"France"},{"city":"Sainte Agathe la Bouteresse","state":"Rhone-Alpes","country":"France"},{"city":"Sainte-Consorce","state":"Rhone-Alpes","country":"France"},{"city":"Sisteron","state":"Rhone-Alpes","country":"France"},{"city":"Trevoux","state":"Rhone-Alpes","country":"France"},{"city":"Villard-Bonnot","state":"Rhone-Alpes","country":"France"},{"city":"Autun","state":"Saone-et-Loire","country":"France"},{"city":"Chalon-sur-Saone","state":"Saone-et-Loire","country":"France"},{"city":"Digoin","state":"Saone-et-Loire","country":"France"},{"city":"Gueugnon","state":"Saone-et-Loire","country":"France"},{"city":"Le Creusot","state":"Saone-et-Loire","country":"France"},{"city":"Macon","state":"Saone-et-Loire","country":"France"},{"city":"Montceau-les-Mines","state":"Saone-et-Loire","country":"France"},{"city":"Paray-le-Monial","state":"Saone-et-Loire","country":"France"},{"city":"Saint-Vallier","state":"Saone-et-Loire","country":"France"},{"city":"Allonnes","state":"Sarthe","country":"France"},{"city":"La Ferte-Bernard","state":"Sarthe","country":"France"},{"city":"La Fleche","state":"Sarthe","country":"France"},{"city":"Le Mans","state":"Sarthe","country":"France"},{"city":"Sable-sur-Sarthe","state":"Sarthe","country":"France"},{"city":"Aix-les-Bains","state":"Savoie","country":"France"},{"city":"Albertville","state":"Savoie","country":"France"},{"city":"Chambery","state":"Savoie","country":"France"},{"city":"La Motte-Servolex","state":"Savoie","country":"France"},{"city":"Saint-Jean-de-Maurienne","state":"Savoie","country":"France"},{"city":"Barentin","state":"Seine-Maritime","country":"France"},{"city":"Bihorel","state":"Seine-Maritime","country":"France"},{"city":"Bois-Guillaume","state":"Seine-Maritime","country":"France"},{"city":"Bolbec","state":"Seine-Maritime","country":"France"},{"city":"Canteleu","state":"Seine-Maritime","country":"France"},{"city":"Caudebec-les-Elbeuf","state":"Seine-Maritime","country":"France"},{"city":"Darnetal","state":"Seine-Maritime","country":"France"},{"city":"Deville-les-Rouen","state":"Seine-Maritime","country":"France"},{"city":"Dieppe","state":"Seine-Maritime","country":"France"},{"city":"Elbeuf","state":"Seine-Maritime","country":"France"},{"city":"Fecamp","state":"Seine-Maritime","country":"France"},{"city":"Gonfreville-l'Orcher","state":"Seine-Maritime","country":"France"},{"city":"Grand-Couronne","state":"Seine-Maritime","country":"France"},{"city":"Harfleur","state":"Seine-Maritime","country":"France"},{"city":"Le Grand-Quevilly","state":"Seine-Maritime","country":"France"},{"city":"Le Havre","state":"Seine-Maritime","country":"France"},{"city":"Le Petit-Quevilly","state":"Seine-Maritime","country":"France"},{"city":"Lillebonne","state":"Seine-Maritime","country":"France"},{"city":"Maromme","state":"Seine-Maritime","country":"France"},{"city":"Mont-Saint-Aignan","state":"Seine-Maritime","country":"France"},{"city":"Montivilliers","state":"Seine-Maritime","country":"France"},{"city":"Notre-Dame-de-Gravenchon","state":"Seine-Maritime","country":"France"},{"city":"Oissel","state":"Seine-Maritime","country":"France"},{"city":"Rouen","state":"Seine-Maritime","country":"France"},{"city":"Saint-Etienne-du-Rouvray","state":"Seine-Maritime","country":"France"},{"city":"Sotteville-les-Rouen","state":"Seine-Maritime","country":"France"},{"city":"Yvetot","state":"Seine-Maritime","country":"France"},{"city":"Aubervillers","state":"Seine-Saint-Denis","country":"France"},{"city":"Aulnay-sous-Bois","state":"Seine-Saint-Denis","country":"France"},{"city":"Bagnolet","state":"Seine-Saint-Denis","country":"France"},{"city":"Bobigny","state":"Seine-Saint-Denis","country":"France"},{"city":"Bondy","state":"Seine-Saint-Denis","country":"France"},{"city":"Clichy-sous-Bois","state":"Seine-Saint-Denis","country":"France"},{"city":"Drancy","state":"Seine-Saint-Denis","country":"France"},{"city":"Epinay-sur-Seine","state":"Seine-Saint-Denis","country":"France"},{"city":"Gagny","state":"Seine-Saint-Denis","country":"France"},{"city":"La Courneuve","state":"Seine-Saint-Denis","country":"France"},{"city":"Le Blanc-Mesnil","state":"Seine-Saint-Denis","country":"France"},{"city":"Le Bourget","state":"Seine-Saint-Denis","country":"France"},{"city":"Le Pre-Saint-Gervais","state":"Seine-Saint-Denis","country":"France"},{"city":"Le Raincy","state":"Seine-Saint-Denis","country":"France"},{"city":"Les Lilas","state":"Seine-Saint-Denis","country":"France"},{"city":"Les Pavillons-sous-Bois","state":"Seine-Saint-Denis","country":"France"},{"city":"Livry-Gargan","state":"Seine-Saint-Denis","country":"France"},{"city":"Montfermeil","state":"Seine-Saint-Denis","country":"France"},{"city":"Montreuil","state":"Seine-Saint-Denis","country":"France"},{"city":"Neuilly-Plaisance","state":"Seine-Saint-Denis","country":"France"},{"city":"Neuilly-sur-Marne","state":"Seine-Saint-Denis","country":"France"},{"city":"Noisy-le-Grand","state":"Seine-Saint-Denis","country":"France"},{"city":"Noisy-le-Sec","state":"Seine-Saint-Denis","country":"France"},{"city":"Pantin","state":"Seine-Saint-Denis","country":"France"},{"city":"Pierrefitte-sur-Seine","state":"Seine-Saint-Denis","country":"France"},{"city":"Romainville","state":"Seine-Saint-Denis","country":"France"},{"city":"Rosny-sous-Bois","state":"Seine-Saint-Denis","country":"France"},{"city":"Saint-Denis","state":"Seine-Saint-Denis","country":"France"},{"city":"Saint-Ouen","state":"Seine-Saint-Denis","country":"France"},{"city":"Sevran","state":"Seine-Saint-Denis","country":"France"},{"city":"Stains","state":"Seine-Saint-Denis","country":"France"},{"city":"Tremblay-en-France","state":"Seine-Saint-Denis","country":"France"},{"city":"Villemomble","state":"Seine-Saint-Denis","country":"France"},{"city":"Villepinte","state":"Seine-Saint-Denis","country":"France"},{"city":"Villetaneuse","state":"Seine-Saint-Denis","country":"France"},{"city":"Avon","state":"Seine-et-Marne","country":"France"},{"city":"Brie-Comte-Robert","state":"Seine-et-Marne","country":"France"},{"city":"Champs-sur-Marne","state":"Seine-et-Marne","country":"France"},{"city":"Chelles","state":"Seine-et-Marne","country":"France"},{"city":"Claye-Souilly","state":"Seine-et-Marne","country":"France"},{"city":"Combs-la-Ville","state":"Seine-et-Marne","country":"France"},{"city":"Coulommiers","state":"Seine-et-Marne","country":"France"},{"city":"Dammarie-les-Lys","state":"Seine-et-Marne","country":"France"},{"city":"Fontainebleau","state":"Seine-et-Marne","country":"France"},{"city":"Lagny-sur-Marne","state":"Seine-et-Marne","country":"France"},{"city":"Le Mee-sur-Seine","state":"Seine-et-Marne","country":"France"},{"city":"Lognes","state":"Seine-et-Marne","country":"France"},{"city":"Meaux","state":"Seine-et-Marne","country":"France"},{"city":"Melun","state":"Seine-et-Marne","country":"France"},{"city":"Mitry-Mory","state":"Seine-et-Marne","country":"France"},{"city":"Moissy-Cramayel","state":"Seine-et-Marne","country":"France"},{"city":"Montereau-Fault-Yonne","state":"Seine-et-Marne","country":"France"},{"city":"Nemours","state":"Seine-et-Marne","country":"France"},{"city":"Noisiel","state":"Seine-et-Marne","country":"France"},{"city":"Ozoir-la-Ferriere","state":"Seine-et-Marne","country":"France"},{"city":"Pontault-Combault","state":"Seine-et-Marne","country":"France"},{"city":"Provins","state":"Seine-et-Marne","country":"France"},{"city":"Roissy-en-Brie","state":"Seine-et-Marne","country":"France"},{"city":"Saint-Fargeau-Ponthierry","state":"Seine-et-Marne","country":"France"},{"city":"Savigny-le-Temple","state":"Seine-et-Marne","country":"France"},{"city":"Torcy","state":"Seine-et-Marne","country":"France"},{"city":"Vaires-sur-Marne","state":"Seine-et-Marne","country":"France"},{"city":"Veneux","state":"Seine-et-Marne","country":"France"},{"city":"Villeparisis","state":"Seine-et-Marne","country":"France"},{"city":"Abbeville","state":"Somme","country":"France"},{"city":"Albert","state":"Somme","country":"France"},{"city":"Amiens","state":"Somme","country":"France"},{"city":"Souvans","state":"Souvans","country":"France"},{"city":"Albi","state":"Tarn","country":"France"},{"city":"Carmaux","state":"Tarn","country":"France"},{"city":"Castres","state":"Tarn","country":"France"},{"city":"Gaillac","state":"Tarn","country":"France"},{"city":"Graulhet","state":"Tarn","country":"France"},{"city":"Mazamet","state":"Tarn","country":"France"},{"city":"Castelsarassin","state":"Tarn-et-Garonne","country":"France"},{"city":"Moissac","state":"Tarn-et-Garonne","country":"France"},{"city":"Montauban","state":"Tarn-et-Garonne","country":"France"},{"city":"Chamberet","state":"Treignac","country":"France"},{"city":"Argenteuil","state":"Val-d'Oise","country":"France"},{"city":"Arnouville-les-Gonesse","state":"Val-d'Oise","country":"France"},{"city":"Beauchamps","state":"Val-d'Oise","country":"France"},{"city":"Bezons","state":"Val-d'Oise","country":"France"},{"city":"Cergy","state":"Val-d'Oise","country":"France"},{"city":"Cormeilles-en-Parisis","state":"Val-d'Oise","country":"France"},{"city":"Deuil-la-Barre","state":"Val-d'Oise","country":"France"},{"city":"Domont","state":"Val-d'Oise","country":"France"},{"city":"Eaubonne","state":"Val-d'Oise","country":"France"},{"city":"Enghien-les-Bains","state":"Val-d'Oise","country":"France"},{"city":"Eragny","state":"Val-d'Oise","country":"France"},{"city":"Ermont","state":"Val-d'Oise","country":"France"},{"city":"Ezanville","state":"Val-d'Oise","country":"France"},{"city":"Fosses","state":"Val-d'Oise","country":"France"},{"city":"Franconville","state":"Val-d'Oise","country":"France"},{"city":"Garges-les-Gonesse","state":"Val-d'Oise","country":"France"},{"city":"Gonesse","state":"Val-d'Oise","country":"France"},{"city":"Goussainville","state":"Val-d'Oise","country":"France"},{"city":"Herblay","state":"Val-d'Oise","country":"France"},{"city":"Jouy-le-Moutier","state":"Val-d'Oise","country":"France"},{"city":"L'Isle-Adam","state":"Val-d'Oise","country":"France"},{"city":"Montigny-les-Cormeilles","state":"Val-d'Oise","country":"France"},{"city":"Montmagny","state":"Val-d'Oise","country":"France"},{"city":"Montmorency","state":"Val-d'Oise","country":"France"},{"city":"Osny","state":"Val-d'Oise","country":"France"},{"city":"Persan","state":"Val-d'Oise","country":"France"},{"city":"Pontoise","state":"Val-d'Oise","country":"France"},{"city":"Saint-Brice-sous-Foret","state":"Val-d'Oise","country":"France"},{"city":"Saint-Gratien","state":"Val-d'Oise","country":"France"},{"city":"Saint-Leu-la-Foret","state":"Val-d'Oise","country":"France"},{"city":"Saint-Ouen-l'Aumone","state":"Val-d'Oise","country":"France"},{"city":"Sannois","state":"Val-d'Oise","country":"France"},{"city":"Sarcelles","state":"Val-d'Oise","country":"France"},{"city":"Soisy-sous-Montmorency","state":"Val-d'Oise","country":"France"},{"city":"Taverny","state":"Val-d'Oise","country":"France"},{"city":"Vaureal","state":"Val-d'Oise","country":"France"},{"city":"Villiers-le-Bel","state":"Val-d'Oise","country":"France"},{"city":"Alfortville","state":"Val-de-Marne","country":"France"},{"city":"Arcueil","state":"Val-de-Marne","country":"France"},{"city":"Boissy-Saint-Leger","state":"Val-de-Marne","country":"France"},{"city":"Bonneuil","state":"Val-de-Marne","country":"France"},{"city":"Bry-sur-Marne","state":"Val-de-Marne","country":"France"},{"city":"Cachan","state":"Val-de-Marne","country":"France"},{"city":"Champigny-sur-Marne","state":"Val-de-Marne","country":"France"},{"city":"Charenton-le-Pont","state":"Val-de-Marne","country":"France"},{"city":"Chennevieres-sur-Marne","state":"Val-de-Marne","country":"France"},{"city":"Chevilly-Larue","state":"Val-de-Marne","country":"France"},{"city":"Choisy-le-Roi","state":"Val-de-Marne","country":"France"},{"city":"Creteil","state":"Val-de-Marne","country":"France"},{"city":"Fontenay-sous-Bois","state":"Val-de-Marne","country":"France"},{"city":"Fresnes","state":"Val-de-Marne","country":"France"},{"city":"Gentilly","state":"Val-de-Marne","country":"France"},{"city":"Ivry-sur-Seine","state":"Val-de-Marne","country":"France"},{"city":"Joinville-le-Pont","state":"Val-de-Marne","country":"France"},{"city":"L'Hay-les-Roses","state":"Val-de-Marne","country":"France"},{"city":"La Queue-en-Brie","state":"Val-de-Marne","country":"France"},{"city":"Le Kremlin-Bicetre","state":"Val-de-Marne","country":"France"},{"city":"Le Perreux-sur-Marne","state":"Val-de-Marne","country":"France"},{"city":"Le Plessis-Trevise","state":"Val-de-Marne","country":"France"},{"city":"Limeil-Brevannes","state":"Val-de-Marne","country":"France"},{"city":"Maisons-Alfort","state":"Val-de-Marne","country":"France"},{"city":"Nogent-sur-Marne","state":"Val-de-Marne","country":"France"},{"city":"Orly","state":"Val-de-Marne","country":"France"},{"city":"Ormesson-sur-Marne","state":"Val-de-Marne","country":"France"},{"city":"Saint-Mande","state":"Val-de-Marne","country":"France"},{"city":"Saint-Maur-des-Fosses","state":"Val-de-Marne","country":"France"},{"city":"Saint-Maurice","state":"Val-de-Marne","country":"France"},{"city":"Sucy-en-Brie","state":"Val-de-Marne","country":"France"},{"city":"Thiais","state":"Val-de-Marne","country":"France"},{"city":"Valenton","state":"Val-de-Marne","country":"France"},{"city":"Villejuif","state":"Val-de-Marne","country":"France"},{"city":"Villeneuve-Saint-Georges","state":"Val-de-Marne","country":"France"},{"city":"Villeneuve-le-Roi","state":"Val-de-Marne","country":"France"},{"city":"Villiers-sur-Marne","state":"Val-de-Marne","country":"France"},{"city":"Vincennes","state":"Val-de-Marne","country":"France"},{"city":"Vitry-sur-Seine","state":"Val-de-Marne","country":"France"},{"city":"Brignoles","state":"Var","country":"France"},{"city":"Draguignan","state":"Var","country":"France"},{"city":"Frejus","state":"Var","country":"France"},{"city":"Hyeres","state":"Var","country":"France"},{"city":"La Crau","state":"Var","country":"France"},{"city":"La Garde","state":"Var","country":"France"},{"city":"La Seyne-sur-Mer","state":"Var","country":"France"},{"city":"La Valette-du-Var","state":"Var","country":"France"},{"city":"Le Pradet","state":"Var","country":"France"},{"city":"Ollioules","state":"Var","country":"France"},{"city":"Roquebrune-sur-Argens","state":"Var","country":"France"},{"city":"Saint-Maximin-la-Sainte-Baume","state":"Var","country":"France"},{"city":"Saint-Raphael","state":"Var","country":"France"},{"city":"Sainte-Maxime","state":"Var","country":"France"},{"city":"Sanary-sur-Mer","state":"Var","country":"France"},{"city":"Six-Fours-les-Plages","state":"Var","country":"France"},{"city":"Sollies-Pont","state":"Var","country":"France"},{"city":"Toulon","state":"Var","country":"France"},{"city":"Apt","state":"Vaucluse","country":"France"},{"city":"Avignon","state":"Vaucluse","country":"France"},{"city":"Bollene","state":"Vaucluse","country":"France"},{"city":"Carpentras","state":"Vaucluse","country":"France"},{"city":"Cavaillon","state":"Vaucluse","country":"France"},{"city":"L'Isle-sur-la-Sorgue","state":"Vaucluse","country":"France"},{"city":"Le Pontet","state":"Vaucluse","country":"France"},{"city":"Orange","state":"Vaucluse","country":"France"},{"city":"Pertuis","state":"Vaucluse","country":"France"},{"city":"Sorgues","state":"Vaucluse","country":"France"},{"city":"Valreas","state":"Vaucluse","country":"France"},{"city":"Vellise","state":"Vellise","country":"France"},{"city":"Challans","state":"Vendee","country":"France"},{"city":"Chateau-d'Olonne","state":"Vendee","country":"France"},{"city":"Fontenay-le-Comte","state":"Vendee","country":"France"},{"city":"La Chasnis","state":"Vendee","country":"France"},{"city":"La Roche-sur-Yon","state":"Vendee","country":"France"},{"city":"Les Herbiers","state":"Vendee","country":"France"},{"city":"Les Sables-d'Olonne","state":"Vendee","country":"France"},{"city":"Longeville-sur-Mer","state":"Vendee","country":"France"},{"city":"Chatellerault","state":"Vienne","country":"France"},{"city":"Poitiers","state":"Vienne","country":"France"},{"city":"Epinal","state":"Vosges","country":"France"},{"city":"Gerardmer","state":"Vosges","country":"France"},{"city":"Remiremont","state":"Vosges","country":"France"},{"city":"Saint-Die","state":"Vosges","country":"France"},{"city":"Auxerre","state":"Yonne","country":"France"},{"city":"Avallon","state":"Yonne","country":"France"},{"city":"Joigny","state":"Yonne","country":"France"},{"city":"Sens","state":"Yonne","country":"France"},{"city":"Acheres","state":"Yvelines","country":"France"},{"city":"Andresy","state":"Yvelines","country":"France"},{"city":"Aubergenville","state":"Yvelines","country":"France"},{"city":"Bois-d'Arcy","state":"Yvelines","country":"France"},{"city":"Carrieres-sous-Poissy","state":"Yvelines","country":"France"},{"city":"Carrieres-sur-Seine","state":"Yvelines","country":"France"},{"city":"Chanteloup-les-Vignes","state":"Yvelines","country":"France"},{"city":"Chatou","state":"Yvelines","country":"France"},{"city":"Conflans-Sainte-Honorine","state":"Yvelines","country":"France"},{"city":"Croissy-sur-Seine","state":"Yvelines","country":"France"},{"city":"Elancourt","state":"Yvelines","country":"France"},{"city":"Fontenay-le-Fleury","state":"Yvelines","country":"France"},{"city":"Guyancourt","state":"Yvelines","country":"France"},{"city":"Houilles","state":"Yvelines","country":"France"},{"city":"La Celle-Saint-Cloud","state":"Yvelines","country":"France"},{"city":"Le Chesnay","state":"Yvelines","country":"France"},{"city":"Le Pecq","state":"Yvelines","country":"France"},{"city":"Le Vesinet","state":"Yvelines","country":"France"},{"city":"Les Clayes-sous-Bois","state":"Yvelines","country":"France"},{"city":"Les Mureaux","state":"Yvelines","country":"France"},{"city":"Limay","state":"Yvelines","country":"France"},{"city":"Maisons-Laffitte","state":"Yvelines","country":"France"},{"city":"Mantes-la-Jolie","state":"Yvelines","country":"France"},{"city":"Mantes-la-Ville","state":"Yvelines","country":"France"},{"city":"Marly-le-Roi","state":"Yvelines","country":"France"},{"city":"Maurepas","state":"Yvelines","country":"France"},{"city":"Montesson","state":"Yvelines","country":"France"},{"city":"Montigny-le-Bretonneux","state":"Yvelines","country":"France"},{"city":"Plaisir","state":"Yvelines","country":"France"},{"city":"Poissy","state":"Yvelines","country":"France"},{"city":"Rambouillet","state":"Yvelines","country":"France"},{"city":"Saint-Cyr-l'Ecole","state":"Yvelines","country":"France"},{"city":"Saint-Germain-en-Laye","state":"Yvelines","country":"France"},{"city":"Sartrouville","state":"Yvelines","country":"France"},{"city":"Trappes","state":"Yvelines","country":"France"},{"city":"Triel-sur-Seine","state":"Yvelines","country":"France"},{"city":"Velizy-Villacoublay","state":"Yvelines","country":"France"},{"city":"Verneuil-sur-Seine","state":"Yvelines","country":"France"},{"city":"Versailles","state":"Yvelines","country":"France"},{"city":"Viroflay","state":"Yvelines","country":"France"},{"city":"Voisins-le-Bretonneux","state":"Yvelines","country":"France"}]