[{"city":"La Ceiba","state":"Atlantida","country":"Honduras"},{"city":"Olanchito","state":"Atlantida","country":"Honduras"},{"city":"Tela","state":"Atlantida","country":"Honduras"},{"city":"Choluteca","state":"Choluteca","country":"Honduras"},{"city":"El Triunfo","state":"Choluteca","country":"Honduras"},{"city":"Pespire","state":"Choluteca","country":"Honduras"},{"city":"Sonaguera","state":"Colon","country":"Honduras"},{"city":"Tocoa","state":"Colon","country":"Honduras"},{"city":"Trujillo","state":"Colon","country":"Honduras"},{"city":"Comayagua","state":"Comayagua","country":"Honduras"},{"city":"Siguatepeque","state":"Comayagua","country":"Honduras"},{"city":"Copan","state":"Copan","country":"Honduras"},{"city":"Corquin","state":"Copan","country":"Honduras"},{"city":"Dulce Nombre","state":"Copan","country":"Honduras"},{"city":"El Paraiso","state":"Copan","country":"Honduras"},{"city":"San Antonio","state":"Copan","country":"Honduras"},{"city":"San Nicolas","state":"Copan","country":"Honduras"},{"city":"Santa Rosa de Copan","state":"Copan","country":"Honduras"},{"city":"Choloma","state":"Cortes","country":"Honduras"},{"city":"La Lima","state":"Cortes","country":"Honduras"},{"city":"Omoa","state":"Cortes","country":"Honduras"},{"city":"Puerto Cortes","state":"Cortes","country":"Honduras"},{"city":"San Pedro Sula","state":"Cortes","country":"Honduras"},{"city":"Intibuca","state":"Intibuca","country":"Honduras"},{"city":"La Esperanza","state":"Intibuca","country":"Honduras"},{"city":"Utila","state":"Intibuca","country":"Honduras"},{"city":"Gracias","state":"Lempira","country":"Honduras"},{"city":"Ocotepeque","state":"Ocotepeque","country":"Honduras"},{"city":"San Marcos","state":"Ocotepeque","country":"Honduras"},{"city":"Sinuapa","state":"Ocotepeque","country":"Honduras"},{"city":"Catacamas","state":"Olancho","country":"Honduras"},{"city":"Juticalpa","state":"Olancho","country":"Honduras"},{"city":"Amapala","state":"Valle","country":"Honduras"},{"city":"Langue","state":"Valle","country":"Honduras"},{"city":"Nacaome","state":"Valle","country":"Honduras"},{"city":"San Lorenzo","state":"Valle","country":"Honduras"},{"city":"El Progreso","state":"Yoro","country":"Honduras"},{"city":"Morazan","state":"Yoro","country":"Honduras"},{"city":"Santa Rita","state":"Yoro","country":"Honduras"},{"city":"Yoro","state":"Yoro","country":"Honduras"}]