[{"city":"Marcory","state":"Abidjan","country":"Cote D'Ivoire (Ivory Coast)"},{"city":"Adzope","state":"Agneby","country":"Cote D'Ivoire (Ivory Coast)"},{"city":"Affery","state":"Agneby","country":"Cote D'Ivoire (Ivory Coast)"},{"city":"Agboville","state":"Agneby","country":"Cote D'Ivoire (Ivory Coast)"},{"city":"Akoupe","state":"Agneby","country":"Cote D'Ivoire (Ivory Coast)"},{"city":"Rubino","state":"Agneby","country":"Cote D'Ivoire (Ivory Coast)"},{"city":"Touba","state":"Bafing","country":"Cote D'Ivoire (Ivory Coast)"},{"city":"Bako","state":"Denguele","country":"Cote D'Ivoire (Ivory Coast)"},{"city":"Odienne","state":"Denguele","country":"Cote D'Ivoire (Ivory Coast)"},{"city":"Gagnoa","state":"Fromager","country":"Cote D'Ivoire (Ivory Coast)"},{"city":"Guiberoua","state":"Fromager","country":"Cote D'Ivoire (Ivory Coast)"},{"city":"Hire","state":"Fromager","country":"Cote D'Ivoire (Ivory Coast)"},{"city":"Ndouci","state":"Fromager","country":"Cote D'Ivoire (Ivory Coast)"},{"city":"Oume","state":"Fromager","country":"Cote D'Ivoire (Ivory Coast)"},{"city":"Ouragahio","state":"Fromager","country":"Cote D'Ivoire (Ivory Coast)"},{"city":"Daloa","state":"Haut-Sassandra","country":"Cote D'Ivoire (Ivory Coast)"},{"city":"Issia","state":"Haut-Sassandra","country":"Cote D'Ivoire (Ivory Coast)"},{"city":"Vavoua","state":"Haut-Sassandra","country":"Cote D'Ivoire (Ivory Coast)"},{"city":"Ndiekro","state":"Lacs","country":"Cote D'Ivoire (Ivory Coast)"},{"city":"Tiebissou","state":"Lacs","country":"Cote D'Ivoire (Ivory Coast)"},{"city":"Toumodi","state":"Lacs","country":"Cote D'Ivoire (Ivory Coast)"},{"city":"Yamoussoukro","state":"Lacs","country":"Cote D'Ivoire (Ivory Coast)"},{"city":"Abidjan","state":"Lagunes","country":"Cote D'Ivoire (Ivory Coast)"},{"city":"Alepe","state":"Lagunes","country":"Cote D'Ivoire (Ivory Coast)"},{"city":"Anyama","state":"Lagunes","country":"Cote D'Ivoire (Ivory Coast)"},{"city":"Bingerville","state":"Lagunes","country":"Cote D'Ivoire (Ivory Coast)"},{"city":"Dabou","state":"Lagunes","country":"Cote D'Ivoire (Ivory Coast)"},{"city":"Grand-Lahou","state":"Lagunes","country":"Cote D'Ivoire (Ivory Coast)"},{"city":"Jacqueville","state":"Lagunes","country":"Cote D'Ivoire (Ivory Coast)"},{"city":"Tiassale","state":"Lagunes","country":"Cote D'Ivoire (Ivory Coast)"},{"city":"Bouafle","state":"Marahoue","country":"Cote D'Ivoire (Ivory Coast)"},{"city":"Sinfra","state":"Marahoue","country":"Cote D'Ivoire (Ivory Coast)"},{"city":"Zuenoula","state":"Marahoue","country":"Cote D'Ivoire (Ivory Coast)"},{"city":"Duekoue","state":"Moyen-Cavally","country":"Cote D'Ivoire (Ivory Coast)"},{"city":"Guiglo","state":"Moyen-Cavally","country":"Cote D'Ivoire (Ivory Coast)"},{"city":"Toulepleu","state":"Moyen-Cavally","country":"Cote D'Ivoire (Ivory Coast)"},{"city":"Abengourou","state":"Moyen-Comoe","country":"Cote D'Ivoire (Ivory Coast)"},{"city":"Agnibilekrou","state":"Moyen-Comoe","country":"Cote D'Ivoire (Ivory Coast)"},{"city":"Arrah","state":"N'zi-Comoe","country":"Cote D'Ivoire (Ivory Coast)"},{"city":"Bocanda","state":"N'zi-Comoe","country":"Cote D'Ivoire (Ivory Coast)"},{"city":"Bongouanou","state":"N'zi-Comoe","country":"Cote D'Ivoire (Ivory Coast)"},{"city":"Daoukro","state":"N'zi-Comoe","country":"Cote D'Ivoire (Ivory Coast)"},{"city":"Dimbokro","state":"N'zi-Comoe","country":"Cote D'Ivoire (Ivory Coast)"},{"city":"M'bahiakro","state":"N'zi-Comoe","country":"Cote D'Ivoire (Ivory Coast)"},{"city":"Mbatto","state":"N'zi-Comoe","country":"Cote D'Ivoire (Ivory Coast)"},{"city":"N'zi-Comoe","state":"N'zi-Comoe","country":"Cote D'Ivoire (Ivory Coast)"},{"city":"San-Pedro","state":"Sassandra","country":"Cote D'Ivoire (Ivory Coast)"},{"city":"Sassandra","state":"Sassandra","country":"Cote D'Ivoire (Ivory Coast)"},{"city":"Soubre","state":"Sassandra","country":"Cote D'Ivoire (Ivory Coast)"},{"city":"Tabou","state":"Sassandra","country":"Cote D'Ivoire (Ivory Coast)"},{"city":"Boundiali","state":"Savanes","country":"Cote D'Ivoire (Ivory Coast)"},{"city":"Dikodougou","state":"Savanes","country":"Cote D'Ivoire (Ivory Coast)"},{"city":"Ferkessedougou","state":"Savanes","country":"Cote D'Ivoire (Ivory Coast)"},{"city":"Korhogo","state":"Savanes","country":"Cote D'Ivoire (Ivory Coast)"},{"city":"Tingrela","state":"Savanes","country":"Cote D'Ivoire (Ivory Coast)"},{"city":"Divo","state":"Sud-Bandama","country":"Cote D'Ivoire (Ivory Coast)"},{"city":"Fresco","state":"Sud-Bandama","country":"Cote D'Ivoire (Ivory Coast)"},{"city":"Lakota","state":"Sud-Bandama","country":"Cote D'Ivoire (Ivory Coast)"},{"city":"Aboisso","state":"Sud-Comoe","country":"Cote D'Ivoire (Ivory Coast)"},{"city":"Adiake","state":"Sud-Comoe","country":"Cote D'Ivoire (Ivory Coast)"},{"city":"Ayame","state":"Sud-Comoe","country":"Cote D'Ivoire (Ivory Coast)"},{"city":"Bonoua","state":"Sud-Comoe","country":"Cote D'Ivoire (Ivory Coast)"},{"city":"Grand Bassam","state":"Sud-Comoe","country":"Cote D'Ivoire (Ivory Coast)"},{"city":"Kani","state":"Worodougou","country":"Cote D'Ivoire (Ivory Coast)"},{"city":"Mankono","state":"Worodougou","country":"Cote D'Ivoire (Ivory Coast)"},{"city":"Seguela","state":"Worodougou","country":"Cote D'Ivoire (Ivory Coast)"},{"city":"Bondoukou","state":"Zanzan","country":"Cote D'Ivoire (Ivory Coast)"},{"city":"Bouna","state":"Zanzan","country":"Cote D'Ivoire (Ivory Coast)"},{"city":"Tanda","state":"Zanzan","country":"Cote D'Ivoire (Ivory Coast)"}]