[{"city":"Gilgil","state":"Central","country":"Kenya"},{"city":"Karatina","state":"Central","country":"Kenya"},{"city":"Kiambu","state":"Central","country":"Kenya"},{"city":"Kijabe","state":"Central","country":"Kenya"},{"city":"Kikuyu","state":"Central","country":"Kenya"},{"city":"Limuru","state":"Central","country":"Kenya"},{"city":"Maragua","state":"Central","country":"Kenya"},{"city":"Muranga","state":"Central","country":"Kenya"},{"city":"Nyeri","state":"Central","country":"Kenya"},{"city":"Ruiru","state":"Central","country":"Kenya"},{"city":"Sagana","state":"Central","country":"Kenya"},{"city":"Thika","state":"Central","country":"Kenya"},{"city":"Vanga","state":"Central","country":"Kenya"},{"city":"Changamwe","state":"Coast","country":"Kenya"},{"city":"Garsen","state":"Coast","country":"Kenya"},{"city":"Gazi","state":"Coast","country":"Kenya"},{"city":"Hola","state":"Coast","country":"Kenya"},{"city":"Kaloleni","state":"Coast","country":"Kenya"},{"city":"Kilifi","state":"Coast","country":"Kenya"},{"city":"Kinango","state":"Coast","country":"Kenya"},{"city":"Kipini","state":"Coast","country":"Kenya"},{"city":"Kwale","state":"Coast","country":"Kenya"},{"city":"Lamu","state":"Coast","country":"Kenya"},{"city":"Malindi","state":"Coast","country":"Kenya"},{"city":"Mambrui","state":"Coast","country":"Kenya"},{"city":"Mombasa","state":"Coast","country":"Kenya"},{"city":"Sawasawa","state":"Coast","country":"Kenya"},{"city":"Shimoni","state":"Coast","country":"Kenya"},{"city":"Takaungu","state":"Coast","country":"Kenya"},{"city":"Taveta","state":"Coast","country":"Kenya"},{"city":"Voi","state":"Coast","country":"Kenya"},{"city":"Witu","state":"Coast","country":"Kenya"},{"city":"Wundanyi","state":"Coast","country":"Kenya"},{"city":"Athi River","state":"Eastern","country":"Kenya"},{"city":"Chuka","state":"Eastern","country":"Kenya"},{"city":"Embu","state":"Eastern","country":"Kenya"},{"city":"Isiolo","state":"Eastern","country":"Kenya"},{"city":"Kangonde","state":"Eastern","country":"Kenya"},{"city":"Kitui","state":"Eastern","country":"Kenya"},{"city":"Machakos","state":"Eastern","country":"Kenya"},{"city":"Mado Gashi","state":"Eastern","country":"Kenya"},{"city":"Marsabit","state":"Eastern","country":"Kenya"},{"city":"Meru","state":"Eastern","country":"Kenya"},{"city":"Moyale","state":"Eastern","country":"Kenya"},{"city":"Mutomo","state":"Eastern","country":"Kenya"},{"city":"Nairobi","state":"Nairobi","country":"Kenya"},{"city":"Homa Bay","state":"Nyanza","country":"Kenya"},{"city":"Kisii","state":"Nyanza","country":"Kenya"},{"city":"Kisumu","state":"Nyanza","country":"Kenya"},{"city":"Migori","state":"Nyanza","country":"Kenya"},{"city":"Bungoma","state":"Western","country":"Kenya"},{"city":"Busia","state":"Western","country":"Kenya"},{"city":"Kakamega","state":"Western","country":"Kenya"},{"city":"Mumias","state":"Western","country":"Kenya"},{"city":"Webuye","state":"Western","country":"Kenya"}]