[{"city":"Aizkraukle","state":"Aizkraukles","country":"Latvia"},{"city":"Jaunjelgava","state":"Aizkraukles","country":"Latvia"},{"city":"Plavinas","state":"Aizkraukles","country":"Latvia"},{"city":"Aluksne","state":"Aluksnes","country":"Latvia"},{"city":"Ape","state":"Aluksnes","country":"Latvia"},{"city":"Balvi","state":"Balvu","country":"Latvia"},{"city":"Vilaka","state":"Balvu","country":"Latvia"},{"city":"Bauska","state":"Bauskas","country":"Latvia"},{"city":"Cesis","state":"Cesu","country":"Latvia"},{"city":"Ligatne","state":"Cesu","country":"Latvia"},{"city":"Ilukste","state":"Daugavpils","country":"Latvia"},{"city":"Subate","state":"Daugavpils","country":"Latvia"},{"city":"Ilukste","state":"Daugavpils City","country":"Latvia"},{"city":"Subate","state":"Daugavpils City","country":"Latvia"},{"city":"Auce","state":"Dobeles","country":"Latvia"},{"city":"Dobele","state":"Dobeles","country":"Latvia"},{"city":"Gulbene","state":"Gulbenes","country":"Latvia"},{"city":"Akniste","state":"Jekabspils","country":"Latvia"},{"city":"Jekabspils","state":"Jekabspils","country":"Latvia"},{"city":"Viesite","state":"Jekabspils","country":"Latvia"},{"city":"Jelgava","state":"Jelgava","country":"Latvia"},{"city":"Kalnciems","state":"Jelgavas","country":"Latvia"},{"city":"Dagda","state":"Kraslavas","country":"Latvia"},{"city":"Kraslava","state":"Kraslavas","country":"Latvia"},{"city":"Kuldiga","state":"Kuldigas","country":"Latvia"},{"city":"Skrunda","state":"Kuldigas","country":"Latvia"},{"city":"Liepaja","state":"Liepaja","country":"Latvia"},{"city":"Aizpute","state":"Liepajas","country":"Latvia"},{"city":"Durbe","state":"Liepajas","country":"Latvia"},{"city":"Grobina","state":"Liepajas","country":"Latvia"},{"city":"Pavilosta","state":"Liepajas","country":"Latvia"},{"city":"Priekule","state":"Liepajas","country":"Latvia"},{"city":"Ainazhi","state":"Limbazhu","country":"Latvia"},{"city":"Aloja","state":"Limbazhu","country":"Latvia"},{"city":"Limbazhi","state":"Limbazhu","country":"Latvia"},{"city":"Salacgriva","state":"Limbazhu","country":"Latvia"},{"city":"Staicele","state":"Limbazhu","country":"Latvia"},{"city":"Karsava","state":"Ludzas","country":"Latvia"},{"city":"Ludza","state":"Ludzas","country":"Latvia"},{"city":"Zilupe","state":"Ludzas","country":"Latvia"},{"city":"Cesvaine","state":"Madonas","country":"Latvia"},{"city":"Lubana","state":"Madonas","country":"Latvia"},{"city":"Madona","state":"Madonas","country":"Latvia"},{"city":"Varaklani","state":"Madonas","country":"Latvia"},{"city":"Ikskile","state":"Ogres","country":"Latvia"},{"city":"Kegums","state":"Ogres","country":"Latvia"},{"city":"Les Hautes-Rivieres","state":"Ogres","country":"Latvia"},{"city":"Lielvarde","state":"Ogres","country":"Latvia"},{"city":"Ogre","state":"Ogres","country":"Latvia"},{"city":"Livani","state":"Preilu","country":"Latvia"},{"city":"Preili","state":"Preilu","country":"Latvia"},{"city":"Rezekne","state":"Rezekne","country":"Latvia"},{"city":"Vilani","state":"Rezeknes","country":"Latvia"},{"city":"Riga","state":"Riga","country":"Latvia"},{"city":"Baldone","state":"Rigas","country":"Latvia"},{"city":"Balozhi","state":"Rigas","country":"Latvia"},{"city":"Olaine","state":"Rigas","country":"Latvia"},{"city":"Salaspils","state":"Rigas","country":"Latvia"},{"city":"Saulkrasti","state":"Rigas","country":"Latvia"},{"city":"Sigulda","state":"Rigas","country":"Latvia"},{"city":"Vangazhi","state":"Rigas","country":"Latvia"},{"city":"Broceni","state":"Saldus","country":"Latvia"},{"city":"Saldus","state":"Saldus","country":"Latvia"},{"city":"Sabile","state":"Talsu","country":"Latvia"},{"city":"Stende","state":"Talsu","country":"Latvia"},{"city":"Talsi","state":"Talsu","country":"Latvia"},{"city":"Valdemarpils","state":"Talsu","country":"Latvia"},{"city":"Kandava","state":"Tukuma","country":"Latvia"},{"city":"Tukums","state":"Tukuma","country":"Latvia"},{"city":"Seda","state":"Valkas","country":"Latvia"},{"city":"Smiltene","state":"Valkas","country":"Latvia"},{"city":"Strenchi","state":"Valkas","country":"Latvia"},{"city":"Valka","state":"Valkas","country":"Latvia"},{"city":"Mazsalaca","state":"Valmieras","country":"Latvia"},{"city":"Rujiena","state":"Valmieras","country":"Latvia"},{"city":"Valmiera","state":"Valmieras","country":"Latvia"},{"city":"Piltene","state":"Ventspils","country":"Latvia"},{"city":"Piltene","state":"Ventspils City","country":"Latvia"}]