[{"city":"Kralendijk","state":"Bonaire","country":"Netherlands Antilles"},{"city":"Curacao","state":"Curacao","country":"Netherlands Antilles"},{"city":"Willemstad","state":"Curacao","country":"Netherlands Antilles"},{"city":"The Bottom","state":"Saba","country":"Netherlands Antilles"},{"city":"SchipolRijk","state":"Amsterdam","country":"Netherlands The"},{"city":"Amstelveen","state":"Benelux","country":"Netherlands The"},{"city":"Aa en Hunze","state":"Drenthe","country":"Netherlands The"},{"city":"Assen","state":"Drenthe","country":"Netherlands The"},{"city":"Borger-Odoorn","state":"Drenthe","country":"Netherlands The"},{"city":"Coevorden","state":"Drenthe","country":"Netherlands The"},{"city":"De Wolden","state":"Drenthe","country":"Netherlands The"},{"city":"Den Oever","state":"Drenthe","country":"Netherlands The"},{"city":"Emmen","state":"Drenthe","country":"Netherlands The"},{"city":"Gasteren","state":"Drenthe","country":"Netherlands The"},{"city":"Hoogeveen","state":"Drenthe","country":"Netherlands The"},{"city":"Menterwolde","state":"Drenthe","country":"Netherlands The"},{"city":"Meppel","state":"Drenthe","country":"Netherlands The"},{"city":"Midden-Drenthe","state":"Drenthe","country":"Netherlands The"},{"city":"Noordenveld","state":"Drenthe","country":"Netherlands The"},{"city":"Stadskanaal","state":"Drenthe","country":"Netherlands The"},{"city":"Tynaarlo","state":"Drenthe","country":"Netherlands The"},{"city":"Veenoord","state":"Drenthe","country":"Netherlands The"},{"city":"Westerveld","state":"Drenthe","country":"Netherlands The"},{"city":"Zuidlaren","state":"Drenthe","country":"Netherlands The"},{"city":"Almere","state":"Flevoland","country":"Netherlands The"},{"city":"Dronten","state":"Flevoland","country":"Netherlands The"},{"city":"Lelystad","state":"Flevoland","country":"Netherlands The"},{"city":"Noordoostpolder","state":"Flevoland","country":"Netherlands The"},{"city":"Urk","state":"Flevoland","country":"Netherlands The"},{"city":"Zeewolde","state":"Flevoland","country":"Netherlands The"},{"city":"Achtkarspelen","state":"Friesland","country":"Netherlands The"},{"city":"Ameland","state":"Friesland","country":"Netherlands The"},{"city":"Boarnsterhim","state":"Friesland","country":"Netherlands The"},{"city":"Bolsward","state":"Friesland","country":"Netherlands The"},{"city":"Dantumadeel","state":"Friesland","country":"Netherlands The"},{"city":"Dongeradeel","state":"Friesland","country":"Netherlands The"},{"city":"Drachten","state":"Friesland","country":"Netherlands The"},{"city":"Ferwerderadiel","state":"Friesland","country":"Netherlands The"},{"city":"Franekeradeel","state":"Friesland","country":"Netherlands The"},{"city":"Gaasterlan-Sleat","state":"Friesland","country":"Netherlands The"},{"city":"Gorredijk","state":"Friesland","country":"Netherlands The"},{"city":"Harlingen","state":"Friesland","country":"Netherlands The"},{"city":"Heerenveen","state":"Friesland","country":"Netherlands The"},{"city":"Het Bildt","state":"Friesland","country":"Netherlands The"},{"city":"Kollumerland","state":"Friesland","country":"Netherlands The"},{"city":"Leeuwarden","state":"Friesland","country":"Netherlands The"},{"city":"Leeuwarderadeel","state":"Friesland","country":"Netherlands The"},{"city":"Lemsterland","state":"Friesland","country":"Netherlands The"},{"city":"Littenseradiel","state":"Friesland","country":"Netherlands The"},{"city":"Menaldumadeel","state":"Friesland","country":"Netherlands The"},{"city":"Nijefurd","state":"Friesland","country":"Netherlands The"},{"city":"Oostrum","state":"Friesland","country":"Netherlands The"},{"city":"Ooststellingwerf","state":"Friesland","country":"Netherlands The"},{"city":"Opsterland","state":"Friesland","country":"Netherlands The"},{"city":"Schiermonnikoog","state":"Friesland","country":"Netherlands The"},{"city":"Skasterlan","state":"Friesland","country":"Netherlands The"},{"city":"Smallingerland","state":"Friesland","country":"Netherlands The"},{"city":"Sneek","state":"Friesland","country":"Netherlands The"},{"city":"Terschelling","state":"Friesland","country":"Netherlands The"},{"city":"Tytsjerksteradiel","state":"Friesland","country":"Netherlands The"},{"city":"Ureterp","state":"Friesland","country":"Netherlands The"},{"city":"Weststellingwerf","state":"Friesland","country":"Netherlands The"},{"city":"Wolvega","state":"Friesland","country":"Netherlands The"},{"city":"Wunseradiel","state":"Friesland","country":"Netherlands The"},{"city":"Wymbritseradiel","state":"Friesland","country":"Netherlands The"},{"city":"Aalten","state":"Gelderland","country":"Netherlands The"},{"city":"Angerlo","state":"Gelderland","country":"Netherlands The"},{"city":"Apeldoorn","state":"Gelderland","country":"Netherlands The"},{"city":"Appeldoorn","state":"Gelderland","country":"Netherlands The"},{"city":"Arnhem","state":"Gelderland","country":"Netherlands The"},{"city":"Barneveld","state":"Gelderland","country":"Netherlands The"},{"city":"Bemmel","state":"Gelderland","country":"Netherlands The"},{"city":"Bergh","state":"Gelderland","country":"Netherlands The"},{"city":"Beuningen","state":"Gelderland","country":"Netherlands The"},{"city":"Borculo","state":"Gelderland","country":"Netherlands The"},{"city":"Brummen","state":"Gelderland","country":"Netherlands The"},{"city":"Buren","state":"Gelderland","country":"Netherlands The"},{"city":"Culemborg","state":"Gelderland","country":"Netherlands The"},{"city":"Delden","state":"Gelderland","country":"Netherlands The"},{"city":"Didam","state":"Gelderland","country":"Netherlands The"},{"city":"Dieren","state":"Gelderland","country":"Netherlands The"},{"city":"Dinxperlo","state":"Gelderland","country":"Netherlands The"},{"city":"Dodewaard","state":"Gelderland","country":"Netherlands The"},{"city":"Doesburg","state":"Gelderland","country":"Netherlands The"},{"city":"Doetinchem","state":"Gelderland","country":"Netherlands The"},{"city":"Druten","state":"Gelderland","country":"Netherlands The"},{"city":"Duiven","state":"Gelderland","country":"Netherlands The"},{"city":"Ede","state":"Gelderland","country":"Netherlands The"},{"city":"Eerbeek","state":"Gelderland","country":"Netherlands The"},{"city":"Eibergen","state":"Gelderland","country":"Netherlands The"},{"city":"Elburg","state":"Gelderland","country":"Netherlands The"},{"city":"Epe","state":"Gelderland","country":"Netherlands The"},{"city":"Ermelo","state":"Gelderland","country":"Netherlands The"},{"city":"Geldermalsen","state":"Gelderland","country":"Netherlands The"},{"city":"Gendringen","state":"Gelderland","country":"Netherlands The"},{"city":"Giesbeek","state":"Gelderland","country":"Netherlands The"},{"city":"Gorssel","state":"Gelderland","country":"Netherlands The"},{"city":"Groenlo","state":"Gelderland","country":"Netherlands The"},{"city":"Groesbeek","state":"Gelderland","country":"Netherlands The"},{"city":"Harderwijk","state":"Gelderland","country":"Netherlands The"},{"city":"Hattem","state":"Gelderland","country":"Netherlands The"},{"city":"Heerde","state":"Gelderland","country":"Netherlands The"},{"city":"Hengelo","state":"Gelderland","country":"Netherlands The"},{"city":"Heumen","state":"Gelderland","country":"Netherlands The"},{"city":"Huisen","state":"Gelderland","country":"Netherlands The"},{"city":"Hummelo en Keppel","state":"Gelderland","country":"Netherlands The"},{"city":"Kesteren","state":"Gelderland","country":"Netherlands The"},{"city":"Kootwijkerbroek","state":"Gelderland","country":"Netherlands The"},{"city":"Leerdam","state":"Gelderland","country":"Netherlands The"},{"city":"Leeuwen","state":"Gelderland","country":"Netherlands The"},{"city":"Lichtenvoorde","state":"Gelderland","country":"Netherlands The"},{"city":"Lingewaal","state":"Gelderland","country":"Netherlands The"},{"city":"Lochem","state":"Gelderland","country":"Netherlands The"},{"city":"Loppersum","state":"Gelderland","country":"Netherlands The"},{"city":"Maasdriel","state":"Gelderland","country":"Netherlands The"},{"city":"Malden","state":"Gelderland","country":"Netherlands The"},{"city":"Millingen","state":"Gelderland","country":"Netherlands The"},{"city":"Molenhoek","state":"Gelderland","country":"Netherlands The"},{"city":"Neede","state":"Gelderland","country":"Netherlands The"},{"city":"Neerijnen","state":"Gelderland","country":"Netherlands The"},{"city":"Nijkerk","state":"Gelderland","country":"Netherlands The"},{"city":"Nijmegen","state":"Gelderland","country":"Netherlands The"},{"city":"Nunspeet","state":"Gelderland","country":"Netherlands The"},{"city":"Oldebroek","state":"Gelderland","country":"Netherlands The"},{"city":"Oosterbeek","state":"Gelderland","country":"Netherlands The"},{"city":"Overbetuwe","state":"Gelderland","country":"Netherlands The"},{"city":"Putten","state":"Gelderland","country":"Netherlands The"},{"city":"Renkum","state":"Gelderland","country":"Netherlands The"},{"city":"Rheden","state":"Gelderland","country":"Netherlands The"},{"city":"Rijnwaarden","state":"Gelderland","country":"Netherlands The"},{"city":"Rozendaal","state":"Gelderland","country":"Netherlands The"},{"city":"Ruurlo","state":"Gelderland","country":"Netherlands The"},{"city":"Scherpenzeel","state":"Gelderland","country":"Netherlands The"},{"city":"Steenderen","state":"Gelderland","country":"Netherlands The"},{"city":"Terborg","state":"Gelderland","country":"Netherlands The"},{"city":"Tiel","state":"Gelderland","country":"Netherlands The"},{"city":"Twello","state":"Gelderland","country":"Netherlands The"},{"city":"Ubbergen","state":"Gelderland","country":"Netherlands The"},{"city":"Vaassen","state":"Gelderland","country":"Netherlands The"},{"city":"Varsseveld","state":"Gelderland","country":"Netherlands The"},{"city":"Voorst","state":"Gelderland","country":"Netherlands The"},{"city":"Vorden","state":"Gelderland","country":"Netherlands The"},{"city":"Waardenburg","state":"Gelderland","country":"Netherlands The"},{"city":"Wageningen","state":"Gelderland","country":"Netherlands The"},{"city":"Warmsveld","state":"Gelderland","country":"Netherlands The"},{"city":"Wehl","state":"Gelderland","country":"Netherlands The"},{"city":"Westervoort","state":"Gelderland","country":"Netherlands The"},{"city":"Wijchen","state":"Gelderland","country":"Netherlands The"},{"city":"Winterswijk","state":"Gelderland","country":"Netherlands The"},{"city":"Wisch","state":"Gelderland","country":"Netherlands The"},{"city":"Zaltbommel","state":"Gelderland","country":"Netherlands The"},{"city":"Zelhem","state":"Gelderland","country":"Netherlands The"},{"city":"Zevenaar","state":"Gelderland","country":"Netherlands The"},{"city":"Zutphen","state":"Gelderland","country":"Netherlands The"},{"city":"s-Heerenberg","state":"Gelderland","country":"Netherlands The"},{"city":"Appingedam","state":"Groningen","country":"Netherlands The"},{"city":"Bedum","state":"Groningen","country":"Netherlands The"},{"city":"Bellingwedde","state":"Groningen","country":"Netherlands The"},{"city":"De Marne","state":"Groningen","country":"Netherlands The"},{"city":"Delfzijl","state":"Groningen","country":"Netherlands The"},{"city":"Eemsmond","state":"Groningen","country":"Netherlands The"},{"city":"Groningen","state":"Groningen","country":"Netherlands The"},{"city":"Grootegast","state":"Groningen","country":"Netherlands The"},{"city":"Haren","state":"Groningen","country":"Netherlands The"},{"city":"Hoogezand-Sappemeer","state":"Groningen","country":"Netherlands The"},{"city":"Leek","state":"Groningen","country":"Netherlands The"},{"city":"Marum","state":"Groningen","country":"Netherlands The"},{"city":"Midwolda","state":"Groningen","country":"Netherlands The"},{"city":"Muntendam","state":"Groningen","country":"Netherlands The"},{"city":"Pekela","state":"Groningen","country":"Netherlands The"},{"city":"Reiderland","state":"Groningen","country":"Netherlands The"},{"city":"Scheemda","state":"Groningen","country":"Netherlands The"},{"city":"Slochteren","state":"Groningen","country":"Netherlands The"},{"city":"Ten Boer","state":"Groningen","country":"Netherlands The"},{"city":"Tolbert","state":"Groningen","country":"Netherlands The"},{"city":"Veendam","state":"Groningen","country":"Netherlands The"},{"city":"Vlagtwedde","state":"Groningen","country":"Netherlands The"},{"city":"Winschoten","state":"Groningen","country":"Netherlands The"},{"city":"Winsum","state":"Groningen","country":"Netherlands The"},{"city":"Zuidhorn","state":"Groningen","country":"Netherlands The"},{"city":"Ambt Montfort","state":"Limburg","country":"Netherlands The"},{"city":"Arcen en Velden","state":"Limburg","country":"Netherlands The"},{"city":"Beek","state":"Limburg","country":"Netherlands The"},{"city":"Beesel","state":"Limburg","country":"Netherlands The"},{"city":"Bergen","state":"Limburg","country":"Netherlands The"},{"city":"Blerick","state":"Limburg","country":"Netherlands The"},{"city":"Brunssum","state":"Limburg","country":"Netherlands The"},{"city":"Echt","state":"Limburg","country":"Netherlands The"},{"city":"Eijsden","state":"Limburg","country":"Netherlands The"},{"city":"Gennep","state":"Limburg","country":"Netherlands The"},{"city":"Gulpen-Wittem","state":"Limburg","country":"Netherlands The"},{"city":"Haelen","state":"Limburg","country":"Netherlands The"},{"city":"Heel","state":"Limburg","country":"Netherlands The"},{"city":"Heerlen","state":"Limburg","country":"Netherlands The"},{"city":"Helden","state":"Limburg","country":"Netherlands The"},{"city":"Heythuysen","state":"Limburg","country":"Netherlands The"},{"city":"Horst","state":"Limburg","country":"Netherlands The"},{"city":"Hunsel","state":"Limburg","country":"Netherlands The"},{"city":"Kerkrade","state":"Limburg","country":"Netherlands The"},{"city":"Kessel","state":"Limburg","country":"Netherlands The"},{"city":"Landgraaf","state":"Limburg","country":"Netherlands The"},{"city":"Maasbracht","state":"Limburg","country":"Netherlands The"},{"city":"Maasbree","state":"Limburg","country":"Netherlands The"},{"city":"Maastricht","state":"Limburg","country":"Netherlands The"},{"city":"Margraten","state":"Limburg","country":"Netherlands The"},{"city":"Meerlo-Wanssum","state":"Limburg","country":"Netherlands The"},{"city":"Meerssen","state":"Limburg","country":"Netherlands The"},{"city":"Meijel","state":"Limburg","country":"Netherlands The"},{"city":"Mook en Middelaar","state":"Limburg","country":"Netherlands The"},{"city":"Nederweert","state":"Limburg","country":"Netherlands The"},{"city":"Nuth","state":"Limburg","country":"Netherlands The"},{"city":"Onderbanken","state":"Limburg","country":"Netherlands The"},{"city":"Roerdalen","state":"Limburg","country":"Netherlands The"},{"city":"Roermond","state":"Limburg","country":"Netherlands The"},{"city":"Roggel","state":"Limburg","country":"Netherlands The"},{"city":"Roggel en Neer","state":"Limburg","country":"Netherlands The"},{"city":"Schinnen","state":"Limburg","country":"Netherlands The"},{"city":"Sevenum","state":"Limburg","country":"Netherlands The"},{"city":"Simpelveld","state":"Limburg","country":"Netherlands The"},{"city":"Sittard","state":"Limburg","country":"Netherlands The"},{"city":"Sittard-Geleen","state":"Limburg","country":"Netherlands The"},{"city":"Stein","state":"Limburg","country":"Netherlands The"},{"city":"Stramproy","state":"Limburg","country":"Netherlands The"},{"city":"Susteren","state":"Limburg","country":"Netherlands The"},{"city":"Swalmen","state":"Limburg","country":"Netherlands The"},{"city":"Tegelen","state":"Limburg","country":"Netherlands The"},{"city":"Thorn","state":"Limburg","country":"Netherlands The"},{"city":"Vaals","state":"Limburg","country":"Netherlands The"},{"city":"Valkenburg","state":"Limburg","country":"Netherlands The"},{"city":"Venlo","state":"Limburg","country":"Netherlands The"},{"city":"Venray","state":"Limburg","country":"Netherlands The"},{"city":"Vilt Limburg","state":"Limburg","country":"Netherlands The"},{"city":"Voerendaal","state":"Limburg","country":"Netherlands The"},{"city":"Weert","state":"Limburg","country":"Netherlands The"},{"city":"'s-Hertogenbosch","state":"Noord-Brabant","country":"Netherlands The"},{"city":"Aalburg","state":"Noord-Brabant","country":"Netherlands The"},{"city":"Alphen-Chaam","state":"Noord-Brabant","country":"Netherlands The"},{"city":"Asten","state":"Noord-Brabant","country":"Netherlands The"},{"city":"Baarle-Nassau","state":"Noord-Brabant","country":"Netherlands The"},{"city":"Bergeijk","state":"Noord-Brabant","country":"Netherlands The"},{"city":"Bergen op Zoom","state":"Noord-Brabant","country":"Netherlands The"},{"city":"Berghem","state":"Noord-Brabant","country":"Netherlands The"},{"city":"Bernheze","state":"Noord-Brabant","country":"Netherlands The"},{"city":"Bernisse","state":"Noord-Brabant","country":"Netherlands The"},{"city":"Best","state":"Noord-Brabant","country":"Netherlands The"},{"city":"Bladel","state":"Noord-Brabant","country":"Netherlands The"},{"city":"Boekel","state":"Noord-Brabant","country":"Netherlands The"},{"city":"Boxmeer","state":"Noord-Brabant","country":"Netherlands The"},{"city":"Boxtel","state":"Noord-Brabant","country":"Netherlands The"},{"city":"Breda","state":"Noord-Brabant","country":"Netherlands The"},{"city":"Budel","state":"Noord-Brabant","country":"Netherlands The"},{"city":"Cranendonck","state":"Noord-Brabant","country":"Netherlands The"},{"city":"Cuijk","state":"Noord-Brabant","country":"Netherlands The"},{"city":"Den Bosch","state":"Noord-Brabant","country":"Netherlands The"},{"city":"Den Dungen","state":"Noord-Brabant","country":"Netherlands The"},{"city":"Deurne","state":"Noord-Brabant","country":"Netherlands The"},{"city":"Dongen","state":"Noord-Brabant","country":"Netherlands The"},{"city":"Drimmelen","state":"Noord-Brabant","country":"Netherlands The"},{"city":"Drunen","state":"Noord-Brabant","country":"Netherlands The"},{"city":"Duizel","state":"Noord-Brabant","country":"Netherlands The"},{"city":"Eersel","state":"Noord-Brabant","country":"Netherlands The"},{"city":"Eindhoven","state":"Noord-Brabant","country":"Netherlands The"},{"city":"Etten-Leur","state":"Noord-Brabant","country":"Netherlands The"},{"city":"Geertruidenberg","state":"Noord-Brabant","country":"Netherlands The"},{"city":"Geldrop","state":"Noord-Brabant","country":"Netherlands The"},{"city":"Gemert-Bakel","state":"Noord-Brabant","country":"Netherlands The"},{"city":"Gilze en Rijen","state":"Noord-Brabant","country":"Netherlands The"},{"city":"Goirle","state":"Noord-Brabant","country":"Netherlands The"},{"city":"Grave","state":"Noord-Brabant","country":"Netherlands The"},{"city":"Haaren","state":"Noord-Brabant","country":"Netherlands The"},{"city":"Halderberge","state":"Noord-Brabant","country":"Netherlands The"},{"city":"Heeze-Leende","state":"Noord-Brabant","country":"Netherlands The"},{"city":"Heijningen","state":"Noord-Brabant","country":"Netherlands The"},{"city":"Helmond","state":"Noord-Brabant","country":"Netherlands The"},{"city":"Heusden","state":"Noord-Brabant","country":"Netherlands The"},{"city":"Hilvarenbeek","state":"Noord-Brabant","country":"Netherlands The"},{"city":"Hoeven","state":"Noord-Brabant","country":"Netherlands The"},{"city":"Hoogerheide","state":"Noord-Brabant","country":"Netherlands The"},{"city":"Kaatsheuvel","state":"Noord-Brabant","country":"Netherlands The"},{"city":"Korendijk","state":"Noord-Brabant","country":"Netherlands The"},{"city":"Laarbeek","state":"Noord-Brabant","country":"Netherlands The"},{"city":"Landerd","state":"Noord-Brabant","country":"Netherlands The"},{"city":"Lith","state":"Noord-Brabant","country":"Netherlands The"},{"city":"Loon op Zand","state":"Noord-Brabant","country":"Netherlands The"},{"city":"Maarheeze","state":"Noord-Brabant","country":"Netherlands The"},{"city":"Maasdonk","state":"Noord-Brabant","country":"Netherlands The"},{"city":"Mierlo","state":"Noord-Brabant","country":"Netherlands The"},{"city":"Mill en Sint Hubert","state":"Noord-Brabant","country":"Netherlands The"},{"city":"Moerdijk","state":"Noord-Brabant","country":"Netherlands The"},{"city":"Nieuwkuijk","state":"Noord-Brabant","country":"Netherlands The"},{"city":"Nuenen","state":"Noord-Brabant","country":"Netherlands The"},{"city":"Oirschot","state":"Noord-Brabant","country":"Netherlands The"},{"city":"Oisterwijk","state":"Noord-Brabant","country":"Netherlands The"},{"city":"Oosterhout","state":"Noord-Brabant","country":"Netherlands The"},{"city":"Oss","state":"Noord-Brabant","country":"Netherlands The"},{"city":"Raamsdonksveer","state":"Noord-Brabant","country":"Netherlands The"},{"city":"Ravenstein","state":"Noord-Brabant","country":"Netherlands The"},{"city":"Reusel-De Mierden","state":"Noord-Brabant","country":"Netherlands The"},{"city":"Roosendaal","state":"Noord-Brabant","country":"Netherlands The"},{"city":"Rosmalen","state":"Noord-Brabant","country":"Netherlands The"},{"city":"Rucphen","state":"Noord-Brabant","country":"Netherlands The"},{"city":"Schaijk","state":"Noord-Brabant","country":"Netherlands The"},{"city":"Schijndel","state":"Noord-Brabant","country":"Netherlands The"},{"city":"Sint Anthonis","state":"Noord-Brabant","country":"Netherlands The"},{"city":"Sint Willebrord","state":"Noord-Brabant","country":"Netherlands The"},{"city":"Sint-Michielsgestel","state":"Noord-Brabant","country":"Netherlands The"},{"city":"Sint-Oedenrode","state":"Noord-Brabant","country":"Netherlands The"},{"city":"Sleeuwijk","state":"Noord-Brabant","country":"Netherlands The"},{"city":"Someren","state":"Noord-Brabant","country":"Netherlands The"},{"city":"Son en Breugel","state":"Noord-Brabant","country":"Netherlands The"},{"city":"Steenbergen","state":"Noord-Brabant","country":"Netherlands The"},{"city":"Tilburg","state":"Noord-Brabant","country":"Netherlands The"},{"city":"Uden","state":"Noord-Brabant","country":"Netherlands The"},{"city":"Valkenswaard","state":"Noord-Brabant","country":"Netherlands The"},{"city":"Veghel","state":"Noord-Brabant","country":"Netherlands The"},{"city":"Veldhoven","state":"Noord-Brabant","country":"Netherlands The"},{"city":"Vinkel","state":"Noord-Brabant","country":"Netherlands The"},{"city":"Vught","state":"Noord-Brabant","country":"Netherlands The"},{"city":"Waalre","state":"Noord-Brabant","country":"Netherlands The"},{"city":"Waalwijk","state":"Noord-Brabant","country":"Netherlands The"},{"city":"Werkendam","state":"Noord-Brabant","country":"Netherlands The"},{"city":"Woensdrecht","state":"Noord-Brabant","country":"Netherlands The"},{"city":"Woudrichem","state":"Noord-Brabant","country":"Netherlands The"},{"city":"Zundert","state":"Noord-Brabant","country":"Netherlands The"},{"city":"Aalsmeer","state":"Noord-Holland","country":"Netherlands The"},{"city":"Alkmaar","state":"Noord-Holland","country":"Netherlands The"},{"city":"Amstelveen","state":"Noord-Holland","country":"Netherlands The"},{"city":"Amsterdam","state":"Noord-Holland","country":"Netherlands The"},{"city":"Andijk","state":"Noord-Holland","country":"Netherlands The"},{"city":"Ankeveen","state":"Noord-Holland","country":"Netherlands The"},{"city":"Anna Paulowna","state":"Noord-Holland","country":"Netherlands The"},{"city":"Assendelft","state":"Noord-Holland","country":"Netherlands The"},{"city":"Badhoevedorp","state":"Noord-Holland","country":"Netherlands The"},{"city":"Beemster","state":"Noord-Holland","country":"Netherlands The"},{"city":"Bennebroek","state":"Noord-Holland","country":"Netherlands The"},{"city":"Bergen","state":"Noord-Holland","country":"Netherlands The"},{"city":"Beverwijk","state":"Noord-Holland","country":"Netherlands The"},{"city":"Blaricum","state":"Noord-Holland","country":"Netherlands The"},{"city":"Bloemendaal","state":"Noord-Holland","country":"Netherlands The"},{"city":"Bovenkarspel","state":"Noord-Holland","country":"Netherlands The"},{"city":"Bussum","state":"Noord-Holland","country":"Netherlands The"},{"city":"Castricum","state":"Noord-Holland","country":"Netherlands The"},{"city":"Den Helder","state":"Noord-Holland","country":"Netherlands The"},{"city":"Diemen","state":"Noord-Holland","country":"Netherlands The"},{"city":"Drechterland","state":"Noord-Holland","country":"Netherlands The"},{"city":"Edam-Volendam","state":"Noord-Holland","country":"Netherlands The"},{"city":"Enkhuizen","state":"Noord-Holland","country":"Netherlands The"},{"city":"Graft-De Rijp","state":"Noord-Holland","country":"Netherlands The"},{"city":"Haarlem","state":"Noord-Holland","country":"Netherlands The"},{"city":"Haarlemmerliede","state":"Noord-Holland","country":"Netherlands The"},{"city":"Haarlemmermeer","state":"Noord-Holland","country":"Netherlands The"},{"city":"Harenkarspel","state":"Noord-Holland","country":"Netherlands The"},{"city":"Heemskerk","state":"Noord-Holland","country":"Netherlands The"},{"city":"Heemstede","state":"Noord-Holland","country":"Netherlands The"},{"city":"Heerhugowaard","state":"Noord-Holland","country":"Netherlands The"},{"city":"Heiloo","state":"Noord-Holland","country":"Netherlands The"},{"city":"Hillegom","state":"Noord-Holland","country":"Netherlands The"},{"city":"Hilversum","state":"Noord-Holland","country":"Netherlands The"},{"city":"Hoofddorp","state":"Noord-Holland","country":"Netherlands The"},{"city":"Hoorn","state":"Noord-Holland","country":"Netherlands The"},{"city":"Huizen","state":"Noord-Holland","country":"Netherlands The"},{"city":"Ijmuiden","state":"Noord-Holland","country":"Netherlands The"},{"city":"Katwijk","state":"Noord-Holland","country":"Netherlands The"},{"city":"Krommenie","state":"Noord-Holland","country":"Netherlands The"},{"city":"Landsmeer","state":"Noord-Holland","country":"Netherlands The"},{"city":"Langedijk","state":"Noord-Holland","country":"Netherlands The"},{"city":"Laren","state":"Noord-Holland","country":"Netherlands The"},{"city":"Loosdrecht","state":"Noord-Holland","country":"Netherlands The"},{"city":"Medemblik","state":"Noord-Holland","country":"Netherlands The"},{"city":"Middenbeemster","state":"Noord-Holland","country":"Netherlands The"},{"city":"Muiden","state":"Noord-Holland","country":"Netherlands The"},{"city":"Naarden","state":"Noord-Holland","country":"Netherlands The"},{"city":"Niedorp","state":"Noord-Holland","country":"Netherlands The"},{"city":"Nieuw-Vennep","state":"Noord-Holland","country":"Netherlands The"},{"city":"Noorder-Koggenland","state":"Noord-Holland","country":"Netherlands The"},{"city":"Obdam","state":"Noord-Holland","country":"Netherlands The"},{"city":"Oostzaan","state":"Noord-Holland","country":"Netherlands The"},{"city":"Opmeer","state":"Noord-Holland","country":"Netherlands The"},{"city":"Oude Meer","state":"Noord-Holland","country":"Netherlands The"},{"city":"Ouder-Amstel","state":"Noord-Holland","country":"Netherlands The"},{"city":"Oudkarspel","state":"Noord-Holland","country":"Netherlands The"},{"city":"Purmerend","state":"Noord-Holland","country":"Netherlands The"},{"city":"Rozenburg","state":"Noord-Holland","country":"Netherlands The"},{"city":"Schagen","state":"Noord-Holland","country":"Netherlands The"},{"city":"Schermer","state":"Noord-Holland","country":"Netherlands The"},{"city":"Stede Broec","state":"Noord-Holland","country":"Netherlands The"},{"city":"Texel","state":"Noord-Holland","country":"Netherlands The"},{"city":"Tuitjenhorn","state":"Noord-Holland","country":"Netherlands The"},{"city":"Uitgeest","state":"Noord-Holland","country":"Netherlands The"},{"city":"Uithoorn","state":"Noord-Holland","country":"Netherlands The"},{"city":"Velsen","state":"Noord-Holland","country":"Netherlands The"},{"city":"Venhuizen","state":"Noord-Holland","country":"Netherlands The"},{"city":"Vijfhuizen","state":"Noord-Holland","country":"Netherlands The"},{"city":"Waarland","state":"Noord-Holland","country":"Netherlands The"},{"city":"Waterland","state":"Noord-Holland","country":"Netherlands The"},{"city":"Weesp","state":"Noord-Holland","country":"Netherlands The"},{"city":"Wervershoof","state":"Noord-Holland","country":"Netherlands The"},{"city":"Wester-Koggenland","state":"Noord-Holland","country":"Netherlands The"},{"city":"Westwoud","state":"Noord-Holland","country":"Netherlands The"},{"city":"Wieringen","state":"Noord-Holland","country":"Netherlands The"},{"city":"Wieringermeer","state":"Noord-Holland","country":"Netherlands The"},{"city":"Wognum","state":"Noord-Holland","country":"Netherlands The"},{"city":"Wormer","state":"Noord-Holland","country":"Netherlands The"},{"city":"Wormerland","state":"Noord-Holland","country":"Netherlands The"},{"city":"Wormerveer","state":"Noord-Holland","country":"Netherlands The"},{"city":"Zaandam","state":"Noord-Holland","country":"Netherlands The"},{"city":"Zaanstad","state":"Noord-Holland","country":"Netherlands The"},{"city":"Zandvoort","state":"Noord-Holland","country":"Netherlands The"},{"city":"Zeevang","state":"Noord-Holland","country":"Netherlands The"},{"city":"Zwaag","state":"Noord-Holland","country":"Netherlands The"},{"city":"Zwanenburg","state":"Noord-Holland","country":"Netherlands The"},{"city":"Almelo","state":"Overijssel","country":"Netherlands The"},{"city":"Bathmen","state":"Overijssel","country":"Netherlands The"},{"city":"Borne","state":"Overijssel","country":"Netherlands The"},{"city":"Dalfsen","state":"Overijssel","country":"Netherlands The"},{"city":"Dedemsvaart","state":"Overijssel","country":"Netherlands The"},{"city":"Denekamp","state":"Overijssel","country":"Netherlands The"},{"city":"Deventer","state":"Overijssel","country":"Netherlands The"},{"city":"Diepenheim","state":"Overijssel","country":"Netherlands The"},{"city":"Enschede","state":"Overijssel","country":"Netherlands The"},{"city":"Genemuiden","state":"Overijssel","country":"Netherlands The"},{"city":"Haaksbergen","state":"Overijssel","country":"Netherlands The"},{"city":"Hardenberg","state":"Overijssel","country":"Netherlands The"},{"city":"Hasselt","state":"Overijssel","country":"Netherlands The"},{"city":"Hellendoorn","state":"Overijssel","country":"Netherlands The"},{"city":"Hengelo","state":"Overijssel","country":"Netherlands The"},{"city":"Hof van Twente","state":"Overijssel","country":"Netherlands The"},{"city":"IJsselmuiden","state":"Overijssel","country":"Netherlands The"},{"city":"Kampen","state":"Overijssel","country":"Netherlands The"},{"city":"Lemelerveld","state":"Overijssel","country":"Netherlands The"},{"city":"Losser","state":"Overijssel","country":"Netherlands The"},{"city":"Nieuwleusen","state":"Overijssel","country":"Netherlands The"},{"city":"Nijverdal","state":"Overijssel","country":"Netherlands The"},{"city":"Oldenzaal","state":"Overijssel","country":"Netherlands The"},{"city":"Olst","state":"Overijssel","country":"Netherlands The"},{"city":"Ommen","state":"Overijssel","country":"Netherlands The"},{"city":"Ootmarsum","state":"Overijssel","country":"Netherlands The"},{"city":"Raalte","state":"Overijssel","country":"Netherlands The"},{"city":"Rijssen","state":"Overijssel","country":"Netherlands The"},{"city":"Staphorst","state":"Overijssel","country":"Netherlands The"},{"city":"Steenwijk","state":"Overijssel","country":"Netherlands The"},{"city":"Tubbergen","state":"Overijssel","country":"Netherlands The"},{"city":"Vriezenveen","state":"Overijssel","country":"Netherlands The"},{"city":"Vroomshoop","state":"Overijssel","country":"Netherlands The"},{"city":"Weerselo","state":"Overijssel","country":"Netherlands The"},{"city":"Wierden","state":"Overijssel","country":"Netherlands The"},{"city":"Zwartewaterland","state":"Overijssel","country":"Netherlands The"},{"city":"Zwolle","state":"Overijssel","country":"Netherlands The"},{"city":"Abcoude","state":"Utrecht","country":"Netherlands The"},{"city":"Amerongen","state":"Utrecht","country":"Netherlands The"},{"city":"Amersfoort","state":"Utrecht","country":"Netherlands The"},{"city":"Baarn","state":"Utrecht","country":"Netherlands The"},{"city":"Benschop","state":"Utrecht","country":"Netherlands The"},{"city":"Breukelen","state":"Utrecht","country":"Netherlands The"},{"city":"Bunnik","state":"Utrecht","country":"Netherlands The"},{"city":"Bunschoten","state":"Utrecht","country":"Netherlands The"},{"city":"De Bilt","state":"Utrecht","country":"Netherlands The"},{"city":"De Ronde Venen","state":"Utrecht","country":"Netherlands The"},{"city":"Den Dolder","state":"Utrecht","country":"Netherlands The"},{"city":"Doorn","state":"Utrecht","country":"Netherlands The"},{"city":"Driebergen-Rijsenburg","state":"Utrecht","country":"Netherlands The"},{"city":"Eemnes","state":"Utrecht","country":"Netherlands The"},{"city":"Houten","state":"Utrecht","country":"Netherlands The"},{"city":"IJsselstein","state":"Utrecht","country":"Netherlands The"},{"city":"Kockengen","state":"Utrecht","country":"Netherlands The"},{"city":"Leersum","state":"Utrecht","country":"Netherlands The"},{"city":"Leusden","state":"Utrecht","country":"Netherlands The"},{"city":"Loenen","state":"Utrecht","country":"Netherlands The"},{"city":"Lopik","state":"Utrecht","country":"Netherlands The"},{"city":"Maarn","state":"Utrecht","country":"Netherlands The"},{"city":"Maarsen","state":"Utrecht","country":"Netherlands The"},{"city":"Mijdrecht","state":"Utrecht","country":"Netherlands The"},{"city":"Montfoort","state":"Utrecht","country":"Netherlands The"},{"city":"Nieuwegein","state":"Utrecht","country":"Netherlands The"},{"city":"Nigtevecht","state":"Utrecht","country":"Netherlands The"},{"city":"Odijk","state":"Utrecht","country":"Netherlands The"},{"city":"Oudewater","state":"Utrecht","country":"Netherlands The"},{"city":"Renswoude","state":"Utrecht","country":"Netherlands The"},{"city":"Rhenen","state":"Utrecht","country":"Netherlands The"},{"city":"Soest","state":"Utrecht","country":"Netherlands The"},{"city":"Soesterberg","state":"Utrecht","country":"Netherlands The"},{"city":"Utrecht","state":"Utrecht","country":"Netherlands The"},{"city":"Veenendaal","state":"Utrecht","country":"Netherlands The"},{"city":"Vianen","state":"Utrecht","country":"Netherlands The"},{"city":"Wijdemeren","state":"Utrecht","country":"Netherlands The"},{"city":"Wijk","state":"Utrecht","country":"Netherlands The"},{"city":"Wilnis","state":"Utrecht","country":"Netherlands The"},{"city":"Woerden","state":"Utrecht","country":"Netherlands The"},{"city":"Woudenberg","state":"Utrecht","country":"Netherlands The"},{"city":"Zeist","state":"Utrecht","country":"Netherlands The"},{"city":"Axel","state":"Zeeland","country":"Netherlands The"},{"city":"Borsele","state":"Zeeland","country":"Netherlands The"},{"city":"Goes","state":"Zeeland","country":"Netherlands The"},{"city":"Hontenisse","state":"Zeeland","country":"Netherlands The"},{"city":"Hulst","state":"Zeeland","country":"Netherlands The"},{"city":"Kapelle","state":"Zeeland","country":"Netherlands The"},{"city":"Middelburg","state":"Zeeland","country":"Netherlands The"},{"city":"Noord-Beveland","state":"Zeeland","country":"Netherlands The"},{"city":"Oostburg","state":"Zeeland","country":"Netherlands The"},{"city":"Reimerswaal","state":"Zeeland","country":"Netherlands The"},{"city":"Sas van Gent","state":"Zeeland","country":"Netherlands The"},{"city":"Schouwen-Duiveland","state":"Zeeland","country":"Netherlands The"},{"city":"Sluis-Aardenburg","state":"Zeeland","country":"Netherlands The"},{"city":"Terneuzen","state":"Zeeland","country":"Netherlands The"},{"city":"Tholen","state":"Zeeland","country":"Netherlands The"},{"city":"Veere","state":"Zeeland","country":"Netherlands The"},{"city":"Vlissingen","state":"Zeeland","country":"Netherlands The"},{"city":"Zierikzee","state":"Zeeland","country":"Netherlands The"},{"city":"Zijpe","state":"Zeeland","country":"Netherlands The"},{"city":"'s-Gravendeel","state":"Zuid-Holland","country":"Netherlands The"},{"city":"'s-Gravenhage","state":"Zuid-Holland","country":"Netherlands The"},{"city":"'s-Gravenzande","state":"Zuid-Holland","country":"Netherlands The"},{"city":"Alblasserdam","state":"Zuid-Holland","country":"Netherlands The"},{"city":"Albrandswaard","state":"Zuid-Holland","country":"Netherlands The"},{"city":"Alkemade","state":"Zuid-Holland","country":"Netherlands The"},{"city":"Alphen","state":"Zuid-Holland","country":"Netherlands The"},{"city":"Alphen aan den Rijn","state":"Zuid-Holland","country":"Netherlands The"},{"city":"Barendrecht","state":"Zuid-Holland","country":"Netherlands The"},{"city":"Bergambacht","state":"Zuid-Holland","country":"Netherlands The"},{"city":"Bergschenhoek","state":"Zuid-Holland","country":"Netherlands The"},{"city":"Berkel en Rodenrijs","state":"Zuid-Holland","country":"Netherlands The"},{"city":"Binnenmaas","state":"Zuid-Holland","country":"Netherlands The"},{"city":"Bleiswijk","state":"Zuid-Holland","country":"Netherlands The"},{"city":"Bodegraven","state":"Zuid-Holland","country":"Netherlands The"},{"city":"Boskoop","state":"Zuid-Holland","country":"Netherlands The"},{"city":"Brielle","state":"Zuid-Holland","country":"Netherlands The"},{"city":"Capelle","state":"Zuid-Holland","country":"Netherlands The"},{"city":"Cromstrijen","state":"Zuid-Holland","country":"Netherlands The"},{"city":"De Lier","state":"Zuid-Holland","country":"Netherlands The"},{"city":"Delft","state":"Zuid-Holland","country":"Netherlands The"},{"city":"Dirksland","state":"Zuid-Holland","country":"Netherlands The"},{"city":"Dordrecht","state":"Zuid-Holland","country":"Netherlands The"},{"city":"Giessenlanden","state":"Zuid-Holland","country":"Netherlands The"},{"city":"Goedereede","state":"Zuid-Holland","country":"Netherlands The"},{"city":"Gorinchem","state":"Zuid-Holland","country":"Netherlands The"},{"city":"Gouda","state":"Zuid-Holland","country":"Netherlands The"},{"city":"Graafstroom","state":"Zuid-Holland","country":"Netherlands The"},{"city":"Hardinxveld-Giessendam","state":"Zuid-Holland","country":"Netherlands The"},{"city":"Heerjansdam","state":"Zuid-Holland","country":"Netherlands The"},{"city":"Hellevoetsluis","state":"Zuid-Holland","country":"Netherlands The"},{"city":"Hendrik-Ido-Ambacht","state":"Zuid-Holland","country":"Netherlands The"},{"city":"Jacobswoude","state":"Zuid-Holland","country":"Netherlands The"},{"city":"Katwijk","state":"Zuid-Holland","country":"Netherlands The"},{"city":"Kinderdijk","state":"Zuid-Holland","country":"Netherlands The"},{"city":"Krimpen","state":"Zuid-Holland","country":"Netherlands The"},{"city":"Leiden","state":"Zuid-Holland","country":"Netherlands The"},{"city":"Leiderdorp","state":"Zuid-Holland","country":"Netherlands The"},{"city":"Leidschendam-Voorburg","state":"Zuid-Holland","country":"Netherlands The"},{"city":"Liemeer","state":"Zuid-Holland","country":"Netherlands The"},{"city":"Liesveld","state":"Zuid-Holland","country":"Netherlands The"},{"city":"Lisse","state":"Zuid-Holland","country":"Netherlands The"},{"city":"Maasland","state":"Zuid-Holland","country":"Netherlands The"},{"city":"Maassluis","state":"Zuid-Holland","country":"Netherlands The"},{"city":"Middelharnis","state":"Zuid-Holland","country":"Netherlands The"},{"city":"Monster","state":"Zuid-Holland","country":"Netherlands The"},{"city":"Moordrecht","state":"Zuid-Holland","country":"Netherlands The"},{"city":"Naaldwijk","state":"Zuid-Holland","country":"Netherlands The"},{"city":"Nederlek","state":"Zuid-Holland","country":"Netherlands The"},{"city":"Nieuw-Lekkerland","state":"Zuid-Holland","country":"Netherlands The"},{"city":"Nieuwekerk aan den IJssel","state":"Zuid-Holland","country":"Netherlands The"},{"city":"Nieuwkoop","state":"Zuid-Holland","country":"Netherlands The"},{"city":"Noordwijk","state":"Zuid-Holland","country":"Netherlands The"},{"city":"Noordwijkerhout","state":"Zuid-Holland","country":"Netherlands The"},{"city":"Oegestgeest","state":"Zuid-Holland","country":"Netherlands The"},{"city":"Oostflakkee","state":"Zuid-Holland","country":"Netherlands The"},{"city":"Oud-Beijerland","state":"Zuid-Holland","country":"Netherlands The"},{"city":"Ouderkerk","state":"Zuid-Holland","country":"Netherlands The"},{"city":"Papendrecht","state":"Zuid-Holland","country":"Netherlands The"},{"city":"Pijnacker-Nootdorp","state":"Zuid-Holland","country":"Netherlands The"},{"city":"Reeuwijk","state":"Zuid-Holland","country":"Netherlands The"},{"city":"Ridderkerk","state":"Zuid-Holland","country":"Netherlands The"},{"city":"Rijnsburg","state":"Zuid-Holland","country":"Netherlands The"},{"city":"Rijnwoude","state":"Zuid-Holland","country":"Netherlands The"},{"city":"Rijswijk","state":"Zuid-Holland","country":"Netherlands The"},{"city":"Rotterdam","state":"Zuid-Holland","country":"Netherlands The"},{"city":"Sassenheim","state":"Zuid-Holland","country":"Netherlands The"},{"city":"Schiedam","state":"Zuid-Holland","country":"Netherlands The"},{"city":"Schipluiden","state":"Zuid-Holland","country":"Netherlands The"},{"city":"Schoonhoven","state":"Zuid-Holland","country":"Netherlands The"},{"city":"Sliedrecht","state":"Zuid-Holland","country":"Netherlands The"},{"city":"Spijkenisse","state":"Zuid-Holland","country":"Netherlands The"},{"city":"Strijen","state":"Zuid-Holland","country":"Netherlands The"},{"city":"Ter Aar","state":"Zuid-Holland","country":"Netherlands The"},{"city":"The Hague","state":"Zuid-Holland","country":"Netherlands The"},{"city":"Valkenburg","state":"Zuid-Holland","country":"Netherlands The"},{"city":"Vierpolders","state":"Zuid-Holland","country":"Netherlands The"},{"city":"Vlaardingen","state":"Zuid-Holland","country":"Netherlands The"},{"city":"Vlist","state":"Zuid-Holland","country":"Netherlands The"},{"city":"Voorhout","state":"Zuid-Holland","country":"Netherlands The"},{"city":"Voorschoten","state":"Zuid-Holland","country":"Netherlands The"},{"city":"Waddinxveen","state":"Zuid-Holland","country":"Netherlands The"},{"city":"Warmond","state":"Zuid-Holland","country":"Netherlands The"},{"city":"Wassenaar","state":"Zuid-Holland","country":"Netherlands The"},{"city":"Wateringen","state":"Zuid-Holland","country":"Netherlands The"},{"city":"West Maas en Waal","state":"Zuid-Holland","country":"Netherlands The"},{"city":"Westvoorne","state":"Zuid-Holland","country":"Netherlands The"},{"city":"Zederik","state":"Zuid-Holland","country":"Netherlands The"},{"city":"Zevenhuizen-Moerkapelle","state":"Zuid-Holland","country":"Netherlands The"},{"city":"Zoetermeer","state":"Zuid-Holland","country":"Netherlands The"},{"city":"Zoeterwoude","state":"Zuid-Holland","country":"Netherlands The"},{"city":"Zwijndrecht","state":"Zuid-Holland","country":"Netherlands The"}]