[{"city":"Auckland","state":"Auckland","country":"New Zealand"},{"city":"Helensville","state":"Auckland","country":"New Zealand"},{"city":"Henderson","state":"Auckland","country":"New Zealand"},{"city":"Hillsborough","state":"Auckland","country":"New Zealand"},{"city":"Lynfield","state":"Auckland","country":"New Zealand"},{"city":"Manukau","state":"Auckland","country":"New Zealand"},{"city":"Manurewa","state":"Auckland","country":"New Zealand"},{"city":"Mt. Roskill","state":"Auckland","country":"New Zealand"},{"city":"North Shore","state":"Auckland","country":"New Zealand"},{"city":"Onehunga","state":"Auckland","country":"New Zealand"},{"city":"Orewa","state":"Auckland","country":"New Zealand"},{"city":"Otahuhu","state":"Auckland","country":"New Zealand"},{"city":"Panmure","state":"Auckland","country":"New Zealand"},{"city":"Papakura","state":"Auckland","country":"New Zealand"},{"city":"Papatoetoe","state":"Auckland","country":"New Zealand"},{"city":"Ponsonby","state":"Auckland","country":"New Zealand"},{"city":"Royal Oak","state":"Auckland","country":"New Zealand"},{"city":"Sandringham","state":"Auckland","country":"New Zealand"},{"city":"Snells Beach","state":"Auckland","country":"New Zealand"},{"city":"Takanini","state":"Auckland","country":"New Zealand"},{"city":"Waiheke","state":"Auckland","country":"New Zealand"},{"city":"Waitakere","state":"Auckland","country":"New Zealand"},{"city":"Amberley","state":"Canterbury","country":"New Zealand"},{"city":"Ashburton","state":"Canterbury","country":"New Zealand"},{"city":"Christchurch","state":"Canterbury","country":"New Zealand"},{"city":"Fairlie","state":"Canterbury","country":"New Zealand"},{"city":"Geraldine","state":"Canterbury","country":"New Zealand"},{"city":"Kaikoura","state":"Canterbury","country":"New Zealand"},{"city":"Leeston","state":"Canterbury","country":"New Zealand"},{"city":"Lyttelton","state":"Canterbury","country":"New Zealand"},{"city":"Oamaru","state":"Canterbury","country":"New Zealand"},{"city":"Rangiora","state":"Canterbury","country":"New Zealand"},{"city":"Temuka","state":"Canterbury","country":"New Zealand"},{"city":"Timaru","state":"Canterbury","country":"New Zealand"},{"city":"Waimate","state":"Canterbury","country":"New Zealand"},{"city":"Gisborne","state":"Gisborne","country":"New Zealand"},{"city":"Dannevirke","state":"Manawatu-Wanganui","country":"New Zealand"},{"city":"Feilding","state":"Manawatu-Wanganui","country":"New Zealand"},{"city":"Foxton","state":"Manawatu-Wanganui","country":"New Zealand"},{"city":"Levin","state":"Manawatu-Wanganui","country":"New Zealand"},{"city":"Marton","state":"Manawatu-Wanganui","country":"New Zealand"},{"city":"Palmerston North","state":"Manawatu-Wanganui","country":"New Zealand"},{"city":"Picton","state":"Manawatu-Wanganui","country":"New Zealand"},{"city":"Taumarunui","state":"Manawatu-Wanganui","country":"New Zealand"},{"city":"Wanganui","state":"Manawatu-Wanganui","country":"New Zealand"},{"city":"Blenheim","state":"Marlborough","country":"New Zealand"},{"city":"Havelock","state":"Marlborough","country":"New Zealand"},{"city":"Nelson","state":"Nelson","country":"New Zealand"},{"city":"Dargaville","state":"Northland","country":"New Zealand"},{"city":"Kaikohe","state":"Northland","country":"New Zealand"},{"city":"Kaitaia","state":"Northland","country":"New Zealand"},{"city":"Kerikeri","state":"Northland","country":"New Zealand"},{"city":"Maungatapere","state":"Northland","country":"New Zealand"},{"city":"Whangarei","state":"Northland","country":"New Zealand"},{"city":"Alexandra","state":"Otago","country":"New Zealand"},{"city":"Balclutha","state":"Otago","country":"New Zealand"},{"city":"Dunedin","state":"Otago","country":"New Zealand"},{"city":"Queenstown","state":"Otago","country":"New Zealand"},{"city":"Wanaka","state":"Otago","country":"New Zealand"},{"city":"Warkworth","state":"Rodney","country":"New Zealand"},{"city":"Gore","state":"Southland","country":"New Zealand"},{"city":"Invercargill","state":"Southland","country":"New Zealand"},{"city":"Eltham","state":"Taranaki","country":"New Zealand"},{"city":"Hawera","state":"Taranaki","country":"New Zealand"},{"city":"Inglewood","state":"Taranaki","country":"New Zealand"},{"city":"New Plymouth","state":"Taranaki","country":"New Zealand"},{"city":"Oakura","state":"Taranaki","country":"New Zealand"},{"city":"Stratford","state":"Taranaki","country":"New Zealand"},{"city":"Waitara","state":"Taranaki","country":"New Zealand"},{"city":"Motueka","state":"Tasman","country":"New Zealand"},{"city":"Richmond","state":"Tasman","country":"New Zealand"},{"city":"Cambridge","state":"Waikato","country":"New Zealand"},{"city":"Coromandel","state":"Waikato","country":"New Zealand"},{"city":"Hamilton","state":"Waikato","country":"New Zealand"},{"city":"Hillcrest","state":"Waikato","country":"New Zealand"},{"city":"Huntly","state":"Waikato","country":"New Zealand"},{"city":"Matamata","state":"Waikato","country":"New Zealand"},{"city":"Morrinsville","state":"Waikato","country":"New Zealand"},{"city":"Ngaruawahia","state":"Waikato","country":"New Zealand"},{"city":"Otorohanga","state":"Waikato","country":"New Zealand"},{"city":"Paeroa","state":"Waikato","country":"New Zealand"},{"city":"Pukekohe","state":"Waikato","country":"New Zealand"},{"city":"Putaruru","state":"Waikato","country":"New Zealand"},{"city":"Taupo","state":"Waikato","country":"New Zealand"},{"city":"Te Aroha","state":"Waikato","country":"New Zealand"},{"city":"Te Awamutu","state":"Waikato","country":"New Zealand"},{"city":"Te Kuiti","state":"Waikato","country":"New Zealand"},{"city":"Thames","state":"Waikato","country":"New Zealand"},{"city":"Tokoroa","state":"Waikato","country":"New Zealand"},{"city":"Turangi","state":"Waikato","country":"New Zealand"},{"city":"Waiuku","state":"Waikato","country":"New Zealand"},{"city":"Whangamata","state":"Waikato","country":"New Zealand"},{"city":"Whitianga","state":"Waikato","country":"New Zealand"},{"city":"Carterton","state":"Wellington","country":"New Zealand"},{"city":"Kapiti","state":"Wellington","country":"New Zealand"},{"city":"Lower Hutt","state":"Wellington","country":"New Zealand"},{"city":"Martinborough","state":"Wellington","country":"New Zealand"},{"city":"Masterton","state":"Wellington","country":"New Zealand"},{"city":"Otaki","state":"Wellington","country":"New Zealand"},{"city":"Paraparaumu","state":"Wellington","country":"New Zealand"},{"city":"Porirua","state":"Wellington","country":"New Zealand"},{"city":"Upper Hutt","state":"Wellington","country":"New Zealand"},{"city":"Wairarapa","state":"Wellington","country":"New Zealand"},{"city":"Wellington","state":"Wellington","country":"New Zealand"}]