[{"city":"Alanje","state":"Chiriqui","country":"Panama"},{"city":"Bajo Boquete","state":"Chiriqui","country":"Panama"},{"city":"Boqueron","state":"Chiriqui","country":"Panama"},{"city":"Bugaba","state":"Chiriqui","country":"Panama"},{"city":"David","state":"Chiriqui","country":"Panama"},{"city":"Dolega","state":"Chiriqui","country":"Panama"},{"city":"Gualaca","state":"Chiriqui","country":"Panama"},{"city":"Horconcitos","state":"Chiriqui","country":"Panama"},{"city":"Las Lajas","state":"Chiriqui","country":"Panama"},{"city":"Puerto Armuelles","state":"Chiriqui","country":"Panama"},{"city":"Remedios","state":"Chiriqui","country":"Panama"},{"city":"Rio Sereno","state":"Chiriqui","country":"Panama"},{"city":"Tole","state":"Chiriqui","country":"Panama"},{"city":"Aguadulce","state":"Cocle","country":"Panama"},{"city":"Anton","state":"Cocle","country":"Panama"},{"city":"La Pintada","state":"Cocle","country":"Panama"},{"city":"Nata","state":"Cocle","country":"Panama"},{"city":"Ola","state":"Cocle","country":"Panama"},{"city":"Penonome","state":"Cocle","country":"Panama"},{"city":"Colon","state":"Colon","country":"Panama"},{"city":"Miguel de la Borda","state":"Colon","country":"Panama"},{"city":"Nuevo Chagres","state":"Colon","country":"Panama"},{"city":"Portobelo","state":"Colon","country":"Panama"},{"city":"Santa Isabel","state":"Colon","country":"Panama"},{"city":"El Real de Santa Maria","state":"Darien","country":"Panama"},{"city":"La Palma","state":"Darien","country":"Panama"},{"city":"Cirilo Guainora","state":"Embera","country":"Panama"},{"city":"Rio Sabalo","state":"Embera","country":"Panama"},{"city":"Chitre","state":"Herrera","country":"Panama"},{"city":"Las Minas","state":"Herrera","country":"Panama"},{"city":"Los Pozos","state":"Herrera","country":"Panama"},{"city":"Ocu","state":"Herrera","country":"Panama"},{"city":"Parita","state":"Herrera","country":"Panama"},{"city":"Pese","state":"Herrera","country":"Panama"},{"city":"Santa Maria","state":"Herrera","country":"Panama"},{"city":"Arraijan","state":"Panama","country":"Panama"},{"city":"Capira","state":"Panama","country":"Panama"},{"city":"Chame","state":"Panama","country":"Panama"},{"city":"Chepo","state":"Panama","country":"Panama"},{"city":"Chiman","state":"Panama","country":"Panama"},{"city":"La Chorrera","state":"Panama","country":"Panama"},{"city":"Panama","state":"Panama","country":"Panama"},{"city":"San Carlos","state":"Panama","country":"Panama"},{"city":"San Miguel","state":"Panama","country":"Panama"},{"city":"San Miguelito","state":"Panama","country":"Panama"},{"city":"Taboga","state":"Panama","country":"Panama"},{"city":"Atalaya","state":"Veraguas","country":"Panama"},{"city":"Calobre","state":"Veraguas","country":"Panama"},{"city":"Canazas","state":"Veraguas","country":"Panama"},{"city":"La Mesa","state":"Veraguas","country":"Panama"},{"city":"Las Palmas","state":"Veraguas","country":"Panama"},{"city":"Montijo","state":"Veraguas","country":"Panama"},{"city":"Rio de Jesus","state":"Veraguas","country":"Panama"},{"city":"San Francisco","state":"Veraguas","country":"Panama"},{"city":"Santa Fe","state":"Veraguas","country":"Panama"},{"city":"Santiago","state":"Veraguas","country":"Panama"},{"city":"Sona","state":"Veraguas","country":"Panama"}]