[{"city":"Ahuachapan","state":"Ahuachapan","country":"El Salvador"},{"city":"Atiquizaya","state":"Ahuachapan","country":"El Salvador"},{"city":"Concepcion de Ataco","state":"Ahuachapan","country":"El Salvador"},{"city":"Guaymango","state":"Ahuachapan","country":"El Salvador"},{"city":"Jujutla","state":"Ahuachapan","country":"El Salvador"},{"city":"San Francisco Menendez","state":"Ahuachapan","country":"El Salvador"},{"city":"Tacuba","state":"Ahuachapan","country":"El Salvador"},{"city":"Ilobasco","state":"Cabanas","country":"El Salvador"},{"city":"Sensuntepeque","state":"Cabanas","country":"El Salvador"},{"city":"Victoria","state":"Cabanas","country":"El Salvador"},{"city":"Chalatenango","state":"Chalatenango","country":"El Salvador"},{"city":"La Palma","state":"Chalatenango","country":"El Salvador"},{"city":"Nueva Concepcion","state":"Chalatenango","country":"El Salvador"},{"city":"San Francisco Morazan","state":"Chalatenango","country":"El Salvador"},{"city":"Cojutepeque","state":"Cuscatlan","country":"El Salvador"},{"city":"San Pedro Perulapan","state":"Cuscatlan","country":"El Salvador"},{"city":"Suchitoto","state":"Cuscatlan","country":"El Salvador"},{"city":"Tecoluca","state":"Cuscatlan","country":"El Salvador"},{"city":"Tenancingo","state":"Cuscatlan","country":"El Salvador"},{"city":"Cacaopera","state":"Morazan","country":"El Salvador"},{"city":"Corinto","state":"Morazan","country":"El Salvador"},{"city":"Gotera","state":"Morazan","country":"El Salvador"},{"city":"Guatajiagua","state":"Morazan","country":"El Salvador"},{"city":"Jocoro","state":"Morazan","country":"El Salvador"},{"city":"Sociedad","state":"Morazan","country":"El Salvador"},{"city":"Acajutla","state":"Sonsonate","country":"El Salvador"},{"city":"Armenia","state":"Sonsonate","country":"El Salvador"},{"city":"Izalco","state":"Sonsonate","country":"El Salvador"},{"city":"Juayua","state":"Sonsonate","country":"El Salvador"},{"city":"Nahuizalco","state":"Sonsonate","country":"El Salvador"},{"city":"San Antonio del Monte","state":"Sonsonate","country":"El Salvador"},{"city":"San Julian","state":"Sonsonate","country":"El Salvador"},{"city":"Sonsonate","state":"Sonsonate","country":"El Salvador"},{"city":"Sonzacate","state":"Sonsonate","country":"El Salvador"},{"city":"Berlin","state":"Usulutan","country":"El Salvador"},{"city":"Concepcion Batres","state":"Usulutan","country":"El Salvador"},{"city":"Estanzuelas","state":"Usulutan","country":"El Salvador"},{"city":"Jiquilisco","state":"Usulutan","country":"El Salvador"},{"city":"Jucuapa","state":"Usulutan","country":"El Salvador"},{"city":"Jucuaran","state":"Usulutan","country":"El Salvador"},{"city":"Ozatlan","state":"Usulutan","country":"El Salvador"},{"city":"Puerto El Triunfo","state":"Usulutan","country":"El Salvador"},{"city":"San Agustin","state":"Usulutan","country":"El Salvador"},{"city":"Santa Elena","state":"Usulutan","country":"El Salvador"},{"city":"Santiago de Maria","state":"Usulutan","country":"El Salvador"},{"city":"Usulutan","state":"Usulutan","country":"El Salvador"}]