[{"city":"ALbatera","state":"Alacant","country":"Spain"},{"city":"Alacant","state":"Alacant","country":"Spain"},{"city":"Alcoi","state":"Alacant","country":"Spain"},{"city":"Almoradi","state":"Alacant","country":"Spain"},{"city":"Altea","state":"Alacant","country":"Spain"},{"city":"Aspe","state":"Alacant","country":"Spain"},{"city":"Benidorm","state":"Alacant","country":"Spain"},{"city":"Benissa","state":"Alacant","country":"Spain"},{"city":"Callosa de Segura","state":"Alacant","country":"Spain"},{"city":"Calp","state":"Alacant","country":"Spain"},{"city":"Cocentaina","state":"Alacant","country":"Spain"},{"city":"Crevillent","state":"Alacant","country":"Spain"},{"city":"Denia","state":"Alacant","country":"Spain"},{"city":"El Campello","state":"Alacant","country":"Spain"},{"city":"Elda","state":"Alacant","country":"Spain"},{"city":"Elx","state":"Alacant","country":"Spain"},{"city":"Guardamar del Segura","state":"Alacant","country":"Spain"},{"city":"Ibi","state":"Alacant","country":"Spain"},{"city":"L'Alfas del Pi","state":"Alacant","country":"Spain"},{"city":"La Vila Joiosa","state":"Alacant","country":"Spain"},{"city":"Monover","state":"Alacant","country":"Spain"},{"city":"Mutxamel","state":"Alacant","country":"Spain"},{"city":"Novelda","state":"Alacant","country":"Spain"},{"city":"Orihuela","state":"Alacant","country":"Spain"},{"city":"Pedreguer","state":"Alacant","country":"Spain"},{"city":"Pego","state":"Alacant","country":"Spain"},{"city":"Petrer","state":"Alacant","country":"Spain"},{"city":"Pilar de la Horadada","state":"Alacant","country":"Spain"},{"city":"Pinoso","state":"Alacant","country":"Spain"},{"city":"Rojales","state":"Alacant","country":"Spain"},{"city":"Sant Joan d'Alacant","state":"Alacant","country":"Spain"},{"city":"Sant Vicent del Raspeig","state":"Alacant","country":"Spain"},{"city":"Santa Pola","state":"Alacant","country":"Spain"},{"city":"Sax","state":"Alacant","country":"Spain"},{"city":"Teulada","state":"Alacant","country":"Spain"},{"city":"Torrevieja","state":"Alacant","country":"Spain"},{"city":"Villena","state":"Alacant","country":"Spain"},{"city":"Xabia","state":"Alacant","country":"Spain"},{"city":"Amurrio","state":"Alava","country":"Spain"},{"city":"Llodio","state":"Alava","country":"Spain"},{"city":"Vitoria","state":"Alava","country":"Spain"},{"city":"Albacete","state":"Albacete","country":"Spain"},{"city":"Almansa","state":"Albacete","country":"Spain"},{"city":"Caudete","state":"Albacete","country":"Spain"},{"city":"Hellin","state":"Albacete","country":"Spain"},{"city":"La Roda","state":"Albacete","country":"Spain"},{"city":"Villarrobledo","state":"Albacete","country":"Spain"},{"city":"Adra","state":"Almeria","country":"Spain"},{"city":"Albox","state":"Almeria","country":"Spain"},{"city":"Almeria","state":"Almeria","country":"Spain"},{"city":"Berja","state":"Almeria","country":"Spain"},{"city":"Cuevas del Almanzora","state":"Almeria","country":"Spain"},{"city":"El Ejido","state":"Almeria","country":"Spain"},{"city":"Huercal de Almeria","state":"Almeria","country":"Spain"},{"city":"Huercal-Overa","state":"Almeria","country":"Spain"},{"city":"Nijar","state":"Almeria","country":"Spain"},{"city":"Roquetas de Mar","state":"Almeria","country":"Spain"},{"city":"Vicar","state":"Almeria","country":"Spain"},{"city":"Benalmadena","state":"Andalucia","country":"Spain"},{"city":"Aller","state":"Asturias","country":"Spain"},{"city":"Aviles","state":"Asturias","country":"Spain"},{"city":"C\/ Pena Salon","state":"Asturias","country":"Spain"},{"city":"Cangas del Narcea","state":"Asturias","country":"Spain"},{"city":"Carreno","state":"Asturias","country":"Spain"},{"city":"Castrillon","state":"Asturias","country":"Spain"},{"city":"Corvera de Asturias","state":"Asturias","country":"Spain"},{"city":"Gijon","state":"Asturias","country":"Spain"},{"city":"Gozon","state":"Asturias","country":"Spain"},{"city":"Grado","state":"Asturias","country":"Spain"},{"city":"Langreo","state":"Asturias","country":"Spain"},{"city":"Laviana","state":"Asturias","country":"Spain"},{"city":"Lena","state":"Asturias","country":"Spain"},{"city":"Llanera","state":"Asturias","country":"Spain"},{"city":"Llanes","state":"Asturias","country":"Spain"},{"city":"Mieres","state":"Asturias","country":"Spain"},{"city":"Navia","state":"Asturias","country":"Spain"},{"city":"Oviedo","state":"Asturias","country":"Spain"},{"city":"Pilona","state":"Asturias","country":"Spain"},{"city":"Pravia","state":"Asturias","country":"Spain"},{"city":"San Martin del Rey Aurelio","state":"Asturias","country":"Spain"},{"city":"Siero","state":"Asturias","country":"Spain"},{"city":"Tineo","state":"Asturias","country":"Spain"},{"city":"Valdes","state":"Asturias","country":"Spain"},{"city":"Villaviciosa","state":"Asturias","country":"Spain"},{"city":"Avila","state":"Avila","country":"Spain"},{"city":"Almendralejo","state":"Badajoz","country":"Spain"},{"city":"Azuaga","state":"Badajoz","country":"Spain"},{"city":"Badajoz","state":"Badajoz","country":"Spain"},{"city":"Don Benito","state":"Badajoz","country":"Spain"},{"city":"Jerez de los Caballeros","state":"Badajoz","country":"Spain"},{"city":"Merida","state":"Badajoz","country":"Spain"},{"city":"Montijo","state":"Badajoz","country":"Spain"},{"city":"Olivenza","state":"Badajoz","country":"Spain"},{"city":"Villafranca de los Barros","state":"Badajoz","country":"Spain"},{"city":"Villanueva de la Serena","state":"Badajoz","country":"Spain"},{"city":"Zafra","state":"Badajoz","country":"Spain"},{"city":"Alayor-Menorca","state":"Balears","country":"Spain"},{"city":"Alcudia","state":"Balears","country":"Spain"},{"city":"Calvia","state":"Balears","country":"Spain"},{"city":"Capdepera","state":"Balears","country":"Spain"},{"city":"Ciutadella de Menorca","state":"Balears","country":"Spain"},{"city":"Eivissa","state":"Balears","country":"Spain"},{"city":"Felanitx","state":"Balears","country":"Spain"},{"city":"Inca","state":"Balears","country":"Spain"},{"city":"Llucmajor","state":"Balears","country":"Spain"},{"city":"Mahon","state":"Balears","country":"Spain"},{"city":"Manacor","state":"Balears","country":"Spain"},{"city":"Marratxi","state":"Balears","country":"Spain"},{"city":"Palma","state":"Balears","country":"Spain"},{"city":"Pollenca","state":"Balears","country":"Spain"},{"city":"Sa Pobla","state":"Balears","country":"Spain"},{"city":"Sant Antoni de Portmany","state":"Balears","country":"Spain"},{"city":"Sant Josep de sa Talaia","state":"Balears","country":"Spain"},{"city":"Santa Eulalia del Rio","state":"Balears","country":"Spain"},{"city":"Santanyi","state":"Balears","country":"Spain"},{"city":"Soller","state":"Balears","country":"Spain"},{"city":"Abrera","state":"Barcelona","country":"Spain"},{"city":"Alella","state":"Barcelona","country":"Spain"},{"city":"Arenys de Mar","state":"Barcelona","country":"Spain"},{"city":"Argentona","state":"Barcelona","country":"Spain"},{"city":"Badalona","state":"Barcelona","country":"Spain"},{"city":"Badia del Valles","state":"Barcelona","country":"Spain"},{"city":"Barbera del Valles","state":"Barcelona","country":"Spain"},{"city":"Barcelona","state":"Barcelona","country":"Spain"},{"city":"Berga","state":"Barcelona","country":"Spain"},{"city":"Cabrera de Mar","state":"Barcelona","country":"Spain"},{"city":"Caldes de Montbui","state":"Barcelona","country":"Spain"},{"city":"Calella","state":"Barcelona","country":"Spain"},{"city":"Canet de Mar","state":"Barcelona","country":"Spain"},{"city":"Canovelles","state":"Barcelona","country":"Spain"},{"city":"Cardedeu","state":"Barcelona","country":"Spain"},{"city":"Castellar del Valles","state":"Barcelona","country":"Spain"},{"city":"Castellbisbal","state":"Barcelona","country":"Spain"},{"city":"Castelldefels","state":"Barcelona","country":"Spain"},{"city":"Cerdanyola","state":"Barcelona","country":"Spain"},{"city":"Corbera de Llobregat","state":"Barcelona","country":"Spain"},{"city":"Cornella","state":"Barcelona","country":"Spain"},{"city":"El Masnou","state":"Barcelona","country":"Spain"},{"city":"El Prat de Llobregat","state":"Barcelona","country":"Spain"},{"city":"Esparreguera","state":"Barcelona","country":"Spain"},{"city":"Esplugues de Llobregat","state":"Barcelona","country":"Spain"},{"city":"Gava","state":"Barcelona","country":"Spain"},{"city":"Granollers","state":"Barcelona","country":"Spain"},{"city":"Igualada","state":"Barcelona","country":"Spain"},{"city":"L'Hospitalet de Llobregat","state":"Barcelona","country":"Spain"},{"city":"La Garriga","state":"Barcelona","country":"Spain"},{"city":"La Llagosta","state":"Barcelona","country":"Spain"},{"city":"Les Franquesas del Valles","state":"Barcelona","country":"Spain"},{"city":"Llica d'Amunt","state":"Barcelona","country":"Spain"},{"city":"Malgrat de Mar","state":"Barcelona","country":"Spain"},{"city":"Manlleu","state":"Barcelona","country":"Spain"},{"city":"Manresa","state":"Barcelona","country":"Spain"},{"city":"Martorell","state":"Barcelona","country":"Spain"},{"city":"Mataro","state":"Barcelona","country":"Spain"},{"city":"Molins de Rei","state":"Barcelona","country":"Spain"},{"city":"Mollet del Valles","state":"Barcelona","country":"Spain"},{"city":"Montcada i Reixac","state":"Barcelona","country":"Spain"},{"city":"Montgat","state":"Barcelona","country":"Spain"},{"city":"Montmelo","state":"Barcelona","country":"Spain"},{"city":"Montornes del Valles","state":"Barcelona","country":"Spain"},{"city":"Olesa de Montserrat","state":"Barcelona","country":"Spain"},{"city":"Palau-solita i Plegamans","state":"Barcelona","country":"Spain"},{"city":"Palleja","state":"Barcelona","country":"Spain"},{"city":"Parets del Valles","state":"Barcelona","country":"Spain"},{"city":"Piera","state":"Barcelona","country":"Spain"},{"city":"Pineda de Mar","state":"Barcelona","country":"Spain"},{"city":"Premia de Dalt","state":"Barcelona","country":"Spain"},{"city":"Premia de Mar","state":"Barcelona","country":"Spain"},{"city":"Ripollet","state":"Barcelona","country":"Spain"},{"city":"Rubi","state":"Barcelona","country":"Spain"},{"city":"Sabadell","state":"Barcelona","country":"Spain"},{"city":"Sant Adria de Besos","state":"Barcelona","country":"Spain"},{"city":"Sant Andreu de la Barca","state":"Barcelona","country":"Spain"},{"city":"Sant Boi de Llobregat","state":"Barcelona","country":"Spain"},{"city":"Sant Celoni","state":"Barcelona","country":"Spain"},{"city":"Sant Cugat del Valles","state":"Barcelona","country":"Spain"},{"city":"Sant Feliu de Llobregat","state":"Barcelona","country":"Spain"},{"city":"Sant Joan Despi","state":"Barcelona","country":"Spain"},{"city":"Sant Joan de Vilatorrada","state":"Barcelona","country":"Spain"},{"city":"Sant Just Desvern","state":"Barcelona","country":"Spain"},{"city":"Sant Pere de Ribes","state":"Barcelona","country":"Spain"},{"city":"Sant Quirze del Valles","state":"Barcelona","country":"Spain"},{"city":"Sant Sadurni d'Anoia","state":"Barcelona","country":"Spain"},{"city":"Sant Vicenc dels Horts","state":"Barcelona","country":"Spain"},{"city":"Santa Coloma de Gramenet","state":"Barcelona","country":"Spain"},{"city":"Santa Margarida de Montbui","state":"Barcelona","country":"Spain"},{"city":"Santa Perpetua de Mogoda","state":"Barcelona","country":"Spain"},{"city":"Sitges","state":"Barcelona","country":"Spain"},{"city":"Son Servera","state":"Barcelona","country":"Spain"},{"city":"Terrassa","state":"Barcelona","country":"Spain"},{"city":"Tordera","state":"Barcelona","country":"Spain"},{"city":"Torello","state":"Barcelona","country":"Spain"},{"city":"Vallirana","state":"Barcelona","country":"Spain"},{"city":"Vic","state":"Barcelona","country":"Spain"},{"city":"Viladecans","state":"Barcelona","country":"Spain"},{"city":"Viladecavalls","state":"Barcelona","country":"Spain"},{"city":"Vilafranca del Penedes","state":"Barcelona","country":"Spain"},{"city":"Vilanova del Cami","state":"Barcelona","country":"Spain"},{"city":"Vilanova i la Geltru","state":"Barcelona","country":"Spain"},{"city":"Vilassar del Mar","state":"Barcelona","country":"Spain"},{"city":"Bertamirans","state":"Bertamirans","country":"Spain"},{"city":"Berriatua","state":"Biscay","country":"Spain"},{"city":"Derio","state":"Biscay","country":"Spain"},{"city":"Elorio","state":"Biscay","country":"Spain"},{"city":"Loiu","state":"Biscay","country":"Spain"},{"city":"Aranda de Duero","state":"Burgos","country":"Spain"},{"city":"Burgos","state":"Burgos","country":"Spain"},{"city":"Miranda de Ebro","state":"Burgos","country":"Spain"},{"city":"Caceres","state":"Caceres","country":"Spain"},{"city":"Coria","state":"Caceres","country":"Spain"},{"city":"Miajadas","state":"Caceres","country":"Spain"},{"city":"Navalmoral de la Mata","state":"Caceres","country":"Spain"},{"city":"Plasencia","state":"Caceres","country":"Spain"},{"city":"Talayuela","state":"Caceres","country":"Spain"},{"city":"Trujillo","state":"Caceres","country":"Spain"},{"city":"Algeciras","state":"Cadiz","country":"Spain"},{"city":"Arcos de la Frontera","state":"Cadiz","country":"Spain"},{"city":"Barbate","state":"Cadiz","country":"Spain"},{"city":"Cadiz","state":"Cadiz","country":"Spain"},{"city":"Chiclana","state":"Cadiz","country":"Spain"},{"city":"Chipiona","state":"Cadiz","country":"Spain"},{"city":"Conil","state":"Cadiz","country":"Spain"},{"city":"El Puerto de Santa Maria","state":"Cadiz","country":"Spain"},{"city":"Jerez","state":"Cadiz","country":"Spain"},{"city":"Jimena de la Frontera","state":"Cadiz","country":"Spain"},{"city":"La Linea","state":"Cadiz","country":"Spain"},{"city":"Los Barrios","state":"Cadiz","country":"Spain"},{"city":"Medina-Sidonia","state":"Cadiz","country":"Spain"},{"city":"Olvera","state":"Cadiz","country":"Spain"},{"city":"Puerto Real","state":"Cadiz","country":"Spain"},{"city":"Rota","state":"Cadiz","country":"Spain"},{"city":"San Fernando","state":"Cadiz","country":"Spain"},{"city":"San Roque","state":"Cadiz","country":"Spain"},{"city":"Sanlucar de Barrameda","state":"Cadiz","country":"Spain"},{"city":"Tarifa","state":"Cadiz","country":"Spain"},{"city":"Ubrique","state":"Cadiz","country":"Spain"},{"city":"Vejer de la Frontera","state":"Cadiz","country":"Spain"},{"city":"Villamartin","state":"Cadiz","country":"Spain"},{"city":"Camargo","state":"Cantabria","country":"Spain"},{"city":"Castro-Urdiales","state":"Cantabria","country":"Spain"},{"city":"El Astillero","state":"Cantabria","country":"Spain"},{"city":"Laredo","state":"Cantabria","country":"Spain"},{"city":"Los Corrales de Buelna","state":"Cantabria","country":"Spain"},{"city":"Pielagos","state":"Cantabria","country":"Spain"},{"city":"Reinosa","state":"Cantabria","country":"Spain"},{"city":"San Felices De Buelna","state":"Cantabria","country":"Spain"},{"city":"Santa Cruz de Bezana","state":"Cantabria","country":"Spain"},{"city":"Santander","state":"Cantabria","country":"Spain"},{"city":"Santona","state":"Cantabria","country":"Spain"},{"city":"Torrelavega","state":"Cantabria","country":"Spain"},{"city":"Almassora","state":"Castello","country":"Spain"},{"city":"Benicarlo","state":"Castello","country":"Spain"},{"city":"Benicassim","state":"Castello","country":"Spain"},{"city":"Burriana","state":"Castello","country":"Spain"},{"city":"Castello","state":"Castello","country":"Spain"},{"city":"L'Alcora","state":"Castello","country":"Spain"},{"city":"La Vall d'Uixo","state":"Castello","country":"Spain"},{"city":"Nules","state":"Castello","country":"Spain"},{"city":"Onda","state":"Castello","country":"Spain"},{"city":"Segorbe","state":"Castello","country":"Spain"},{"city":"Vila-real","state":"Castello","country":"Spain"},{"city":"Vinaros","state":"Castello","country":"Spain"},{"city":"Barcelona","state":"Catalunya","country":"Spain"},{"city":"Ceuta","state":"Ceuta","country":"Spain"},{"city":"Aguilar de la Frontera","state":"Cordoba","country":"Spain"},{"city":"Baena","state":"Cordoba","country":"Spain"},{"city":"Bujalance","state":"Cordoba","country":"Spain"},{"city":"Cabra","state":"Cordoba","country":"Spain"},{"city":"Cordoba","state":"Cordoba","country":"Spain"},{"city":"Fernan-Nunez","state":"Cordoba","country":"Spain"},{"city":"Fuente Palmera","state":"Cordoba","country":"Spain"},{"city":"La Carlota","state":"Cordoba","country":"Spain"},{"city":"Lucena","state":"Cordoba","country":"Spain"},{"city":"Luque","state":"Cordoba","country":"Spain"},{"city":"Montilla","state":"Cordoba","country":"Spain"},{"city":"Montoro","state":"Cordoba","country":"Spain"},{"city":"Palma del Rio","state":"Cordoba","country":"Spain"},{"city":"Penarroya-Pueblonuevo","state":"Cordoba","country":"Spain"},{"city":"Pozoblanco","state":"Cordoba","country":"Spain"},{"city":"Priego de Cordoba","state":"Cordoba","country":"Spain"},{"city":"Puente Genil","state":"Cordoba","country":"Spain"},{"city":"Rute","state":"Cordoba","country":"Spain"},{"city":"Villanueva de Cordoba","state":"Cordoba","country":"Spain"},{"city":"Cuenca","state":"Cuenca","country":"Spain"},{"city":"Tarancon","state":"Cuenca","country":"Spain"},{"city":"Aduna","state":"Gipuzkoa","country":"Spain"},{"city":"Lazakao","state":"Gipuzkoa","country":"Spain"},{"city":"Banyoles","state":"Girona","country":"Spain"},{"city":"Blanes","state":"Girona","country":"Spain"},{"city":"Empuriabrava","state":"Girona","country":"Spain"},{"city":"Figueres","state":"Girona","country":"Spain"},{"city":"Girona","state":"Girona","country":"Spain"},{"city":"La Bisbal d'Emporda","state":"Girona","country":"Spain"},{"city":"Lloret de Mar","state":"Girona","country":"Spain"},{"city":"Massanet de la Selva","state":"Girona","country":"Spain"},{"city":"Olot","state":"Girona","country":"Spain"},{"city":"Palafrugell","state":"Girona","country":"Spain"},{"city":"Palamos","state":"Girona","country":"Spain"},{"city":"Ripoll","state":"Girona","country":"Spain"},{"city":"Roses","state":"Girona","country":"Spain"},{"city":"Salt","state":"Girona","country":"Spain"},{"city":"Sant Feliu de Guixols","state":"Girona","country":"Spain"},{"city":"Santa Coloma de Farners","state":"Girona","country":"Spain"},{"city":"Torroella de Montgri","state":"Girona","country":"Spain"},{"city":"Albolote","state":"Granada","country":"Spain"},{"city":"Almunecar","state":"Granada","country":"Spain"},{"city":"Armilla","state":"Granada","country":"Spain"},{"city":"Atarfe","state":"Granada","country":"Spain"},{"city":"Baza","state":"Granada","country":"Spain"},{"city":"Granada","state":"Granada","country":"Spain"},{"city":"Guadix","state":"Granada","country":"Spain"},{"city":"Huescar","state":"Granada","country":"Spain"},{"city":"Huetor Tajar","state":"Granada","country":"Spain"},{"city":"Huetor Vega","state":"Granada","country":"Spain"},{"city":"Illora","state":"Granada","country":"Spain"},{"city":"La Zubia","state":"Granada","country":"Spain"},{"city":"Las Gabias","state":"Granada","country":"Spain"},{"city":"Loja","state":"Granada","country":"Spain"},{"city":"Maracena","state":"Granada","country":"Spain"},{"city":"Motril","state":"Granada","country":"Spain"},{"city":"Ogijares","state":"Granada","country":"Spain"},{"city":"Peligros","state":"Granada","country":"Spain"},{"city":"Pinos Puente","state":"Granada","country":"Spain"},{"city":"Salobrena","state":"Granada","country":"Spain"},{"city":"Santa Fe","state":"Granada","country":"Spain"},{"city":"Azuqueca de Henares","state":"Guadalajara","country":"Spain"},{"city":"Guadalajara","state":"Guadalajara","country":"Spain"},{"city":"Andoain","state":"Guipuzcoa","country":"Spain"},{"city":"Anoeta","state":"Guipuzcoa","country":"Spain"},{"city":"Arrasate","state":"Guipuzcoa","country":"Spain"},{"city":"Azkoitia","state":"Guipuzcoa","country":"Spain"},{"city":"Azpeitia","state":"Guipuzcoa","country":"Spain"},{"city":"Beasain","state":"Guipuzcoa","country":"Spain"},{"city":"Bergara","state":"Guipuzcoa","country":"Spain"},{"city":"Donostia","state":"Guipuzcoa","country":"Spain"},{"city":"Eibar","state":"Guipuzcoa","country":"Spain"},{"city":"Elgoibar","state":"Guipuzcoa","country":"Spain"},{"city":"Errenteria","state":"Guipuzcoa","country":"Spain"},{"city":"Guipuuzcoa","state":"Guipuzcoa","country":"Spain"},{"city":"Hernani","state":"Guipuzcoa","country":"Spain"},{"city":"Hondarribia","state":"Guipuzcoa","country":"Spain"},{"city":"Irun","state":"Guipuzcoa","country":"Spain"},{"city":"Legazpi","state":"Guipuzcoa","country":"Spain"},{"city":"Mendaro","state":"Guipuzcoa","country":"Spain"},{"city":"Mondragon","state":"Guipuzcoa","country":"Spain"},{"city":"Oiartzun","state":"Guipuzcoa","country":"Spain"},{"city":"Onati","state":"Guipuzcoa","country":"Spain"},{"city":"Ordizia","state":"Guipuzcoa","country":"Spain"},{"city":"Oria","state":"Guipuzcoa","country":"Spain"},{"city":"Pasaia","state":"Guipuzcoa","country":"Spain"},{"city":"Tolosa","state":"Guipuzcoa","country":"Spain"},{"city":"Zarautz","state":"Guipuzcoa","country":"Spain"},{"city":"Zumaia","state":"Guipuzcoa","country":"Spain"},{"city":"Zumarraga","state":"Guipuzcoa","country":"Spain"},{"city":"Aljaraque","state":"Huelva","country":"Spain"},{"city":"Almonte","state":"Huelva","country":"Spain"},{"city":"Ayamonte","state":"Huelva","country":"Spain"},{"city":"Bollullos Par del Condado","state":"Huelva","country":"Spain"},{"city":"Cartaya","state":"Huelva","country":"Spain"},{"city":"Gibraleon","state":"Huelva","country":"Spain"},{"city":"Huelva","state":"Huelva","country":"Spain"},{"city":"Isla Cristina","state":"Huelva","country":"Spain"},{"city":"La Palma del Condado","state":"Huelva","country":"Spain"},{"city":"Lepe","state":"Huelva","country":"Spain"},{"city":"Moguer","state":"Huelva","country":"Spain"},{"city":"Punta Umbria","state":"Huelva","country":"Spain"},{"city":"Valverde del Camino","state":"Huelva","country":"Spain"},{"city":"Barbastro","state":"Huesca","country":"Spain"},{"city":"Binefar","state":"Huesca","country":"Spain"},{"city":"Fraga","state":"Huesca","country":"Spain"},{"city":"Huesca","state":"Huesca","country":"Spain"},{"city":"Jaca","state":"Huesca","country":"Spain"},{"city":"Monzon","state":"Huesca","country":"Spain"},{"city":"Sabinanigo","state":"Huesca","country":"Spain"},{"city":"Alcala la Real","state":"Jaen","country":"Spain"},{"city":"Alcaudete","state":"Jaen","country":"Spain"},{"city":"Andujar","state":"Jaen","country":"Spain"},{"city":"Baeza","state":"Jaen","country":"Spain"},{"city":"Bailen","state":"Jaen","country":"Spain"},{"city":"Cazorla","state":"Jaen","country":"Spain"},{"city":"Jaen","state":"Jaen","country":"Spain"},{"city":"Jodar","state":"Jaen","country":"Spain"},{"city":"La Carolina","state":"Jaen","country":"Spain"},{"city":"Linares","state":"Jaen","country":"Spain"},{"city":"Mancha Real","state":"Jaen","country":"Spain"},{"city":"Martos","state":"Jaen","country":"Spain"},{"city":"Mengibar","state":"Jaen","country":"Spain"},{"city":"Torre del Campo","state":"Jaen","country":"Spain"},{"city":"Torredonjimeno","state":"Jaen","country":"Spain"},{"city":"Ubeda","state":"Jaen","country":"Spain"},{"city":"Villacarrillo","state":"Jaen","country":"Spain"},{"city":"Villanueva del Arzobispo","state":"Jaen","country":"Spain"},{"city":"Astorga","state":"Leon","country":"Spain"},{"city":"Bembibre","state":"Leon","country":"Spain"},{"city":"La Baneza","state":"Leon","country":"Spain"},{"city":"Leon","state":"Leon","country":"Spain"},{"city":"Ponferrada","state":"Leon","country":"Spain"},{"city":"San Andres del Rabanedo","state":"Leon","country":"Spain"},{"city":"Villablino","state":"Leon","country":"Spain"},{"city":"Villaquilambre","state":"Leon","country":"Spain"},{"city":"Tora","state":"Lerida","country":"Spain"},{"city":"Balaguer","state":"Lleida","country":"Spain"},{"city":"La Seu d'Urgell","state":"Lleida","country":"Spain"},{"city":"Lleida","state":"Lleida","country":"Spain"},{"city":"Mollerussa","state":"Lleida","country":"Spain"},{"city":"Tarrega","state":"Lleida","country":"Spain"},{"city":"Burela","state":"Lugo","country":"Spain"},{"city":"Cervo","state":"Lugo","country":"Spain"},{"city":"Chantada","state":"Lugo","country":"Spain"},{"city":"Foz","state":"Lugo","country":"Spain"},{"city":"Lugo","state":"Lugo","country":"Spain"},{"city":"Monforte de Lemos","state":"Lugo","country":"Spain"},{"city":"Ribadeo","state":"Lugo","country":"Spain"},{"city":"Sarria","state":"Lugo","country":"Spain"},{"city":"Vilalba","state":"Lugo","country":"Spain"},{"city":"Viveiro","state":"Lugo","country":"Spain"},{"city":"Alcala de Henares","state":"Madrid","country":"Spain"},{"city":"Alcobendas","state":"Madrid","country":"Spain"},{"city":"Alcorcon","state":"Madrid","country":"Spain"},{"city":"Algete","state":"Madrid","country":"Spain"},{"city":"Alpedrete","state":"Madrid","country":"Spain"},{"city":"Aranjuez","state":"Madrid","country":"Spain"},{"city":"Arganda del Rey","state":"Madrid","country":"Spain"},{"city":"Boadilla del Monte","state":"Madrid","country":"Spain"},{"city":"Ciempozuelos","state":"Madrid","country":"Spain"},{"city":"Collado Villalba","state":"Madrid","country":"Spain"},{"city":"Colmenar Viejo","state":"Madrid","country":"Spain"},{"city":"Coslada","state":"Madrid","country":"Spain"},{"city":"El Escorial","state":"Madrid","country":"Spain"},{"city":"Fuenlabrada","state":"Madrid","country":"Spain"},{"city":"Galapagar","state":"Madrid","country":"Spain"},{"city":"Getafe","state":"Madrid","country":"Spain"},{"city":"Guadarrama","state":"Madrid","country":"Spain"},{"city":"Humanes de Madrid","state":"Madrid","country":"Spain"},{"city":"Las Rozas de Madrid","state":"Madrid","country":"Spain"},{"city":"Leganes","state":"Madrid","country":"Spain"},{"city":"Madrid","state":"Madrid","country":"Spain"},{"city":"Majadahonda","state":"Madrid","country":"Spain"},{"city":"Meco","state":"Madrid","country":"Spain"},{"city":"Mejorada del Campo","state":"Madrid","country":"Spain"},{"city":"Mostoles","state":"Madrid","country":"Spain"},{"city":"Navalcarnero","state":"Madrid","country":"Spain"},{"city":"Parla","state":"Madrid","country":"Spain"},{"city":"Pinto","state":"Madrid","country":"Spain"},{"city":"Pozuelo de Alarcon","state":"Madrid","country":"Spain"},{"city":"Rivas-Vaciamadrid","state":"Madrid","country":"Spain"},{"city":"San Fernando de Henares","state":"Madrid","country":"Spain"},{"city":"San Lorenzo de El Escorial","state":"Madrid","country":"Spain"},{"city":"San Martin de la Vega","state":"Madrid","country":"Spain"},{"city":"San Sebastian de los Reyes","state":"Madrid","country":"Spain"},{"city":"Torrejon de Ardoz","state":"Madrid","country":"Spain"},{"city":"Torrelodones","state":"Madrid","country":"Spain"},{"city":"Tres Cantos","state":"Madrid","country":"Spain"},{"city":"Valdemoro","state":"Madrid","country":"Spain"},{"city":"Velilla de San Antonio","state":"Madrid","country":"Spain"},{"city":"Villanueva de la Canada","state":"Madrid","country":"Spain"},{"city":"Villaviciosa de Odon","state":"Madrid","country":"Spain"},{"city":"Alhaurin de la Torre","state":"Malaga","country":"Spain"},{"city":"Alhaurin el Grande","state":"Malaga","country":"Spain"},{"city":"Alora","state":"Malaga","country":"Spain"},{"city":"Antequera","state":"Malaga","country":"Spain"},{"city":"Apartado","state":"Malaga","country":"Spain"},{"city":"Archidona","state":"Malaga","country":"Spain"},{"city":"Benalmadena","state":"Malaga","country":"Spain"},{"city":"Cartama","state":"Malaga","country":"Spain"},{"city":"Coin","state":"Malaga","country":"Spain"},{"city":"Estepona","state":"Malaga","country":"Spain"},{"city":"Fuengirola","state":"Malaga","country":"Spain"},{"city":"Malaga","state":"Malaga","country":"Spain"},{"city":"Marbella","state":"Malaga","country":"Spain"},{"city":"Mijas","state":"Malaga","country":"Spain"},{"city":"Nerja","state":"Malaga","country":"Spain"},{"city":"Rincon de la Victoria","state":"Malaga","country":"Spain"},{"city":"Ronda","state":"Malaga","country":"Spain"},{"city":"Torremolinos","state":"Malaga","country":"Spain"},{"city":"Torrox","state":"Malaga","country":"Spain"},{"city":"Velez-Malaga","state":"Malaga","country":"Spain"},{"city":"maro","state":"Malaga","country":"Spain"},{"city":"Melilla","state":"Melilla","country":"Spain"},{"city":"Abaran","state":"Murcia","country":"Spain"},{"city":"Aguilas","state":"Murcia","country":"Spain"},{"city":"Alcantarilla","state":"Murcia","country":"Spain"},{"city":"Alhama de Murcia","state":"Murcia","country":"Spain"},{"city":"Archena","state":"Murcia","country":"Spain"},{"city":"Beniel","state":"Murcia","country":"Spain"},{"city":"Bullas","state":"Murcia","country":"Spain"},{"city":"Calasparra","state":"Murcia","country":"Spain"},{"city":"Caravaca de la Cruz","state":"Murcia","country":"Spain"},{"city":"Cartagena","state":"Murcia","country":"Spain"},{"city":"Cehegin","state":"Murcia","country":"Spain"},{"city":"Cieza","state":"Murcia","country":"Spain"},{"city":"Fuente Alamo de Murcia","state":"Murcia","country":"Spain"},{"city":"Jumilla","state":"Murcia","country":"Spain"},{"city":"La Union","state":"Murcia","country":"Spain"},{"city":"Las Torres de Cotillas","state":"Murcia","country":"Spain"},{"city":"Lorca","state":"Murcia","country":"Spain"},{"city":"Los Alcazares","state":"Murcia","country":"Spain"},{"city":"Mazarron","state":"Murcia","country":"Spain"},{"city":"Molina de Segura","state":"Murcia","country":"Spain"},{"city":"Moratella","state":"Murcia","country":"Spain"},{"city":"Mula","state":"Murcia","country":"Spain"},{"city":"Murcia","state":"Murcia","country":"Spain"},{"city":"Puerto Lumbreras","state":"Murcia","country":"Spain"},{"city":"San Javier","state":"Murcia","country":"Spain"},{"city":"San Pedro del Pinatar","state":"Murcia","country":"Spain"},{"city":"Santomera","state":"Murcia","country":"Spain"},{"city":"Torre Pacheco","state":"Murcia","country":"Spain"},{"city":"Torre-Pacheco","state":"Murcia","country":"Spain"},{"city":"Totana","state":"Murcia","country":"Spain"},{"city":"Yecla","state":"Murcia","country":"Spain"},{"city":"Ansoain","state":"Navarra","country":"Spain"},{"city":"Atarrabia","state":"Navarra","country":"Spain"},{"city":"Baranain","state":"Navarra","country":"Spain"},{"city":"Burlata","state":"Navarra","country":"Spain"},{"city":"Iruna","state":"Navarra","country":"Spain"},{"city":"Lizarra","state":"Navarra","country":"Spain"},{"city":"Navarra","state":"Navarra","country":"Spain"},{"city":"Orkoien","state":"Navarra","country":"Spain"},{"city":"Tafalla","state":"Navarra","country":"Spain"},{"city":"Tudela","state":"Navarra","country":"Spain"},{"city":"Zizur Nagusia","state":"Navarra","country":"Spain"},{"city":"O Barco de Valdeorras","state":"Ourense","country":"Spain"},{"city":"O Carballino","state":"Ourense","country":"Spain"},{"city":"Ourense","state":"Ourense","country":"Spain"},{"city":"Verin","state":"Ourense","country":"Spain"},{"city":"Xinzo de Limia","state":"Ourense","country":"Spain"},{"city":"Guardo","state":"Palencia","country":"Spain"},{"city":"Palencia","state":"Palencia","country":"Spain"},{"city":"A Estrada","state":"Pontevedra","country":"Spain"},{"city":"A Guarda","state":"Pontevedra","country":"Spain"},{"city":"Baiona","state":"Pontevedra","country":"Spain"},{"city":"Bueu","state":"Pontevedra","country":"Spain"},{"city":"Caldas de Reis","state":"Pontevedra","country":"Spain"},{"city":"Cambados","state":"Pontevedra","country":"Spain"},{"city":"Cangas","state":"Pontevedra","country":"Spain"},{"city":"Cangas De Morrazo","state":"Pontevedra","country":"Spain"},{"city":"Gondomar","state":"Pontevedra","country":"Spain"},{"city":"Lalin","state":"Pontevedra","country":"Spain"},{"city":"Marin","state":"Pontevedra","country":"Spain"},{"city":"Moana","state":"Pontevedra","country":"Spain"},{"city":"Mos","state":"Pontevedra","country":"Spain"},{"city":"Nigran","state":"Pontevedra","country":"Spain"},{"city":"O Grove","state":"Pontevedra","country":"Spain"},{"city":"O Porrino","state":"Pontevedra","country":"Spain"},{"city":"Poio","state":"Pontevedra","country":"Spain"},{"city":"Ponteareas","state":"Pontevedra","country":"Spain"},{"city":"Pontevedra","state":"Pontevedra","country":"Spain"},{"city":"Redondela","state":"Pontevedra","country":"Spain"},{"city":"Salvaterra de Mino","state":"Pontevedra","country":"Spain"},{"city":"Sanxenxo","state":"Pontevedra","country":"Spain"},{"city":"Silleda","state":"Pontevedra","country":"Spain"},{"city":"Tomino","state":"Pontevedra","country":"Spain"},{"city":"Tui","state":"Pontevedra","country":"Spain"},{"city":"Vigo","state":"Pontevedra","country":"Spain"},{"city":"Vilagarcia de Arousa","state":"Pontevedra","country":"Spain"},{"city":"Vilanova de Arousa","state":"Pontevedra","country":"Spain"},{"city":"Bejar","state":"Salamanca","country":"Spain"},{"city":"Ciudad Rodrigo","state":"Salamanca","country":"Spain"},{"city":"Salamanca","state":"Salamanca","country":"Spain"},{"city":"Santa Marta de Tormes","state":"Salamanca","country":"Spain"},{"city":"Cuellar","state":"Segovia","country":"Spain"},{"city":"Segovia","state":"Segovia","country":"Spain"},{"city":"Alcala de Guadaira","state":"Sevilla","country":"Spain"},{"city":"Alcala del Rio","state":"Sevilla","country":"Spain"},{"city":"Arahal","state":"Sevilla","country":"Spain"},{"city":"Bormujos","state":"Sevilla","country":"Spain"},{"city":"Brenes","state":"Sevilla","country":"Spain"},{"city":"Camas","state":"Sevilla","country":"Spain"},{"city":"Cantillana","state":"Sevilla","country":"Spain"},{"city":"Carmona","state":"Sevilla","country":"Spain"},{"city":"Castilleja de la Cuesta","state":"Sevilla","country":"Spain"},{"city":"Coria del Rio","state":"Sevilla","country":"Spain"},{"city":"Dos Hermanas","state":"Sevilla","country":"Spain"},{"city":"Ecija","state":"Sevilla","country":"Spain"},{"city":"El Viso del Alcor","state":"Sevilla","country":"Spain"},{"city":"Estepa","state":"Sevilla","country":"Spain"},{"city":"Gines","state":"Sevilla","country":"Spain"},{"city":"Guillena","state":"Sevilla","country":"Spain"},{"city":"La Algaba","state":"Sevilla","country":"Spain"},{"city":"La Puebla de Cazalla","state":"Sevilla","country":"Spain"},{"city":"La Puebla del Rio","state":"Sevilla","country":"Spain"},{"city":"La Rinconada","state":"Sevilla","country":"Spain"},{"city":"Las Cabezas de San Juan","state":"Sevilla","country":"Spain"},{"city":"Lebrija","state":"Sevilla","country":"Spain"},{"city":"Lora del Rio","state":"Sevilla","country":"Spain"},{"city":"Los Palacios y Villafranca","state":"Sevilla","country":"Spain"},{"city":"Mairena del Alcor","state":"Sevilla","country":"Spain"},{"city":"Mairena del Aljarafe","state":"Sevilla","country":"Spain"},{"city":"Marchena","state":"Sevilla","country":"Spain"},{"city":"Moron de la Frontera","state":"Sevilla","country":"Spain"},{"city":"Olivares","state":"Sevilla","country":"Spain"},{"city":"Osuna","state":"Sevilla","country":"Spain"},{"city":"Pilas","state":"Sevilla","country":"Spain"},{"city":"San Juan de Aznalfarache","state":"Sevilla","country":"Spain"},{"city":"Sanlucar la Mayor","state":"Sevilla","country":"Spain"},{"city":"Sevilla","state":"Sevilla","country":"Spain"},{"city":"Tocina","state":"Sevilla","country":"Spain"},{"city":"Tomares","state":"Sevilla","country":"Spain"},{"city":"Utrera","state":"Sevilla","country":"Spain"},{"city":"Soria","state":"Soria","country":"Spain"},{"city":"Alcanar","state":"Tarragona","country":"Spain"},{"city":"Amposta","state":"Tarragona","country":"Spain"},{"city":"Calafell","state":"Tarragona","country":"Spain"},{"city":"Cambrils","state":"Tarragona","country":"Spain"},{"city":"Deltrebe","state":"Tarragona","country":"Spain"},{"city":"El Vendrell","state":"Tarragona","country":"Spain"},{"city":"Reus","state":"Tarragona","country":"Spain"},{"city":"Salou","state":"Tarragona","country":"Spain"},{"city":"Sant Carles de la Rapita","state":"Tarragona","country":"Spain"},{"city":"Tarragona","state":"Tarragona","country":"Spain"},{"city":"Torredembarra","state":"Tarragona","country":"Spain"},{"city":"Tortosa","state":"Tarragona","country":"Spain"},{"city":"Valls","state":"Tarragona","country":"Spain"},{"city":"Vila-seca","state":"Tarragona","country":"Spain"},{"city":"Tenerife","state":"Tenerife","country":"Spain"},{"city":"Alcaniz","state":"Teruel","country":"Spain"},{"city":"Teruel","state":"Teruel","country":"Spain"},{"city":"Consuegra","state":"Toledo","country":"Spain"},{"city":"Illescas","state":"Toledo","country":"Spain"},{"city":"Madridejos","state":"Toledo","country":"Spain"},{"city":"Mora","state":"Toledo","country":"Spain"},{"city":"Pepino","state":"Toledo","country":"Spain"},{"city":"Quintanar de la Orden","state":"Toledo","country":"Spain"},{"city":"Sonseca","state":"Toledo","country":"Spain"},{"city":"Talavera de la Reina","state":"Toledo","country":"Spain"},{"city":"Toledo","state":"Toledo","country":"Spain"},{"city":"Torrijos","state":"Toledo","country":"Spain"},{"city":"Villacanas","state":"Toledo","country":"Spain"},{"city":"Agullent","state":"Valencia","country":"Spain"},{"city":"Alaquas","state":"Valencia","country":"Spain"},{"city":"Albal","state":"Valencia","country":"Spain"},{"city":"Alberic","state":"Valencia","country":"Spain"},{"city":"Alboraya","state":"Valencia","country":"Spain"},{"city":"Aldaia","state":"Valencia","country":"Spain"},{"city":"Alfafar","state":"Valencia","country":"Spain"},{"city":"Algemesi","state":"Valencia","country":"Spain"},{"city":"Alginet","state":"Valencia","country":"Spain"},{"city":"Alzira","state":"Valencia","country":"Spain"},{"city":"Benaguasil","state":"Valencia","country":"Spain"},{"city":"Benetusser","state":"Valencia","country":"Spain"},{"city":"Benifaio","state":"Valencia","country":"Spain"},{"city":"Beniparrell","state":"Valencia","country":"Spain"},{"city":"Betera","state":"Valencia","country":"Spain"},{"city":"Bunol","state":"Valencia","country":"Spain"},{"city":"Burjassot","state":"Valencia","country":"Spain"},{"city":"Canals","state":"Valencia","country":"Spain"},{"city":"Carcaixent","state":"Valencia","country":"Spain"},{"city":"Carlet","state":"Valencia","country":"Spain"},{"city":"Catarroja","state":"Valencia","country":"Spain"},{"city":"Chiva","state":"Valencia","country":"Spain"},{"city":"Cullera","state":"Valencia","country":"Spain"},{"city":"Elche","state":"Valencia","country":"Spain"},{"city":"Gandia","state":"Valencia","country":"Spain"},{"city":"Godella","state":"Valencia","country":"Spain"},{"city":"L'Alcudia","state":"Valencia","country":"Spain"},{"city":"L'Eliana","state":"Valencia","country":"Spain"},{"city":"La Pobla de Vallbona","state":"Valencia","country":"Spain"},{"city":"Lliria","state":"Valencia","country":"Spain"},{"city":"Los Montesinos","state":"Valencia","country":"Spain"},{"city":"Manises","state":"Valencia","country":"Spain"},{"city":"Massamagrell","state":"Valencia","country":"Spain"},{"city":"Meliana","state":"Valencia","country":"Spain"},{"city":"Mislata","state":"Valencia","country":"Spain"},{"city":"Moncada","state":"Valencia","country":"Spain"},{"city":"Oliva","state":"Valencia","country":"Spain"},{"city":"Ontinyent","state":"Valencia","country":"Spain"},{"city":"Paiporta","state":"Valencia","country":"Spain"},{"city":"Paterna","state":"Valencia","country":"Spain"},{"city":"Picanya","state":"Valencia","country":"Spain"},{"city":"Picassent","state":"Valencia","country":"Spain"},{"city":"Pucol","state":"Valencia","country":"Spain"},{"city":"Quart de Poblet","state":"Valencia","country":"Spain"},{"city":"Requena","state":"Valencia","country":"Spain"},{"city":"Riba-roja de Turia","state":"Valencia","country":"Spain"},{"city":"Sagunt","state":"Valencia","country":"Spain"},{"city":"Sedavi","state":"Valencia","country":"Spain"},{"city":"Silla","state":"Valencia","country":"Spain"},{"city":"Sueca","state":"Valencia","country":"Spain"},{"city":"Tavernes Blanques","state":"Valencia","country":"Spain"},{"city":"Tavernes de la Valldigna","state":"Valencia","country":"Spain"},{"city":"Torrent","state":"Valencia","country":"Spain"},{"city":"Utiel","state":"Valencia","country":"Spain"},{"city":"Valencia","state":"Valencia","country":"Spain"},{"city":"Xativa","state":"Valencia","country":"Spain"},{"city":"Xirivella","state":"Valencia","country":"Spain"},{"city":"Laguna de Duero","state":"Valladolid","country":"Spain"},{"city":"Medina del Campo","state":"Valladolid","country":"Spain"},{"city":"Tordesillas","state":"Valladolid","country":"Spain"},{"city":"Valladolid","state":"Valladolid","country":"Spain"},{"city":"Abadiano","state":"Vizcaya","country":"Spain"},{"city":"Abanto Zierbena","state":"Vizcaya","country":"Spain"},{"city":"Amorebieta","state":"Vizcaya","country":"Spain"},{"city":"Arrigorriaga","state":"Vizcaya","country":"Spain"},{"city":"Barakaldo","state":"Vizcaya","country":"Spain"},{"city":"Basauri","state":"Vizcaya","country":"Spain"},{"city":"Bermeo","state":"Vizcaya","country":"Spain"},{"city":"Berriz","state":"Vizcaya","country":"Spain"},{"city":"Bilbao","state":"Vizcaya","country":"Spain"},{"city":"Durango","state":"Vizcaya","country":"Spain"},{"city":"Erandio","state":"Vizcaya","country":"Spain"},{"city":"Ermua","state":"Vizcaya","country":"Spain"},{"city":"Etxano","state":"Vizcaya","country":"Spain"},{"city":"Galdakao","state":"Vizcaya","country":"Spain"},{"city":"Gernika-Lumo","state":"Vizcaya","country":"Spain"},{"city":"Getxo","state":"Vizcaya","country":"Spain"},{"city":"Igorre","state":"Vizcaya","country":"Spain"},{"city":"Leioa","state":"Vizcaya","country":"Spain"},{"city":"Mungia","state":"Vizcaya","country":"Spain"},{"city":"Ondarroa","state":"Vizcaya","country":"Spain"},{"city":"Ortuella","state":"Vizcaya","country":"Spain"},{"city":"Portugalete","state":"Vizcaya","country":"Spain"},{"city":"Santurtzi","state":"Vizcaya","country":"Spain"},{"city":"Sestao","state":"Vizcaya","country":"Spain"},{"city":"Sopelana","state":"Vizcaya","country":"Spain"},{"city":"Trapagaran","state":"Vizcaya","country":"Spain"},{"city":"Zamudio","state":"Vizcaya","country":"Spain"},{"city":"Benavente","state":"Zamora","country":"Spain"},{"city":"Toro","state":"Zamora","country":"Spain"},{"city":"Zamora","state":"Zamora","country":"Spain"},{"city":"Calatayud","state":"Zaragoza","country":"Spain"},{"city":"Ejea de los Caballeros","state":"Zaragoza","country":"Spain"},{"city":"Tarazona","state":"Zaragoza","country":"Spain"},{"city":"Utebo","state":"Zaragoza","country":"Spain"},{"city":"Zaragoza","state":"Zaragoza","country":"Spain"}]