[{"city":"Aarau","state":"Aargau","country":"Switzerland"},{"city":"Aarburg","state":"Aargau","country":"Switzerland"},{"city":"Baden","state":"Aargau","country":"Switzerland"},{"city":"Bevilard","state":"Aargau","country":"Switzerland"},{"city":"Bremgarten","state":"Aargau","country":"Switzerland"},{"city":"Brugg","state":"Aargau","country":"Switzerland"},{"city":"Buchs","state":"Aargau","country":"Switzerland"},{"city":"Chevenez","state":"Aargau","country":"Switzerland"},{"city":"Fislisbach","state":"Aargau","country":"Switzerland"},{"city":"Granichen","state":"Aargau","country":"Switzerland"},{"city":"Hagglingen","state":"Aargau","country":"Switzerland"},{"city":"Kaiseraugst","state":"Aargau","country":"Switzerland"},{"city":"Kleindoettingen","state":"Aargau","country":"Switzerland"},{"city":"Klingnau","state":"Aargau","country":"Switzerland"},{"city":"Kuttigen","state":"Aargau","country":"Switzerland"},{"city":"Lenzburg","state":"Aargau","country":"Switzerland"},{"city":"Menziken","state":"Aargau","country":"Switzerland"},{"city":"Mohlin","state":"Aargau","country":"Switzerland"},{"city":"Mumpf","state":"Aargau","country":"Switzerland"},{"city":"Muri","state":"Aargau","country":"Switzerland"},{"city":"Neuenhof","state":"Aargau","country":"Switzerland"},{"city":"Niederlenz","state":"Aargau","country":"Switzerland"},{"city":"Niederwangen","state":"Aargau","country":"Switzerland"},{"city":"Niederwil","state":"Aargau","country":"Switzerland"},{"city":"Oberentfelden","state":"Aargau","country":"Switzerland"},{"city":"Obersiggenthal","state":"Aargau","country":"Switzerland"},{"city":"Oftringen","state":"Aargau","country":"Switzerland"},{"city":"Reinach","state":"Aargau","country":"Switzerland"},{"city":"Rheinfelden","state":"Aargau","country":"Switzerland"},{"city":"Rosshausern","state":"Aargau","country":"Switzerland"},{"city":"Rothrist","state":"Aargau","country":"Switzerland"},{"city":"Rupperswil","state":"Aargau","country":"Switzerland"},{"city":"Schmitten","state":"Aargau","country":"Switzerland"},{"city":"Seon","state":"Aargau","country":"Switzerland"},{"city":"Spreitenbach","state":"Aargau","country":"Switzerland"},{"city":"Stein","state":"Aargau","country":"Switzerland"},{"city":"Suhr","state":"Aargau","country":"Switzerland"},{"city":"Trogen","state":"Aargau","country":"Switzerland"},{"city":"Untersiggenthal","state":"Aargau","country":"Switzerland"},{"city":"Villmergen","state":"Aargau","country":"Switzerland"},{"city":"Wettingen","state":"Aargau","country":"Switzerland"},{"city":"Windisch","state":"Aargau","country":"Switzerland"},{"city":"Wohlen","state":"Aargau","country":"Switzerland"},{"city":"Wurenlos","state":"Aargau","country":"Switzerland"},{"city":"Zofingen","state":"Aargau","country":"Switzerland"},{"city":"Aesch","state":"Basel-Landschaft","country":"Switzerland"},{"city":"Allschwil","state":"Basel-Landschaft","country":"Switzerland"},{"city":"Arlesheim","state":"Basel-Landschaft","country":"Switzerland"},{"city":"Binningen","state":"Basel-Landschaft","country":"Switzerland"},{"city":"Birsfelden","state":"Basel-Landschaft","country":"Switzerland"},{"city":"Bottmingen","state":"Basel-Landschaft","country":"Switzerland"},{"city":"Ettingen","state":"Basel-Landschaft","country":"Switzerland"},{"city":"Frenkendorf","state":"Basel-Landschaft","country":"Switzerland"},{"city":"Gelterkinden","state":"Basel-Landschaft","country":"Switzerland"},{"city":"Laufen","state":"Basel-Landschaft","country":"Switzerland"},{"city":"Lausen","state":"Basel-Landschaft","country":"Switzerland"},{"city":"Liestal","state":"Basel-Landschaft","country":"Switzerland"},{"city":"Munchenstein","state":"Basel-Landschaft","country":"Switzerland"},{"city":"Muttenz","state":"Basel-Landschaft","country":"Switzerland"},{"city":"Oberwil","state":"Basel-Landschaft","country":"Switzerland"},{"city":"Pratteln","state":"Basel-Landschaft","country":"Switzerland"},{"city":"Reinach","state":"Basel-Landschaft","country":"Switzerland"},{"city":"Sissach","state":"Basel-Landschaft","country":"Switzerland"},{"city":"Therwil","state":"Basel-Landschaft","country":"Switzerland"},{"city":"Basel","state":"Basel-Stadt","country":"Switzerland"},{"city":"Riehen","state":"Basel-Stadt","country":"Switzerland"},{"city":"Belp","state":"Bern","country":"Switzerland"},{"city":"Bern","state":"Bern","country":"Switzerland"},{"city":"Berne","state":"Bern","country":"Switzerland"},{"city":"Biel","state":"Bern","country":"Switzerland"},{"city":"Biel-Bienne","state":"Bern","country":"Switzerland"},{"city":"Bolligen","state":"Bern","country":"Switzerland"},{"city":"Burgdorf","state":"Bern","country":"Switzerland"},{"city":"Frutigen","state":"Bern","country":"Switzerland"},{"city":"Heimberg","state":"Bern","country":"Switzerland"},{"city":"Herzogenbuchsee","state":"Bern","country":"Switzerland"},{"city":"Huttwil","state":"Bern","country":"Switzerland"},{"city":"Interlaken","state":"Bern","country":"Switzerland"},{"city":"Ittigen","state":"Bern","country":"Switzerland"},{"city":"Kirchberg","state":"Bern","country":"Switzerland"},{"city":"Koniz","state":"Bern","country":"Switzerland"},{"city":"Konolfingen","state":"Bern","country":"Switzerland"},{"city":"Langenthal","state":"Bern","country":"Switzerland"},{"city":"Langnau","state":"Bern","country":"Switzerland"},{"city":"Lengnau","state":"Bern","country":"Switzerland"},{"city":"Lyss","state":"Bern","country":"Switzerland"},{"city":"Meiringen","state":"Bern","country":"Switzerland"},{"city":"Moutier","state":"Bern","country":"Switzerland"},{"city":"Munchenbuchsee","state":"Bern","country":"Switzerland"},{"city":"Munsingen","state":"Bern","country":"Switzerland"},{"city":"Muri","state":"Bern","country":"Switzerland"},{"city":"Nidau","state":"Bern","country":"Switzerland"},{"city":"Orpund","state":"Bern","country":"Switzerland"},{"city":"Ostermundingen","state":"Bern","country":"Switzerland"},{"city":"Pieterlen","state":"Bern","country":"Switzerland"},{"city":"Saanen","state":"Bern","country":"Switzerland"},{"city":"Saint-Imier","state":"Bern","country":"Switzerland"},{"city":"Sonceboz","state":"Bern","country":"Switzerland"},{"city":"Spiez","state":"Bern","country":"Switzerland"},{"city":"Steffisburg","state":"Bern","country":"Switzerland"},{"city":"Sumiswald","state":"Bern","country":"Switzerland"},{"city":"Thun","state":"Bern","country":"Switzerland"},{"city":"Uetendorf","state":"Bern","country":"Switzerland"},{"city":"Unterseen","state":"Bern","country":"Switzerland"},{"city":"Urtenen","state":"Bern","country":"Switzerland"},{"city":"Vechingen","state":"Bern","country":"Switzerland"},{"city":"Wahlern","state":"Bern","country":"Switzerland"},{"city":"Wohlen","state":"Bern","country":"Switzerland"},{"city":"Worb","state":"Bern","country":"Switzerland"},{"city":"Zollikofen","state":"Bern","country":"Switzerland"},{"city":"Bulle","state":"Fribourg","country":"Switzerland"},{"city":"Dudingen","state":"Fribourg","country":"Switzerland"},{"city":"Fribourg","state":"Fribourg","country":"Switzerland"},{"city":"Granges-Paccot","state":"Fribourg","country":"Switzerland"},{"city":"Marly","state":"Fribourg","country":"Switzerland"},{"city":"Muntelier","state":"Fribourg","country":"Switzerland"},{"city":"Murten","state":"Fribourg","country":"Switzerland"},{"city":"Remaufens","state":"Fribourg","country":"Switzerland"},{"city":"Villars-sur-Glane","state":"Fribourg","country":"Switzerland"},{"city":"Villaz-Saint-Pierre","state":"Fribourg","country":"Switzerland"},{"city":"Wunnewil-Flamatt","state":"Fribourg","country":"Switzerland"},{"city":"Bernex","state":"Geneve","country":"Switzerland"},{"city":"Carouge","state":"Geneve","country":"Switzerland"},{"city":"Chene-Bougeries","state":"Geneve","country":"Switzerland"},{"city":"Chene-Bourg","state":"Geneve","country":"Switzerland"},{"city":"Collonge-Bellerive","state":"Geneve","country":"Switzerland"},{"city":"Cologny","state":"Geneve","country":"Switzerland"},{"city":"Geneva","state":"Geneve","country":"Switzerland"},{"city":"Geneve","state":"Geneve","country":"Switzerland"},{"city":"Lancy","state":"Geneve","country":"Switzerland"},{"city":"Le Grand-Saconnex","state":"Geneve","country":"Switzerland"},{"city":"Meyrin","state":"Geneve","country":"Switzerland"},{"city":"Onex","state":"Geneve","country":"Switzerland"},{"city":"Plan-les-Ouates","state":"Geneve","country":"Switzerland"},{"city":"Thonex","state":"Geneve","country":"Switzerland"},{"city":"Vernier","state":"Geneve","country":"Switzerland"},{"city":"Versoix","state":"Geneve","country":"Switzerland"},{"city":"Veyrier","state":"Geneve","country":"Switzerland"},{"city":"Glarus","state":"Glarus","country":"Switzerland"},{"city":"Nafels","state":"Glarus","country":"Switzerland"},{"city":"Arosa","state":"Graubunden","country":"Switzerland"},{"city":"Chur","state":"Graubunden","country":"Switzerland"},{"city":"Davos","state":"Graubunden","country":"Switzerland"},{"city":"Domat","state":"Graubunden","country":"Switzerland"},{"city":"Igis","state":"Graubunden","country":"Switzerland"},{"city":"Landquart","state":"Graubunden","country":"Switzerland"},{"city":"Maienfeld","state":"Graubunden","country":"Switzerland"},{"city":"Sankt Moritz","state":"Graubunden","country":"Switzerland"},{"city":"Heerbrugg","state":"Heerbrugg","country":"Switzerland"},{"city":"Delemont","state":"Jura","country":"Switzerland"},{"city":"Glovelier","state":"Jura","country":"Switzerland"},{"city":"Le Noirmont","state":"Jura","country":"Switzerland"},{"city":"Porrentruy","state":"Jura","country":"Switzerland"},{"city":"Adligenswil","state":"Luzern","country":"Switzerland"},{"city":"Ballwil","state":"Luzern","country":"Switzerland"},{"city":"Buchrain","state":"Luzern","country":"Switzerland"},{"city":"Ebikon","state":"Luzern","country":"Switzerland"},{"city":"Emmen","state":"Luzern","country":"Switzerland"},{"city":"Hochdorf","state":"Luzern","country":"Switzerland"},{"city":"Horw","state":"Luzern","country":"Switzerland"},{"city":"Kriens","state":"Luzern","country":"Switzerland"},{"city":"Littau","state":"Luzern","country":"Switzerland"},{"city":"Luzern","state":"Luzern","country":"Switzerland"},{"city":"Malters","state":"Luzern","country":"Switzerland"},{"city":"Meggen","state":"Luzern","country":"Switzerland"},{"city":"Neuenkirch","state":"Luzern","country":"Switzerland"},{"city":"Perlern","state":"Luzern","country":"Switzerland"},{"city":"Rothenburg","state":"Luzern","country":"Switzerland"},{"city":"Ruswil","state":"Luzern","country":"Switzerland"},{"city":"Sursee","state":"Luzern","country":"Switzerland"},{"city":"Muhen","state":"Muhen","country":"Switzerland"},{"city":"Bole","state":"Neuchatel","country":"Switzerland"},{"city":"Boudry","state":"Neuchatel","country":"Switzerland"},{"city":"Colombier","state":"Neuchatel","country":"Switzerland"},{"city":"La Chaux-de-Fonds","state":"Neuchatel","country":"Switzerland"},{"city":"Le Locle","state":"Neuchatel","country":"Switzerland"},{"city":"Neuchatel","state":"Neuchatel","country":"Switzerland"},{"city":"Peseux","state":"Neuchatel","country":"Switzerland"},{"city":"Buochs","state":"Nidwalden","country":"Switzerland"},{"city":"Hergiswil","state":"Nidwalden","country":"Switzerland"},{"city":"Stans","state":"Nidwalden","country":"Switzerland"},{"city":"Stansstad","state":"Nidwalden","country":"Switzerland"},{"city":"Alpnach","state":"Obwalden","country":"Switzerland"},{"city":"Kerns","state":"Obwalden","country":"Switzerland"},{"city":"Sachseln","state":"Obwalden","country":"Switzerland"},{"city":"Sarnen","state":"Obwalden","country":"Switzerland"},{"city":"Neuhausen","state":"Schaffhausen","country":"Switzerland"},{"city":"Schaffhausen","state":"Schaffhausen","country":"Switzerland"},{"city":"Altendorf","state":"Schwyz","country":"Switzerland"},{"city":"Arth","state":"Schwyz","country":"Switzerland"},{"city":"Buron","state":"Schwyz","country":"Switzerland"},{"city":"Einsiedeln","state":"Schwyz","country":"Switzerland"},{"city":"Feusisberg","state":"Schwyz","country":"Switzerland"},{"city":"Freienbach","state":"Schwyz","country":"Switzerland"},{"city":"Ingenbohl","state":"Schwyz","country":"Switzerland"},{"city":"Kussnacht","state":"Schwyz","country":"Switzerland"},{"city":"Lachen","state":"Schwyz","country":"Switzerland"},{"city":"Schubelbach","state":"Schwyz","country":"Switzerland"},{"city":"Schwyz","state":"Schwyz","country":"Switzerland"},{"city":"Wangen","state":"Schwyz","country":"Switzerland"},{"city":"Wollerau","state":"Schwyz","country":"Switzerland"},{"city":"Balsthal","state":"Solothurn","country":"Switzerland"},{"city":"Bellach","state":"Solothurn","country":"Switzerland"},{"city":"Bettlach","state":"Solothurn","country":"Switzerland"},{"city":"Biberist","state":"Solothurn","country":"Switzerland"},{"city":"Derendingen","state":"Solothurn","country":"Switzerland"},{"city":"Dornach","state":"Solothurn","country":"Switzerland"},{"city":"Dulliken","state":"Solothurn","country":"Switzerland"},{"city":"Feldbrunnen","state":"Solothurn","country":"Switzerland"},{"city":"Gerlafingen","state":"Solothurn","country":"Switzerland"},{"city":"Grenchen","state":"Solothurn","country":"Switzerland"},{"city":"Hagendorf","state":"Solothurn","country":"Switzerland"},{"city":"Olten","state":"Solothurn","country":"Switzerland"},{"city":"Schonenwerd","state":"Solothurn","country":"Switzerland"},{"city":"Solothurn","state":"Solothurn","country":"Switzerland"},{"city":"Trimbach","state":"Solothurn","country":"Switzerland"},{"city":"Wangen","state":"Solothurn","country":"Switzerland"},{"city":"Zuchwil","state":"Solothurn","country":"Switzerland"},{"city":"Aadorf","state":"Thurgau","country":"Switzerland"},{"city":"Amriswil","state":"Thurgau","country":"Switzerland"},{"city":"Arbon","state":"Thurgau","country":"Switzerland"},{"city":"Bischofszell","state":"Thurgau","country":"Switzerland"},{"city":"Felben-Wellhausen","state":"Thurgau","country":"Switzerland"},{"city":"Frauenfeld","state":"Thurgau","country":"Switzerland"},{"city":"Guttingen","state":"Thurgau","country":"Switzerland"},{"city":"Kreuzlingen","state":"Thurgau","country":"Switzerland"},{"city":"Romanshorn","state":"Thurgau","country":"Switzerland"},{"city":"Sirnach","state":"Thurgau","country":"Switzerland"},{"city":"Sulgen","state":"Thurgau","country":"Switzerland"},{"city":"Tagerwilen","state":"Thurgau","country":"Switzerland"},{"city":"Weinfelden","state":"Thurgau","country":"Switzerland"},{"city":"Ascona","state":"Ticino","country":"Switzerland"},{"city":"Bellinzona","state":"Ticino","country":"Switzerland"},{"city":"Biasca","state":"Ticino","country":"Switzerland"},{"city":"Breganzona","state":"Ticino","country":"Switzerland"},{"city":"Cadempino","state":"Ticino","country":"Switzerland"},{"city":"Chiasso","state":"Ticino","country":"Switzerland"},{"city":"Giubiasco","state":"Ticino","country":"Switzerland"},{"city":"Locarno","state":"Ticino","country":"Switzerland"},{"city":"Losone","state":"Ticino","country":"Switzerland"},{"city":"Lugano","state":"Ticino","country":"Switzerland"},{"city":"Massagno","state":"Ticino","country":"Switzerland"},{"city":"Melide","state":"Ticino","country":"Switzerland"},{"city":"Mendrisio","state":"Ticino","country":"Switzerland"},{"city":"Mezzovico","state":"Ticino","country":"Switzerland"},{"city":"Minusio","state":"Ticino","country":"Switzerland"},{"city":"Porza","state":"Ticino","country":"Switzerland"},{"city":"Pregassona","state":"Ticino","country":"Switzerland"},{"city":"Viganello","state":"Ticino","country":"Switzerland"},{"city":"Altdorf","state":"Uri","country":"Switzerland"},{"city":"Schattdorf","state":"Uri","country":"Switzerland"},{"city":"Bagnes","state":"Valais","country":"Switzerland"},{"city":"Brig-Glis","state":"Valais","country":"Switzerland"},{"city":"Collombey-Muraz","state":"Valais","country":"Switzerland"},{"city":"Conthey","state":"Valais","country":"Switzerland"},{"city":"Evionnaz","state":"Valais","country":"Switzerland"},{"city":"Fully","state":"Valais","country":"Switzerland"},{"city":"Martigny","state":"Valais","country":"Switzerland"},{"city":"Monthey","state":"Valais","country":"Switzerland"},{"city":"Naters","state":"Valais","country":"Switzerland"},{"city":"Nendaz","state":"Valais","country":"Switzerland"},{"city":"Niederwald","state":"Valais","country":"Switzerland"},{"city":"Saviese","state":"Valais","country":"Switzerland"},{"city":"Sierre","state":"Valais","country":"Switzerland"},{"city":"Sion","state":"Valais","country":"Switzerland"},{"city":"Visp","state":"Valais","country":"Switzerland"},{"city":"Vouvry","state":"Valais","country":"Switzerland"},{"city":"Zermatt","state":"Valais","country":"Switzerland"},{"city":"Aigle","state":"Vaud","country":"Switzerland"},{"city":"Ballaigues","state":"Vaud","country":"Switzerland"},{"city":"Bex","state":"Vaud","country":"Switzerland"},{"city":"Blonay","state":"Vaud","country":"Switzerland"},{"city":"Bussigny","state":"Vaud","country":"Switzerland"},{"city":"Chavannes","state":"Vaud","country":"Switzerland"},{"city":"Crissier","state":"Vaud","country":"Switzerland"},{"city":"Ecublens","state":"Vaud","country":"Switzerland"},{"city":"Epalinges","state":"Vaud","country":"Switzerland"},{"city":"Gland","state":"Vaud","country":"Switzerland"},{"city":"La Tour-de-Peilz","state":"Vaud","country":"Switzerland"},{"city":"Lausanne","state":"Vaud","country":"Switzerland"},{"city":"Le Mont-sur-Lausanne","state":"Vaud","country":"Switzerland"},{"city":"Lucerne","state":"Vaud","country":"Switzerland"},{"city":"Lutry","state":"Vaud","country":"Switzerland"},{"city":"Montreux","state":"Vaud","country":"Switzerland"},{"city":"Morges","state":"Vaud","country":"Switzerland"},{"city":"Nyon","state":"Vaud","country":"Switzerland"},{"city":"Ollon","state":"Vaud","country":"Switzerland"},{"city":"Orbe","state":"Vaud","country":"Switzerland"},{"city":"Payerne","state":"Vaud","country":"Switzerland"},{"city":"Prilly","state":"Vaud","country":"Switzerland"},{"city":"Puidoux","state":"Vaud","country":"Switzerland"},{"city":"Pully","state":"Vaud","country":"Switzerland"},{"city":"Renens","state":"Vaud","country":"Switzerland"},{"city":"Romainmotier","state":"Vaud","country":"Switzerland"},{"city":"Saint Sulpice","state":"Vaud","country":"Switzerland"},{"city":"Vevey","state":"Vaud","country":"Switzerland"},{"city":"Yverdon","state":"Vaud","country":"Switzerland"},{"city":"Vauffelin","state":"Vauffelin","country":"Switzerland"},{"city":"Baar","state":"Zug","country":"Switzerland"},{"city":"Cham","state":"Zug","country":"Switzerland"},{"city":"Hunenberg","state":"Zug","country":"Switzerland"},{"city":"Menzingen","state":"Zug","country":"Switzerland"},{"city":"Neuheim","state":"Zug","country":"Switzerland"},{"city":"Oberageri","state":"Zug","country":"Switzerland"},{"city":"Risch","state":"Zug","country":"Switzerland"},{"city":"Risch-Rotkreuz","state":"Zug","country":"Switzerland"},{"city":"Steinhausen","state":"Zug","country":"Switzerland"},{"city":"Unterageri","state":"Zug","country":"Switzerland"},{"city":"Zug","state":"Zug","country":"Switzerland"},{"city":"Adliswil","state":"Zurich","country":"Switzerland"},{"city":"Affoltern","state":"Zurich","country":"Switzerland"},{"city":"Bachenbulach","state":"Zurich","country":"Switzerland"},{"city":"Bassersdorf","state":"Zurich","country":"Switzerland"},{"city":"Birmensdorf","state":"Zurich","country":"Switzerland"},{"city":"Bubikon","state":"Zurich","country":"Switzerland"},{"city":"Bulach","state":"Zurich","country":"Switzerland"},{"city":"Dielsdorf","state":"Zurich","country":"Switzerland"},{"city":"Dietikon","state":"Zurich","country":"Switzerland"},{"city":"Dietlikon","state":"Zurich","country":"Switzerland"},{"city":"Dubendorf","state":"Zurich","country":"Switzerland"},{"city":"Durnten","state":"Zurich","country":"Switzerland"},{"city":"Ebmatingen","state":"Zurich","country":"Switzerland"},{"city":"Egg","state":"Zurich","country":"Switzerland"},{"city":"Embrach","state":"Zurich","country":"Switzerland"},{"city":"Erlenbach","state":"Zurich","country":"Switzerland"},{"city":"Fallanden","state":"Zurich","country":"Switzerland"},{"city":"Fehraltdorf","state":"Zurich","country":"Switzerland"},{"city":"Geroldswil","state":"Zurich","country":"Switzerland"},{"city":"Gossau","state":"Zurich","country":"Switzerland"},{"city":"Greifensee","state":"Zurich","country":"Switzerland"},{"city":"Herrliberg","state":"Zurich","country":"Switzerland"},{"city":"Hinwil","state":"Zurich","country":"Switzerland"},{"city":"Hombrechtikon","state":"Zurich","country":"Switzerland"},{"city":"Horgen","state":"Zurich","country":"Switzerland"},{"city":"Illnau-Effretikon","state":"Zurich","country":"Switzerland"},{"city":"Kilchberg","state":"Zurich","country":"Switzerland"},{"city":"Kloten","state":"Zurich","country":"Switzerland"},{"city":"Kusnacht","state":"Zurich","country":"Switzerland"},{"city":"Langnau","state":"Zurich","country":"Switzerland"},{"city":"Mannedorf","state":"Zurich","country":"Switzerland"},{"city":"Maur","state":"Zurich","country":"Switzerland"},{"city":"Meilen","state":"Zurich","country":"Switzerland"},{"city":"Neftenbach","state":"Zurich","country":"Switzerland"},{"city":"Niederhasli","state":"Zurich","country":"Switzerland"},{"city":"Nurensdorf","state":"Zurich","country":"Switzerland"},{"city":"Oberengstringen","state":"Zurich","country":"Switzerland"},{"city":"Oberglatt","state":"Zurich","country":"Switzerland"},{"city":"Oberrieden","state":"Zurich","country":"Switzerland"},{"city":"Opfikon","state":"Zurich","country":"Switzerland"},{"city":"Pfaffikon","state":"Zurich","country":"Switzerland"},{"city":"Rafz","state":"Zurich","country":"Switzerland"},{"city":"Regensdorf","state":"Zurich","country":"Switzerland"},{"city":"Richterswil","state":"Zurich","country":"Switzerland"},{"city":"Rumlang","state":"Zurich","country":"Switzerland"},{"city":"Ruschlikon","state":"Zurich","country":"Switzerland"},{"city":"Ruti","state":"Zurich","country":"Switzerland"},{"city":"Schlieren","state":"Zurich","country":"Switzerland"},{"city":"Schwerzenbach","state":"Zurich","country":"Switzerland"},{"city":"Seuzach","state":"Zurich","country":"Switzerland"},{"city":"Stafa","state":"Zurich","country":"Switzerland"},{"city":"Thalwil","state":"Zurich","country":"Switzerland"},{"city":"Uetikon","state":"Zurich","country":"Switzerland"},{"city":"Urdorf","state":"Zurich","country":"Switzerland"},{"city":"Uster","state":"Zurich","country":"Switzerland"},{"city":"Volketswil","state":"Zurich","country":"Switzerland"},{"city":"Wadenswil","state":"Zurich","country":"Switzerland"},{"city":"Wald","state":"Zurich","country":"Switzerland"},{"city":"Wallisellen","state":"Zurich","country":"Switzerland"},{"city":"Wangen-Bruttisellen","state":"Zurich","country":"Switzerland"},{"city":"Weiningen","state":"Zurich","country":"Switzerland"},{"city":"Wetzikon","state":"Zurich","country":"Switzerland"},{"city":"Winterthur","state":"Zurich","country":"Switzerland"},{"city":"Zell","state":"Zurich","country":"Switzerland"},{"city":"Zollikon","state":"Zurich","country":"Switzerland"},{"city":"Zumikon","state":"Zurich","country":"Switzerland"},{"city":"Zurich","state":"Zurich","country":"Switzerland"}]