[{"city":"Arima","state":"Arima-Tunapuna-Piarco","country":"Trinidad And Tobago"},{"city":"Arouca","state":"Arima-Tunapuna-Piarco","country":"Trinidad And Tobago"},{"city":"Tacarigua","state":"Arima-Tunapuna-Piarco","country":"Trinidad And Tobago"},{"city":"Tunapuna","state":"Arima-Tunapuna-Piarco","country":"Trinidad And Tobago"},{"city":"Carapichaima","state":"Caroni","country":"Trinidad And Tobago"},{"city":"Claxton Bay","state":"Caroni","country":"Trinidad And Tobago"},{"city":"Chaguanas","state":"Chaguanas","country":"Trinidad And Tobago"},{"city":"Couva","state":"Couva-Tabaquite-Talparo","country":"Trinidad And Tobago"},{"city":"Tabaquite","state":"Couva-Tabaquite-Talparo","country":"Trinidad And Tobago"},{"city":"Glencoe","state":"Glencoe","country":"Trinidad And Tobago"},{"city":"Siparia","state":"Siparia","country":"Trinidad And Tobago"},{"city":"Scarborough","state":"Tobago","country":"Trinidad And Tobago"}]