[{"city":"Kabwe","state":"Central","country":"Zambia"},{"city":"Kapiri Mposhi","state":"Central","country":"Zambia"},{"city":"Mkushi","state":"Central","country":"Zambia"},{"city":"Mumbwa","state":"Central","country":"Zambia"},{"city":"Serenje","state":"Central","country":"Zambia"},{"city":"Chambishi","state":"Copperbelt","country":"Zambia"},{"city":"Chililabombwe","state":"Copperbelt","country":"Zambia"},{"city":"Chingola","state":"Copperbelt","country":"Zambia"},{"city":"Kalulushi","state":"Copperbelt","country":"Zambia"},{"city":"Kitwe","state":"Copperbelt","country":"Zambia"},{"city":"Luanshya","state":"Copperbelt","country":"Zambia"},{"city":"Mpongwe","state":"Copperbelt","country":"Zambia"},{"city":"Mufulira","state":"Copperbelt","country":"Zambia"},{"city":"Ndola","state":"Copperbelt","country":"Zambia"},{"city":"Chipata","state":"Eastern","country":"Zambia"},{"city":"Katete","state":"Eastern","country":"Zambia"},{"city":"Lundazi","state":"Eastern","country":"Zambia"},{"city":"Petauke","state":"Eastern","country":"Zambia"},{"city":"Mansa","state":"Luapala","country":"Zambia"},{"city":"Mwansabombwe","state":"Luapala","country":"Zambia"},{"city":"Nchelenge","state":"Luapala","country":"Zambia"},{"city":"Samfya","state":"Luapala","country":"Zambia"},{"city":"Chilanga","state":"Lusaka","country":"Zambia"},{"city":"Kafue","state":"Lusaka","country":"Zambia"},{"city":"Lusaka","state":"Lusaka","country":"Zambia"},{"city":"Kalengwa","state":"North-Western","country":"Zambia"},{"city":"Kansanshi","state":"North-Western","country":"Zambia"},{"city":"Mwinilunga","state":"North-Western","country":"Zambia"},{"city":"Solwezi","state":"North-Western","country":"Zambia"},{"city":"Zambezi","state":"North-Western","country":"Zambia"},{"city":"Chinsali","state":"Northern","country":"Zambia"},{"city":"Isoka","state":"Northern","country":"Zambia"},{"city":"Kasama","state":"Northern","country":"Zambia"},{"city":"Mbala","state":"Northern","country":"Zambia"},{"city":"Mpika","state":"Northern","country":"Zambia"},{"city":"Choma","state":"Southern","country":"Zambia"},{"city":"Itezhi-Tezhi","state":"Southern","country":"Zambia"},{"city":"Kalomo","state":"Southern","country":"Zambia"},{"city":"Livingstone","state":"Southern","country":"Zambia"},{"city":"Maamba","state":"Southern","country":"Zambia"},{"city":"Mazabuka","state":"Southern","country":"Zambia"},{"city":"Monze","state":"Southern","country":"Zambia"},{"city":"Nakambala","state":"Southern","country":"Zambia"},{"city":"Siavonga","state":"Southern","country":"Zambia"},{"city":"Kalabo","state":"Western","country":"Zambia"},{"city":"Kaoma","state":"Western","country":"Zambia"},{"city":"Limulunga","state":"Western","country":"Zambia"},{"city":"Mongu","state":"Western","country":"Zambia"},{"city":"Senanga","state":"Western","country":"Zambia"},{"city":"Sesheke","state":"Western","country":"Zambia"}]